graph_id,smiles,canonical_smiles,name,label,conflict,num_atoms
0,CC(C)NCC(O)COc1cccc2ccccc12.[Cl],CC(C)NCC(O)COc1cccc2ccccc12.[Cl],Propanolol,1,False,20
1,CC(C)(C)OC(=O)CCCc1ccc(N(CCCl)CCCl)cc1,CC(C)(C)OC(=O)CCCc1ccc(N(CCCl)CCCl)cc1,Terbutylchlorambucil,1,False,23
2,CC1COc2c(N3CCN(C)CC3)c(F)cc3c(=O)c(C(=O)O)cn1c23,CC1COc2c(N3CCN(C)CC3)c(F)cc3c(=O)c(C(=O)O)cn1c23,40730,1,False,26
3,CC(=O)NCCCOc1cccc(CN2CCCCC2)c1,CC(=O)NCCCOc1cccc(CN2CCCCC2)c1,24,1,False,21
4,Cc1onc(-c2ccccc2Cl)c1C(=O)N[C@@H]1C(=O)N2[C@@H]1SC(C)(C)[C@@H]2C(=O)O,Cc1onc(-c2ccccc2Cl)c1C(=O)N[C@@H]1C(=O)N2[C@@H]1SC(C)(C)[C@@H]2C(=O)O,cloxacillin,1,False,29
5,CCN1CCN(C(=O)N[C@@H](C(=O)N[C@@H]2C(=O)N3C(C(=O)O)=C(CSc4nnnn4C)CS[C@H]23)c2ccc(O)cc2)C(=O)C1=O,CCN1CCN(C(=O)N[C@@H](C(=O)N[C@@H]2C(=O)N3C(C(=O)O)=C(CSc4nnnn4C)CS[C@H]23)c2ccc(O)cc2)C(=O)C1=O,cefoperazone,1,False,44
6,CN(C)[C@@H]1C(=O)/C(=C(/O)NCN2CCCC2)C(=O)[C@@]2(O)C(=O)C3=C(O)c4c(O)cccc4[C@@](C)(O)[C@H]3C[C@@H]12,CN(C)[C@@H]1C(=O)/C(=C(/O)NCN2CCCC2)C(=O)[C@@]2(O)C(=O)C3=C(O)c4c(O)cccc4[C@@](C)(O)[C@H]3C[C@@H]12,rolitetracycline,1,False,38
7,Cc1nccn1CC1CCc2c(c3ccccc3n2C)C1=O,Cc1nccn1CC1CCc2c(c3ccccc3n2C)C1=O,ondansetron,1,False,22
8,COc1ccc([C@@H]2Sc3ccccc3N(CCN(C)C)C(=O)[C@@H]2OC(C)=O)cc1,COc1ccc([C@@H]2Sc3ccccc3N(CCN(C)C)C(=O)[C@@H]2OC(C)=O)cc1,diltiazem,1,False,29
9,NC(N)=NC(=O)c1nc(Cl)c(N)nc1N,NC(N)=NC(=O)c1nc(Cl)c(N)nc1N,Amiloride,1,False,15
10,CN1Cc2c(-c3noc(C(C)(O)CO)n3)ncn2-c2cccc(Cl)c2C1=O,CN1Cc2c(-c3noc(C(C)(O)CO)n3)ncn2-c2cccc(Cl)c2C1=O,M2L-663581,0,False,27
11,Cc1cn([C@H]2C[C@H](F)[C@@H](CO)O2)c(=O)[nH]c1=O,Cc1cn([C@H]2C[C@H](F)[C@@H](CO)O2)c(=O)[nH]c1=O,alovudine,1,False,17
12,ClCCl,ClCCl,18,1,False,3
13,CC(C)(C)NC(=O)C1CC2CCCCC2CN1CC(O)C(Cc1ccccc1)NC(=O)C(CC(N)=O)NC(=O)c1ccc2ccccc2n1,CC(C)(C)NC(=O)C1CC2CCCCC2CN1CC(O)C(Cc1ccccc1)NC(=O)C(CC(N)=O)NC(=O)c1ccc2ccccc2n1,24959,1,False,49
14,CCC(=O)C(CC(C)N(C)C)(c1ccccc1)c1ccccc1,CCC(=O)C(CC(C)N(C)C)(c1ccccc1)c1ccccc1,methadone,1,False,23
15,CCC(=O)N(c1ccccc1)C1(COC)CCN(CCn2nnn(CC)c2=O)CC1,CCC(=O)N(c1ccccc1)C1(COC)CCN(CCn2nnn(CC)c2=O)CC1,alfentanil,1,False,30
16,CN(C)C(=O)C(CCN1CCC(O)(c2ccc(Cl)cc2)CC1)(c1ccccc1)c1ccccc1,CN(C)C(=O)C(CCN1CCC(O)(c2ccc(Cl)cc2)CC1)(c1ccccc1)c1ccccc1,BRL53080,-1,True,34
17,CN1C2CCC1CC(OC(=O)[C@H](CO)c1ccccc1)C2,CN1C2CCC1CC(OC(=O)[C@H](CO)c1ccccc1)C2,hyoscyamine,1,False,21
18,COc1ccc(Cl)cc1C(=O)NCCc1ccc(S(=O)(=O)NC(=O)NC2CCCCC2)cc1,COc1ccc(Cl)cc1C(=O)NCCc1ccc(S(=O)(=O)NC(=O)NC2CCCCC2)cc1,glyburide,1,False,33
19,Nc1nnc(-c2cccc(Cl)c2Cl)c(N)n1,Nc1nnc(-c2cccc(Cl)c2Cl)c(N)n1,lamotrigine,1,False,16
20,CCCC(C)C,CCCC(C)C,2-Methylpentane,1,False,6
21,C[C@H](N)Cc1ccccc1,C[C@H](N)Cc1ccccc1,Dexamfetamine,1,False,10
22,CN(C)Cc1ccc(CSCCNc2nc(=O)c(Cc3ccc4ccccc4c3)c[nH]2)o1,CN(C)Cc1ccc(CSCCNc2nc(=O)c(Cc3ccc4ccccc4c3)c[nH]2)o1,SKF-93619,0,False,32
23,CC(C)(C)NCC(O)COc1cccc2c1C[C@H](O)[C@H](O)C2,CC(C)(C)NCC(O)COc1cccc2c1C[C@H](O)[C@H](O)C2,nadolol,1,False,22
24,CCC(=O)N(c1ccccc1)C1(COC)CCN(CCc2cccs2)CC1,CCC(=O)N(c1ccccc1)C1(COC)CCN(CCc2cccs2)CC1,sufentanil,1,False,27
25,CCNC(=NC#N)NCCSCc1ncccc1Br,CCNC(=NC#N)NCCSCc1ncccc1Br,12,0,False,19
26,Cc1ccc(-c2nc3ccc(C)cn3c2CC(=O)N(C)C)cc1,Cc1ccc(-c2nc3ccc(C)cn3c2CC(=O)N(C)C)cc1,zolpidem,1,False,23
27,CN1CCN(C2=c3ccccc3=Nc3ccc(Cl)cc3N2)CC1,CN1CCN(C2=c3ccccc3=Nc3ccc(Cl)cc3N2)CC1,clozapine,1,False,23
28,FC(F)(F)c1ccc(N2CCNCC2)nc1Cl,FC(F)(F)c1ccc(N2CCNCC2)nc1Cl,Org12692,1,False,17
29,CCN1CCN(C(=O)N[C@@H](C(=O)N[C@@H]2C(=O)N3[C@@H]2SC(C)(C)[C@@H]3C(=O)O)c2ccccc2)C(=O)C1=O.O,CCN1CCN(C(=O)N[C@@H](C(=O)N[C@@H]2C(=O)N3[C@@H]2SC(C)(C)[C@@H]3C(=O)O)c2ccccc2)C(=O)C1=O.O,piperacillin,1,False,37
30,CCCC(C)C1(CC)C(=O)NC(=O)NC1=O,CCCC(C)C1(CC)C(=O)NC(=O)NC1=O,Pentobarbital,1,False,16
31,C[C@H]1COc2c(N3CCN(C)CC3)c(F)cc3c(=O)c(C(=O)O)cn1c23,C[C@H]1COc2c(N3CCN(C)CC3)c(F)cc3c(=O)c(C(=O)O)cn1c23,Levofloxacin,1,False,26
32,O=C(NCCCOc1cccc(CN2CCCCC2)c1)c1ccccc1,O=C(NCCCOc1cccc(CN2CCCCC2)c1)c1ccccc1,compound 40,1,False,26
33,CN1Cc2c(C(=O)OC(C)(C)C)ncn2-c2ccsc2C1=O,CN1Cc2c(C(=O)OC(C)(C)C)ncn2-c2ccsc2C1=O,RO19-4603,1,False,22
34,CCC(=O)N(c1ccccc1)C1CCN(CCc2ccccc2)CC1,CCC(=O)N(c1ccccc1)C1CCN(CCc2ccccc2)CC1,fentanyl,1,False,25
35,CCOC(=O)c1cncn1C(C)c1ccccc1,CCOC(=O)c1cncn1C(C)c1ccccc1,etomidate,1,False,18
36,CN(C)c1cc(-c2nc(N)n[nH]2)ccn1,CN(C)c1cc(-c2nc(N)n[nH]2)ccn1,11a,0,False,15
37,CN1CCN(CCCN2c3ccccc3Sc3ccc(Cl)cc32)CC1,CN1CCN(CCCN2c3ccccc3Sc3ccc(Cl)cc32)CC1,prochlorperazine,1,False,25
38,Nc1ccc(-c2nc3ccc(O)cc3s2)cc1I,Nc1ccc(-c2nc3ccc(O)cc3s2)cc1I,2-(3'-Iodo-4'-aminophenyl)-6-hydroxybenzothiazole,1,False,18
39,CC(=O)Nc1cccc(-c2csc(N=C(N)N)n2)c1,CC(=O)Nc1cccc(-c2csc(N=C(N)N)n2)c1,compound 34,0,False,19
40,CN1[C@@H]2CCC[C@H]1CC(NC(=O)c1nn(C)c3ccccc13)C2,CN1[C@@H]2CCC[C@H]1CC(NC(=O)c1nn(C)c3ccccc13)C2,granisetron,1,False,23
41,CS(=O)(=O)c1ccc([C@@H](O)[C@@H](CO)NC(=O)C(Cl)Cl)cc1,CS(=O)(=O)c1ccc([C@@H](O)[C@@H](CO)NC(=O)C(Cl)Cl)cc1,thiamphenicol,1,False,21
42,NC(N)=Nc1nc(-c2ccccc2)cs1,NC(N)=Nc1nc(-c2ccccc2)cs1,16,1,False,15
43,Cc1cccc(C)c1OCC(C)N,Cc1cccc(C)c1OCC(C)N,mexiletine,1,False,13
44,CCC(=O)O[C@](Cc1ccccc1)(c1ccccc1)[C@H](C)CN(C)C,CCC(=O)O[C@](Cc1ccccc1)(c1ccccc1)[C@H](C)CN(C)C,dextropropoxyphene,1,False,25
45,CNCCCN1c2ccccc2Sc2ccc(Cl)cc21,CNCCCN1c2ccccc2Sc2ccc(Cl)cc21,Nor-1-chlorpromazine,1,False,20
46,CN(C)Cc1ccc(-c2cccc(NC3N=CC=C3[N+](=O)[O-])c2)o1,CN(C)Cc1ccc(-c2cccc(NC3N=CC=C3[N+](=O)[O-])c2)o1,compound 37,1,False,24
47,Cn1nnnc1SCC1=C(C(=O)O)N2C(=O)[C@@H](NC(=O)[C@H](O)c3ccccc3)[C@H]2SC1,Cn1nnnc1SCC1=C(C(=O)O)N2C(=O)[C@@H](NC(=O)[C@H](O)c3ccccc3)[C@H]2SC1,cefamandole,1,False,31
48,CN(C)CCc1ccccn1,CN(C)CCc1ccccn1,Y-G 15,1,False,11
49,O=C1CCCN1CCCCN1CCN(c2cc(C(F)(F)F)ccn2)CC1,O=C1CCCN1CCCCN1CCN(c2cc(C(F)(F)F)ccn2)CC1,Org13011,1,False,26
50,C=C[C@H]1CN2CC[C@H]1C[C@@H]2[C@@H](O)c1ccnc2ccc(OC)cc12,C=C[C@H]1CN2CC[C@H]1C[C@@H]2[C@@H](O)c1ccnc2ccc(OC)cc12,Quinidine,1,False,24
51,CCc1ccccc1,CCc1ccccc1,38480,1,False,8
52,NC(N)=Nc1nc(-c2cccc(N)c2)cs1,NC(N)=Nc1nc(-c2cccc(N)c2)cs1,17,1,False,16
53,CC[C@]1(O)C[C@H]2CN(CCc3c([nH]c4ccccc34)[C@@](C(=O)OC)(c3cc4c(cc3OC)N(C)[C@H]3[C@@](O)(C(=O)OC)[C@H](OC(C)=O)[C@]5(CC)C=CCN6CC[C@]43[C@@H]65)C2)C1,CC[C@]1(O)C[C@H]2CN(CCc3c([nH]c4ccccc34)[C@@](C(=O)OC)(c3cc4c(cc3OC)N(C)[C@H]3[C@@](O)(C(=O)OC)[C@H](OC(C)=O)[C@]5(CC)C=CCN6CC[C@]43[C@@H]65)C2)C1,vinblastine,1,False,59
54,CCCC(=O)Nc1ccc(OCC(O)CNC(C)C)c(C(C)=O)c1,CCCC(=O)Nc1ccc(OCC(O)CNC(C)C)c(C(C)=O)c1,Bacitracin,1,False,24
55,NCCCN1c2ccccc2Sc2ccc(Cl)cc21,NCCCN1c2ccccc2Sc2ccc(Cl)cc21,Nor-2-chlorpromazine,1,False,19
56,CN(C)Cc1ccc(CSCCNc2[nH]cc(Cc3ccccc3)c2[N+](=O)[O-])o1,CN(C)Cc1ccc(CSCCNc2[nH]cc(Cc3ccccc3)c2[N+](=O)[O-])o1,compound 36,1,False,29
57,CNC(=NC#N)Nc1cccc(-c2csc(N=C(N)N)n2)c1,CNC(=NC#N)Nc1cccc(-c2csc(N=C(N)N)n2)c1,19,0,False,22
58,CNCCc1ccccn1,CNCCc1ccccn1,Y-G 14,1,False,10
59,CN[C@H]1CC[C@@H](c2ccc(Cl)c(Cl)c2)c2ccccc21.[Cl-].[H+],CN[C@H]1CC[C@@H](c2ccc(Cl)c(Cl)c2)c2ccccc21.[Cl-].[H+],sertraline,1,False,22
60,CC[C@]1(O)C[C@H]2CN(CCc3c([nH]c4ccccc34)[C@@](C(=O)OC)(c3cc4c(cc3OC)N(C=O)[C@H]3[C@@](O)(C(=O)OC)[C@H](OC(C)=O)[C@]5(CC)C=CCN6CC[C@]43[C@@H]65)C2)C1,CC[C@]1(O)C[C@H]2CN(CCc3c([nH]c4ccccc34)[C@@](C(=O)OC)(c3cc4c(cc3OC)N(C=O)[C@H]3[C@@](O)(C(=O)OC)[C@H](OC(C)=O)[C@]5(CC)C=CCN6CC[C@]43[C@@H]65)C2)C1,vincristine,1,False,60
61,CCC(NC(=O)c1c(C)c(-c2ccccc2)nc2ccccc12)c1ccccc1,CCC(NC(=O)c1c(C)c(-c2ccccc2)nc2ccccc12)c1ccccc1,SB-222200,1,False,29
62,O=S(=O)(c1ccc2cc[nH]c2c1)N1CCCC1CCN1CCC(Oc2cccc(Cl)c2)CC1,O=S(=O)(c1ccc2cc[nH]c2c1)N1CCCC1CCN1CCC(Oc2cccc(Cl)c2)CC1,SB-656104-A,1,False,33
63,CN(C)Cc1ccnc(-c2cccc(NC3N=CC=C3[N+](=O)[O-])c2)c1,CN(C)Cc1ccnc(-c2cccc(NC3N=CC=C3[N+](=O)[O-])c2)c1,compound 38,1,False,25
64,CNCCCC12CCC(c3ccccc31)c1ccccc12,CNCCCC12CCC(c3ccccc31)c1ccccc12,maprotiline,1,False,21
65,c1cc(CN2CCCCC2)cc(OCCCNc2nccs2)c1,c1cc(CN2CCCCC2)cc(OCCCNc2nccs2)c1,compound 43,1,False,23
66,CN1Cc2c(-c3noc(C(C)(C)O)n3)ncn2-c2cccc(Cl)c2C1=O,CN1Cc2c(-c3noc(C(C)(C)O)n3)ncn2-c2cccc(Cl)c2C1=O,MIL-663581,0,False,26
67,CO/N=C(\C(=O)N[C@H]1C(=O)N2C(C(=O)[O-])=C(COC(C)=O)CS[C@@H]12)c1csc(N)n1.[Na+],CO/N=C(\C(=O)N[C@H]1C(=O)N2C(C(=O)[O-])=C(COC(C)=O)CS[C@@H]12)c1csc(N)n1.[Na+],cefotaxime,1,False,31
68,NC(=O)N1c2ccccc2C2OC2c2ccccc21,NC(=O)N1c2ccccc2C2OC2c2ccccc21,carbamazepine-10,1,False,19
69,C1CCCCC1,C1CCCCC1,Cyclohexane,1,False,6
70,Cc1csc(N=C(N)N)n1,Cc1csc(N=C(N)N)n1,2,1,False,10
71,CCCN(CCC)CCc1ccc(O)c2c1CC(=O)N2,CCCN(CCC)CCc1ccc(O)c2c1CC(=O)N2,SKF89124,1,False,20
72,CN1CC2c3ccccc3Oc3ccc(Cl)cc3C2C1,CN1CC2c3ccccc3Oc3ccc(Cl)cc3C2C1,Org5222,1,False,20
73,CN(C)Cc1ccc(CSCCNC2N=CC=C2[N+](=O)[O-])o1,CN(C)Cc1ccc(CSCCNC2N=CC=C2[N+](=O)[O-])o1,compound 35,0,False,22
74,CO/N=C(\C(=O)N[C@@H]1C(=O)N2C(C(=O)O)=C(COC(N)=O)CS[C@H]12)c1ccco1,CO/N=C(\C(=O)N[C@@H]1C(=O)N2C(C(=O)O)=C(COC(N)=O)CS[C@H]12)c1ccco1,cefuroxime,1,False,29
75,c1cc(CN2CCCCC2)cc(OCCCNc2nc3ccccc3o2)c1,c1cc(CN2CCCCC2)cc(OCCCNc2nc3ccccc3o2)c1,compound 45,1,False,27
76,Cc1cccc2c1Oc1ccccc1C1(O)CCN(C)CC21,Cc1cccc2c1Oc1ccccc1C1(O)CCN(C)CC21,Org4428,1,False,22
77,O=[N+]([O-])C1=CC=NC1NCCSCc1ccccn1,O=[N+]([O-])C1=CC=NC1NCCSCc1ccccn1,compound 32,1,False,19
78,CCCSc1ccc2[nH]c(NC(=O)OC)nc2c1,CCCSc1ccc2[nH]c(NC(=O)OC)nc2c1,Bretyliumtosilate,1,False,18
79,NCCc1cn2ccccc2n1,NCCc1cn2ccccc2n1,Y-G 20,0,False,12
80,Cc1ncc([N+](=O)[O-])n1CC(O)CCl,Cc1ncc([N+](=O)[O-])n1CC(O)CCl,ornidazole,1,False,14
81,CCCN(CCC)CCc1cccc2c1CC(=O)N2,CCCN(CCC)CCc1cccc2c1CC(=O)N2,SKF101468,1,False,19
82,Clc1ccc2c(c1)C1CNCC1c1ccccc1O2,Clc1ccc2c(c1)C1CNCC1c1ccccc1O2,Org30526,1,False,19
83,CN(C)CCC=C1c2ccccc2CCc2ccccc21,CN(C)CCC=C1c2ccccc2CCc2ccccc21,36,1,False,21
84,CO/N=C(\C(=O)N[C@@H]1C(=O)N2C(C(=O)O)=C(CSc3nc(=O)c(=O)[nH]n3C)CS[C@H]12)c1csc(N)n1,CO/N=C(\C(=O)N[C@@H]1C(=O)N2C(C(=O)O)=C(CSc3nc(=O)c(=O)[nH]n3C)CS[C@H]12)c1csc(N)n1,ceftriaxone,1,False,36
85,c1ccc(NCCCOc2cccc(CN3CCCCC3)c2)nc1,c1ccc(NCCCOc2cccc(CN3CCCCC3)c2)nc1,compound 42,1,False,24
86,Cc1cccc2c1Oc1ccccc1C1(O)CCNCC21,Cc1cccc2c1Oc1ccccc1C1(O)CCNCC21,Org32104,1,False,21
87,O=[N+]([O-])C1=CC=NC1NCCSCc1ncccc1Br,O=[N+]([O-])C1=CC=NC1NCCSCc1ncccc1Br,compound 31,1,False,20
88,COc1cc2c(c(OC)c1OC)-c1ccc(OC)c(=O)cc1C(NC(C)=O)CC2,COc1cc2c(c(OC)c1OC)-c1ccc(OC)c(=O)cc1C(NC(C)=O)CC2,SB204457,1,False,29
89,OCCCOc1cccc(CN2CCCCC2)c1,OCCCOc1cccc(CN2CCCCC2)c1,compound 41,1,False,18
90,Cc1ncsc1CCCl,Cc1ncsc1CCCl,clomethiazole,1,False,9
91,CCN(CC)C(=O)Nc1ccc(OCC(O)CNC(C)(C)C)c(C(C)=O)c1,CCN(CC)C(=O)Nc1ccc(OCC(O)CNC(C)(C)C)c(C(C)=O)c1,celiprolol,1,False,27
92,FC(F)(F)CCl,FC(F)(F)CCl,"""1,1,1-Trifluro-2-chloroethane""",1,False,6
93,CC(C)c1nc(-c2ncn3c2CN(C)C(=O)c2c(Cl)cccc2-3)no1,CC(C)c1nc(-c2ncn3c2CN(C)C(=O)c2c(Cl)cccc2-3)no1,33,1,False,25
94,CO[C@@]1(NC(=O)Cc2cccs2)C(=O)N2C(C(=O)O)=C(COC(N)=O)CS[C@@H]21,CO[C@@]1(NC(=O)Cc2cccs2)C(=O)N2C(C(=O)O)=C(COC(N)=O)CS[C@@H]21,cefoxitin,1,False,28
95,C=CCC(N)c1ccccc1-c1noc2ccccc12,C=CCC(N)c1ccccc1-c1noc2ccccc12,Org34167,1,False,20
96,Cc1nc2n(c(=O)c1CCN1CCC(c3noc4cc(F)ccc34)CC1)CCCC2O,Cc1nc2n(c(=O)c1CCN1CCC(c3noc4cc(F)ccc34)CC1)CCCC2O,9-OH Risperidone,1,False,31
97,CC(=O)Nc1ccc(O)cc1,CC(=O)Nc1ccc(O)cc1,acetaminophen,1,False,11
98,CC(=O)Oc1ccccc1C(=O)O,CC(=O)Oc1ccccc1C(=O)O,acetylsalicylate,-1,True,13
99,O=c1ncnc2[nH][nH]cc1-2,O=c1ncnc2[nH][nH]cc1-2,allopurinol,0,False,10
100,CCCCC[C@H](O)/C=C/[C@H]1[C@H](O)CC(=O)[C@@H]1CCCCCCC(=O)O,CCCCC[C@H](O)/C=C/[C@H]1[C@H](O)CC(=O)[C@@H]1CCCCCCC(=O)O,Alprostadil,0,False,25
101,Cn1c(=O)c2[nH]cnc2n(C)c1=O.Cn1c(=O)c2[nH]cnc2n(C)c1=O.NCCN,Cn1c(=O)c2[nH]cnc2n(C)c1=O.Cn1c(=O)c2[nH]cnc2n(C)c1=O.NCCN,aminophylline,0,False,30
102,CCCCc1oc2ccccc2c1C(=O)c1cc(I)c(OCCN(CC)CC)c(I)c1,CCCCc1oc2ccccc2c1C(=O)c1cc(I)c(OCCN(CC)CC)c(I)c1,Amiodarone,0,False,31
103,CC1(C)S[C@@H]2[C@H](NC(=O)[C@H](N)c3ccc(O)cc3)C(=O)N2[C@H]1C(=O)O.O.O.O,CC1(C)S[C@@H]2[C@H](NC(=O)[C@H](N)c3ccc(O)cc3)C(=O)N2[C@H]1C(=O)O.O.O.O,amoxicillin,0,False,28
104,CC1(C)S[C@@H]2[C@H](NC(=O)[C@H](N)c3ccccc3)C(=O)N2[C@H]1C(=O)O,CC1(C)S[C@@H]2[C@H](NC(=O)[C@H](N)c3ccccc3)C(=O)N2[C@H]1C(=O)O,ampicillin,0,False,24
105,C[C@]12CCC(=O)C=C1CC[C@@H]1[C@@H]2CC[C@@]2(C)[C@H]1CC[C@]2(C)O,C[C@]12CCC(=O)C=C1CC[C@@H]1[C@@H]2CC[C@@]2(C)[C@H]1CC[C@]2(C)O,androsan,0,False,22
106,FC(F)(F)c1ccc2c(c1)N(CCCN1CCN(CCC3OCCCO3)CC1)c1ccccc1S2.O=C(O)CCC(=O)O,FC(F)(F)c1ccc2c(c1)N(CCCN1CCN(CCC3OCCCO3)CC1)c1ccccc1S2.O=C(O)CCC(=O)O,oxaflumazine,1,False,43
107,O=C1Nc2ccc(Cl)cc2C(c2ccccc2)=NC1O,O=C1Nc2ccc(Cl)cc2C(c2ccccc2)=NC1O,oxazepam,1,False,20
108,O=c1[nH]c2ccccc2n1C1CCN(CCOc2ccccc2)CC1,O=c1[nH]c2ccccc2n1C1CCN(CCOc2ccccc2)CC1,oxiperomide,1,False,25
109,COc1ccc2c3c1O[C@H]1C(=O)CC[C@@]4(O)[C@@H](C2)N(C)CC[C@]314,COc1ccc2c3c1O[C@H]1C(=O)CC[C@@]4(O)[C@@H](C2)N(C)CC[C@]314,oxycodone,1,False,23
110,CN1CC[C@]23c4c5ccc(O)c4O[C@H]2C(=O)CC[C@@]3(O)[C@H]1C5,CN1CC[C@]23c4c5ccc(O)c4O[C@H]2C(=O)CC[C@@]3(O)[C@H]1C5,oxymorphone,1,False,22
111,CN1CCCC(CN2c3ccccc3Sc3ccccc32)C1,CN1CCCC(CN2c3ccccc3Sc3ccccc32)C1,pecazine,1,False,22
112,NC1=NC(=O)C(c2ccccc2)O1,NC1=NC(=O)C(c2ccccc2)O1,pemoline,1,False,13
113,CC(C)=CCN1CC[C@@]2(C)c3cc(O)ccc3C[C@@H]1[C@H]2C,CC(C)=CCN1CC[C@@]2(C)c3cc(O)ccc3C[C@@H]1[C@H]2C,pentazocine,1,False,21
114,CCc1cc(C(N)=S)ccn1,CCc1cc(C(N)=S)ccn1,Ethionamide,1,False,11
115,COc1cc([C@@H]2c3cc4c(cc3[C@@H](O[C@@H]3O[C@@H]5CO[C@@H](C)O[C@H]5[C@H](O)[C@H]3O)C3COC(=O)[C@@H]32)OCO4)cc(OC)c1O,COc1cc([C@@H]2c3cc4c(cc3[C@@H](O[C@@H]3O[C@@H]5CO[C@@H](C)O[C@H]5[C@H](O)[C@H]3O)C3COC(=O)[C@@H]32)OCO4)cc(OC)c1O,Etoposide,0,False,42
116,NC(N)=Nc1nc(CSCCC(N)=NS(N)(=O)=O)cs1,NC(N)=Nc1nc(CSCCC(N)=NS(N)(=O)=O)cs1,Famotidine,1,False,20
117,OC(Cn1cncn1)(Cn1cncn1)c1ccc(F)cc1F,OC(Cn1cncn1)(Cn1cncn1)c1ccc(F)cc1F,Fluconazole,1,False,22
118,O=C([O-])P(=O)([O-])[O-].[Na+].[Na+].[Na+],O=C([O-])P(=O)([O-])[O-].[Na+].[Na+].[Na+],Foscarnetsodium,1,False,10
119,NCC1(CC(=O)O)CCCCC1,NCC1(CC(=O)O)CCCCC1,Gabapentin,1,False,12
120,CCOc1ccc2ccccc2c1C(=O)N[C@@H]1C(=O)N2[C@@H]1SC(C)(C)[C@@H]2C(=O)[O-].[Na+],CCOc1ccc2ccccc2c1C(=O)N[C@@H]1C(=O)N2[C@@H]1SC(C)(C)[C@@H]2C(=O)[O-].[Na+],Nafcillin,0,False,30
121,CCn1cc(C(=O)O)c(=O)c2ccc(C)nc21,CCn1cc(C(=O)O)c(=O)c2ccc(C)nc21,Nalidixicacid,0,False,17
122,Cc1c(O)cccc1C(=O)N[C@@H](CSc1ccccc1)[C@H](O)CN1C[C@H]2CCCC[C@H]2C[C@H]1C(=O)NC(C)(C)C,Cc1c(O)cccc1C(=O)N[C@@H](CSc1ccccc1)[C@H](O)CN1C[C@H]2CCCC[C@H]2C[C@H]1C(=O)NC(C)(C)C,Nelfinavir,0,False,40
123,COc1ccc(CCN2CCC(Nc3nc4ccccc4n3Cc3ccc(F)cc3)CC2)cc1,COc1ccc(CCN2CCC(Nc3nc4ccccc4n3Cc3ccc(F)cc3)CC2)cc1,Astemizole,0,False,34
124,CN1C2CCC1CC(OC(=O)C(CO)c1ccccc1)C2,CN1C2CCC1CC(OC(=O)C(CO)c1ccccc1)C2,atropine,-1,True,21
125,CN(C)[C@@H]1C(=O)/C(=C(\N)O)C(=O)[C@@]2(O)C(=O)C3=C(O)c4c(O)ccc(Cl)c4[C@@](C)(O)[C@H]3C[C@@H]12.[Cl-].[H+],CN(C)[C@@H]1C(=O)/C(=C(\N)O)C(=O)[C@@]2(O)C(=O)C3=C(O)c4c(O)ccc(Cl)c4[C@@](C)(O)[C@H]3C[C@@H]12.[Cl-].[H+],Auxeomycin,0,False,35
126,C[C@H]1C[C@H]2[C@@H]3CCC4=CC(=O)C=C[C@]4(C)[C@@]3(F)[C@@H](O)C[C@]2(C)[C@@]1(O)C(=O)CO,C[C@H]1C[C@H]2[C@@H]3CCC4=CC(=O)C=C[C@]4(C)[C@@]3(F)[C@@H](O)C[C@]2(C)[C@@]1(O)C(=O)CO,Betamethasone,0,False,28
127,CC1(C)S[C@@H]2[C@H](NC(=O)C(C(=O)O)c3ccccc3)C(=O)N2[C@H]1C(=O)O,CC1(C)S[C@@H]2[C@H](NC(=O)C(C(=O)O)c3ccccc3)C(=O)N2[C@H]1C(=O)O,carbenicillin,0,False,26
128,C[C@@](Cc1ccc(O)c(O)c1)(NN)C(=O)O,C[C@@](Cc1ccc(O)c(O)c1)(NN)C(=O)O,carbidopa,0,False,16
129,CC(C)(C)NCC(O)COc1cccc2c1CCC(=O)N2,CC(C)(C)NCC(O)COc1cccc2c1CCC(=O)N2,carteolol,0,False,21
130,Cc1nnc(SCC2=C(C(=O)[O-])N3C(=O)[C@@H](NC(=O)Cn4cnnn4)[C@H]3SC2)s1.[Na+],Cc1nnc(SCC2=C(C(=O)[O-])N3C(=O)[C@@H](NC(=O)Cn4cnnn4)[C@H]3SC2)s1.[Na+],Cefazolin,0,False,30
131,CC(=O)OCC1=C(C(=O)O)N2C(=O)[C@@H](NC(=O)CSc3ccncc3)[C@H]2SC1,CC(=O)OCC1=C(C(=O)O)N2C(=O)[C@@H](NC(=O)CSc3ccncc3)[C@H]2SC1,cephapirin,0,False,28
132,O=C(O)CCCc1ccc(N(CCCl)CCCl)cc1,O=C(O)CCCc1ccc(N(CCCl)CCCl)cc1,chlorambucil,0,False,19
133,CCCN1C[C@H](CSC)C[C@@H]2c3cccc4[nH]cc(c34)C[C@H]21,CCCN1C[C@H](CSC)C[C@@H]2c3cccc4[nH]cc(c34)C[C@H]21,pergolide,1,False,22
134,CN1CCN(C2=Nc3ccccc3Cc3ccccc32)CC1,CN1CCN(C2=Nc3ccccc3Cc3ccccc32)CC1,perlapine,1,False,22
135,OCCN1CCN(CCCN2c3ccccc3Sc3ccc(Cl)cc32)CC1,OCCN1CCN(CCCN2c3ccccc3Sc3ccc(Cl)cc32)CC1,perphenazine-HCl,1,False,27
136,CCOC(=O)C1(c2ccccc2)CCN(C)CC1,CCOC(=O)C1(c2ccccc2)CCN(C)CC1,pethidine,1,False,18
137,c1ccc(C2(N3CCCCC3)CCCCC2)cc1,c1ccc(C2(N3CCCCC3)CCCCC2)cc1,phencyclidine,1,False,18
138,NNCCc1ccccc1.O=S(=O)(O)O,NNCCc1ccccc1.O=S(=O)(O)O,phenelzine sulfate,1,False,15
139,CCC1(c2ccccc2)C(=O)NC(=O)NC1=O,CCC1(c2ccccc2)C(=O)NC(=O)NC1=O,phenobarbital,1,False,17
140,NC(=O)OCCCc1ccccc1,NC(=O)OCCCc1ccccc1,phenprobamate,1,False,13
141,CNC(=O)Oc1ccc2c(c1)[C@]1(C)CCN(C)[C@@H]1N2C,CNC(=O)Oc1ccc2c(c1)[C@]1(C)CCN(C)[C@@H]1N2C,physostigmine,1,False,20
142,NCC(O)c1ccc(O)c(O)c1,NCC(O)c1ccc(O)c(O)c1,Norepinephrine,0,False,12
143,COc1ccc2nc(S(=O)Cc3ncc(C)c(OC)c3C)[nH]c2c1,COc1ccc2nc(S(=O)Cc3ncc(C)c(OC)c3C)[nH]c2c1,Omeprazole,0,False,24
144,Cc1onc(-c2ccccc2)c1C(=O)N[C@@H]1C(=O)N2[C@@H]1SC(C)(C)[C@@H]2C(=O)O,Cc1onc(-c2ccccc2)c1C(=O)N[C@@H]1C(=O)N2[C@@H]1SC(C)(C)[C@@H]2C(=O)O,Oxacillin,0,False,28
145,OC[C@H]1O[C@@H](n2cnc3c2NC=NC[C@H]3O)C[C@@H]1O,OC[C@H]1O[C@@H](n2cnc3c2NC=NC[C@H]3O)C[C@@H]1O,Pentostatin,1,False,19
146,CC1(C)S[C@@H]2[C@H](NC(=O)COc3ccccc3)C(=O)N2[C@H]1C(=O)[O-],CC1(C)S[C@@H]2[C@H](NC(=O)COc3ccccc3)C(=O)N2[C@H]1C(=O)[O-],Phenoxymethylpenicillin,0,False,24
147,O=C(NC(CO)C(O)c1ccc([N+](=O)[O-])cc1)C(Cl)Cl,O=C(NC(CO)C(O)c1ccc([N+](=O)[O-])cc1)C(Cl)Cl,chloramphenicol,0,False,20
148,NS(=O)(=O)c1cc2c(cc1Cl)NC=NS2(=O)=O,NS(=O)(=O)c1cc2c(cc1Cl)NC=NS2(=O)=O,chlorothiazide,0,False,17
149,CCCNC(=O)NS(=O)(=O)c1ccc(Cl)cc1,CCCNC(=O)NS(=O)(=O)c1ccc(Cl)cc1,chlorpropamide,0,False,17
150,CN(C)[C@@H]1C(=O)/C(=C(\N)O)C(=O)[C@@]2(O)C(=O)C3=C(O)c4c(O)ccc(Cl)c4[C@@](C)(O)[C@H]3C[C@@H]12,CN(C)[C@@H]1C(=O)/C(=C(\N)O)C(=O)[C@@]2(O)C(=O)C3=C(O)c4c(O)ccc(Cl)c4[C@@](C)(O)[C@H]3C[C@@H]12,Chlortetracycline,0,False,33
151,NS(=O)(=O)c1cc(C2(O)NC(=O)c3ccccc32)ccc1Cl,NS(=O)(=O)c1cc(C2(O)NC(=O)c3ccccc32)ccc1Cl,chlorthalidone,0,False,22
152,CCOC(=O)C(C)(C)Oc1ccc(Cl)cc1,CCOC(=O)C(C)(C)Oc1ccc(Cl)cc1,clofibrate,0,False,16
153,CC(C)(Oc1ccc(Cl)cc1)C(=O)O,CC(C)(Oc1ccc(Cl)cc1)C(=O)O,clofibric acid,0,False,14
154,Clc1ccccc1C(c1ccccc1)(c1ccccc1)n1ccnc1,Clc1ccccc1C(c1ccccc1)(c1ccccc1)n1ccnc1,clotrimazole,0,False,25
155,C[C@]12C[C@H](O)[C@H]3[C@@H](CCC4=CC(=O)CC[C@@]43C)[C@@H]1CC[C@@H]2C(=O)CO,C[C@]12C[C@H](O)[C@H]3[C@@H](CCC4=CC(=O)CC[C@@]43C)[C@@H]1CC[C@@H]2C(=O)CO,corticosterone,0,False,25
156,C[C@]12CCC(=O)C=C1CC[C@@H]1[C@@H]2C(=O)C[C@@]2(C)[C@H]1CC[C@]2(O)C(=O)CO,C[C@]12CCC(=O)C=C1CC[C@@H]1[C@@H]2C(=O)C[C@@]2(C)[C@H]1CC[C@]2(O)C(=O)CO,Cortisone,0,False,26
157,OCCC1CCN(CC/C=C2\c3ccc(F)cc3Sc3ccc(C(F)(F)F)cc32)CC1,OCCC1CCN(CC/C=C2\c3ccc(F)cc3Sc3ccc(C(F)(F)F)cc32)CC1,piflutixol,1,False,31
158,O=c1[nH]c2ccccc2n1C1CCN(CCCC(c2ccc(F)cc2)c2ccc(F)cc2)CC1,O=c1[nH]c2ccccc2n1C1CCN(CCCC(c2ccc(F)cc2)c2ccc(F)cc2)CC1,pimozide,1,False,34
159,OCCN1CCN(CC/C=C2/c3ccccc3COc3ccc(Cl)cc32)CC1,OCCN1CCN(CC/C=C2/c3ccccc3COc3ccc(Cl)cc32)CC1,pinoxepin,1,False,28
160,NC(=O)C1(N2CCCCC2)CCN(CCCC(=O)c2ccc(F)cc2)CC1,NC(=O)C1(N2CCCCC2)CCN(CCCC(=O)c2ccc(F)cc2)CC1,pipamperone,1,False,27
161,O=C1CN=C(c2ccccc2)c2cc(Cl)ccc2N1CC1CC1,O=C1CN=C(c2ccccc2)c2cc(Cl)ccc2N1CC1CC1,prazepam,1,False,23
162,CC(=O)[C@H]1CC[C@H]2[C@@H]3CC[C@@H]4C[C@H](O)CC[C@]4(C)[C@H]3CC[C@]12C,CC(=O)[C@H]1CC[C@H]2[C@@H]3CC[C@@H]4C[C@H](O)CC[C@]4(C)[C@H]3CC[C@]12C,pregnanolone,1,False,23
163,CCC1(c2ccccc2)C(=O)NCNC1=O,CCC1(c2ccccc2)C(=O)NCNC1=O,primidone,1,False,16
164,CCN(CC)CCOC(=O)c1ccc(N)cc1,CCN(CC)CCOC(=O)c1ccc(N)cc1,procaine,1,False,17
165,OC(CCN1CCCC1)(c1ccccc1)C1CCCCC1,OC(CCN1CCCC1)(c1ccccc1)C1CCCCC1,procyclidine,1,False,21
166,CN(C)CCCN1c2ccccc2Sc2ccccc21,CN(C)CCCN1c2ccccc2Sc2ccccc21,promazine,1,False,20
167,CC(C)NCC(O)COc1cccc2[nH]ccc12,CC(C)NCC(O)COc1cccc2[nH]ccc12,Pindolol,1,False,18
168,CO[C@H](C(=O)[C@@H](O)[C@@H](C)O)[C@@H]1Cc2cc3cc(O[C@H]4C[C@@H](O[C@H]5C[C@@H](O)[C@H](O)[C@@H](C)O5)[C@H](O)[C@@H](C)O4)c(C)c(O)c3c(O)c2C(=O)[C@H]1O[C@H]1C[C@@H](O[C@H]2C[C@@H](O[C@H]3C[C@](C)(O)[C@H](O)[C@@H](C)O3)[C@H](O)[C@@H](C)O2)[C@H](O)[C@@H](C)O1,CO[C@H](C(=O)[C@@H](O)[C@@H](C)O)[C@@H]1Cc2cc3cc(O[C@H]4C[C@@H](O[C@H]5C[C@@H](O)[C@H](O)[C@@H](C)O5)[C@H](O)[C@@H](C)O4)c(C)c(O)c3c(O)c2C(=O)[C@H]1O[C@H]1C[C@@H](O[C@H]2C[C@@H](O[C@H]3C[C@](C)(O)[C@H](O)[C@@H](C)O3)[C@H](O)[C@@H](C)O2)[C@H](O)[C@@H](C)O1,Plicamycin,1,False,76
169,CC[C@H](C)C(=O)O[C@H]1C[C@H](O)C=C2C=C[C@H](C)[C@H](CC[C@@H](O)C[C@@H](O)CC(=O)O)[C@H]21,CC[C@H](C)C(=O)O[C@H]1C[C@H](O)C=C2C=C[C@H](C)[C@H](CC[C@@H](O)C[C@@H](O)CC(=O)O)[C@H]21,Pravastatin,0,False,30
170,O=C(C1CCCCC1)N1CC(=O)N2CCc3ccccc3C2C1,O=C(C1CCCCC1)N1CC(=O)N2CCc3ccccc3C2C1,Praziquantel,1,False,23
171,COc1cc(Cc2cnc(N)nc2N)cc(OC)c1OC,COc1cc(Cc2cnc(N)nc2N)cc(OC)c1OC,Trimethoprim,1,False,21
172,COc1cc(NCc2ccc3nc(N)nc(N)c3c2C)cc(OC)c1OC,COc1cc(NCc2ccc3nc(N)nc(N)c3c2C)cc(OC)c1OC,Trimetrexate,-1,True,27
173,NC(CO)(CO)CO,NC(CO)(CO)CO,Trometamol,0,False,8
174,NC1[C@H]2CN(c3nc4c(cc3F)c(=O)c(C(=O)O)cn4-c3ccc(F)cc3F)C[C@@H]12,NC1[C@H]2CN(c3nc4c(cc3F)c(=O)c(C(=O)O)cn4-c3ccc(F)cc3F)C[C@@H]12,Trovafloxacin,1,False,30
175,NC(N)=O,NC(N)=O,Urea,1,False,4
176,O=c1ccc2ccccc2o1,O=c1ccc2ccccc2o1,coumarin,0,False,11
177,Nc1ccc(S(=O)(=O)c2ccc(N)cc2)cc1,Nc1ccc(S(=O)(=O)c2ccc(N)cc2)cc1,dapsone,0,False,17
178,C[C@H](CCC(=O)O)[C@H]1CC[C@H]2[C@@H]3C(=O)C[C@@H]4CC(=O)CC[C@]4(C)[C@H]3CC(=O)[C@]12C,C[C@H](CCC(=O)O)[C@H]1CC[C@H]2[C@@H]3C(=O)C[C@@H]4CC(=O)CC[C@]4(C)[C@H]3CC(=O)[C@]12C,Dehydrocholic acid,0,False,29
179,O=c1c(Cc2c(O)oc3ccccc3c2=O)c(O)oc2ccccc12,O=c1c(Cc2c(O)oc3ccccc3c2=O)c(O)oc2ccccc12,dicumarol,0,False,25
180,CCN(CC)CCOC(=O)C1(C2CCCCC2)CCCCC1,CCN(CC)CCOC(=O)C1(C2CCCCC2)CCCCC1,dicyclomine,0,False,22
181,CC/C(=C(/CC)c1ccc(O)cc1)c1ccc(O)cc1,CC/C(=C(/CC)c1ccc(O)cc1)c1ccc(O)cc1,Diethylstilbestrol,0,False,20
182,C[C@H]1O[C@@H](O[C@H]2[C@@H](O)C[C@H](O[C@H]3[C@@H](O)C[C@H](O[C@H]4CC[C@@]5(C)[C@H](CC[C@@H]6[C@@H]5CC[C@]5(C)[C@H](C7=CC(=O)OC7)CC[C@]65O)C4)O[C@@H]3C)O[C@@H]2C)C[C@H](O)[C@@H]1O,C[C@H]1O[C@@H](O[C@H]2[C@@H](O)C[C@H](O[C@H]3[C@@H](O)C[C@H](O[C@H]4CC[C@@]5(C)[C@H](CC[C@@H]6[C@@H]5CC[C@]5(C)[C@H](C7=CC(=O)OC7)CC[C@]65O)C4)O[C@@H]3C)O[C@@H]2C)C[C@H](O)[C@@H]1O,Digitoxin,0,False,54
183,C[C@H]1O[C@@H](O[C@H]2[C@@H](O)C[C@H](O[C@H]3[C@@H](O)C[C@H](O[C@H]4CC[C@@]5(C)[C@H](CC[C@@H]6[C@@H]5C[C@@H](O)[C@]5(C)[C@@H](C7=CC(=O)OC7)CC[C@]65O)C4)O[C@@H]3C)O[C@@H]2C)C[C@H](O)[C@@H]1O,C[C@H]1O[C@@H](O[C@H]2[C@@H](O)C[C@H](O[C@H]3[C@@H](O)C[C@H](O[C@H]4CC[C@@]5(C)[C@H](CC[C@@H]6[C@@H]5C[C@@H](O)[C@]5(C)[C@@H](C7=CC(=O)OC7)CC[C@]65O)C4)O[C@@H]3C)O[C@@H]2C)C[C@H](O)[C@@H]1O,Digoxin,0,False,55
184,O=c1[nH]c2ccccc2n1CCCN1CCC(n2c(=O)[nH]c3cc(Cl)ccc32)CC1,O=c1[nH]c2ccccc2n1CCCN1CCC(n2c(=O)[nH]c3cc(Cl)ccc32)CC1,Domperidone,0,False,30
185,CC(CN1c2ccccc2Sc2ccccc21)N(C)C,CC(CN1c2ccccc2Sc2ccccc21)N(C)C,promethazine-HCl,1,False,20
186,CCC(=O)c1ccc2c(c1)N(CC(C)N(C)C)c1ccccc1S2,CCC(=O)c1ccc2c(c1)N(CC(C)N(C)C)c1ccccc1S2,propiomazine,1,False,24
187,CC(C)c1cccc(C(C)C)c1O,CC(C)c1cccc(C(C)C)c1O,propofol,1,False,13
188,CNCCCC1c2ccccc2C=Cc2ccccc21,CNCCCC1c2ccccc2C=Cc2ccccc21,protriptyline,1,False,20
189,O=c1cc[nH]nc1,O=c1cc[nH]nc1,pyridazinone,1,False,7
190,Fc1ccccc1C1=NCC(=S)N(CC(F)(F)F)c2ccc(Cl)cc21,Fc1ccccc1C1=NCC(=S)N(CC(F)(F)F)c2ccc(Cl)cc21,quazepam,1,False,25
191,COC(=O)[C@H]1[C@H]2C[C@@H]3c4[nH]c5cc(OC)ccc5c4CCN3C[C@H]2C[C@@H](OC(=O)/C=C/c2cc(OC)c(OC)c(OC)c2)[C@@H]1OC,COC(=O)[C@H]1[C@H]2C[C@@H]3c4[nH]c5cc(OC)ccc5c4CCN3C[C@H]2C[C@@H](OC(=O)/C=C/c2cc(OC)c(OC)c(OC)c2)[C@@H]1OC,rescinnamine,1,False,46
192,COC(=O)[C@H]1[C@H]2C[C@@H]3c4[nH]c5cc(OC)ccc5c4CCN3C[C@H]2C[C@@H](OC(=O)c2cc(OC)c(OC)c(OC)c2)[C@@H]1OC,COC(=O)[C@H]1[C@H]2C[C@@H]3c4[nH]c5cc(OC)ccc5c4CCN3C[C@H]2C[C@@H](OC(=O)c2cc(OC)c(OC)c(OC)c2)[C@@H]1OC,reserpine,1,False,44
193,C=CCC1(C(C)CCC)C(=O)NC(=O)NC1=O,C=CCC1(C(C)CCC)C(=O)NC(=O)NC1=O,secobarbital,1,False,17
194,O=C1CSC2(CCN(CCCN3c4ccccc4Sc4ccc(Cl)cc43)CC2)N1.[Cl-].[H+],O=C1CSC2(CCN(CCCN3c4ccccc4Sc4ccc(Cl)cc43)CC2)N1.[Cl-].[H+],spiclomazine,1,False,31
195,O=C1C(=O)c2ccccc2C(O)=C1C1CCC(c2ccc(Cl)cc2)CC1,O=C1C(=O)c2ccccc2C(O)=C1C1CCC(c2ccc(Cl)cc2)CC1,Atovaquone,0,False,26
196,O=C(O)CCCCCCCC(=O)O,O=C(O)CCCCCCCC(=O)O,Azelaicacid,0,False,13
197,CC[C@H]1OC(=O)[C@H](C)[C@@H](O[C@H]2C[C@@](C)(OC)[C@@H](O)[C@H](C)O2)C(C)[C@@H](O[C@@H]2O[C@H](C)C[C@H](N(C)C)[C@H]2O)[C@](C)(O)C[C@@H](C)CN(C)[C@H](C)[C@@H](O)[C@]1(C)O,CC[C@H]1OC(=O)[C@H](C)[C@@H](O[C@H]2C[C@@](C)(OC)[C@@H](O)[C@H](C)O2)C(C)[C@@H](O[C@@H]2O[C@H](C)C[C@H](N(C)C)[C@H]2O)[C@](C)(O)C[C@@H](C)CN(C)[C@H](C)[C@@H](O)[C@]1(C)O,Azithromycin,0,False,52
198,CCC(C)C(N)C1=NC(C(=O)N[C@@H](CC(C)C)C(=O)N[C@H](CCC(=O)O)C(=O)N[C@H](C(=O)NCCCC[C@@H]2NC(=O)[C@H](CC(N)=O)NC(=O)[C@@H](CC(=O)O)NC(=O)[C@H](Cc3cnc[nH]3)NC(=O)[C@@H](Cc3ccccc3)NC(=O)[C@H]([C@@H](C)CC)NC(=O)[C@@H](CCCN)NC2=O)[C@@H](C)CC)CS1,CCC(C)C(N)C1=NC(C(=O)N[C@@H](CC(C)C)C(=O)N[C@H](CCC(=O)O)C(=O)N[C@H](C(=O)NCCCC[C@@H]2NC(=O)[C@H](CC(N)=O)NC(=O)[C@@H](CC(=O)O)NC(=O)[C@H](Cc3cnc[nH]3)NC(=O)[C@@H](Cc3ccccc3)NC(=O)[C@H]([C@@H](C)CC)NC(=O)[C@@H](CCCN)NC2=O)[C@@H](C)CC)CS1,Bacitracin,0,False,100
199,CC(C[N+](C)(C)C)OC(N)=O.[Cl-],CC(C[N+](C)(C)C)OC(N)=O.[Cl-],Bethanechol,0,False,12
200,CC[N+](C)(C)Cc1ccccc1Br.Cc1ccc(S(=O)(=O)[O-])cc1,CC[N+](C)(C)Cc1ccccc1Br.Cc1ccc(S(=O)(=O)[O-])cc1,Bretyliumtosilate,0,False,24
201,CC(C)C[C@H]1C(=O)N2CCC[C@H]2[C@]2(O)O[C@](NC(=O)[C@@H]3C=C4c5cccc6[nH]c(Br)c(c56)C[C@H]4N(C)C3)(C(C)C)C(=O)N12,CC(C)C[C@H]1C(=O)N2CCC[C@H]2[C@]2(O)O[C@](NC(=O)[C@@H]3C=C4c5cccc6[nH]c(Br)c(c56)C[C@H]4N(C)C3)(C(C)C)C(=O)N12,Bromocriptine,0,False,43
202,CO[C@]12CC[C@@]3(C[C@@H]1[C@](C)(O)C(C)(C)C)[C@H]1Cc4ccc(O)c5c4[C@@]3(CCN1CC1CC1)[C@H]2O5,CO[C@]12CC[C@@]3(C[C@@H]1[C@](C)(O)C(C)(C)C)[C@H]1Cc4ccc(O)c5c4[C@@]3(CCN1CC1CC1)[C@H]2O5,Buprenorphine,1,False,34
203,NCCc1ccc(O)c(O)c1,NCCc1ccc(O)c(O)c1,dopamine,0,False,11
204,COc1cccc2c1C(=O)c1c(O)c3c(c(O)c1C2=O)C[C@@](O)(C(=O)CO)C[C@@H]3O[C@H]1C[C@H](N)[C@H](O)[C@H](C)O1,COc1cccc2c1C(=O)c1c(O)c3c(c(O)c1C2=O)C[C@@](O)(C(=O)CO)C[C@@H]3O[C@H]1C[C@H](N)[C@H](O)[C@H](C)O1,doxorubicin,0,False,39
205,C[C@H]1c2cccc(O)c2C(O)=C2C(=O)[C@]3(O)C(=O)/C(=C(/N)O)C(=O)[C@@H](N(C)C)[C@@H]3[C@@H](O)[C@@H]21.O,C[C@H]1c2cccc(O)c2C(O)=C2C(=O)[C@]3(O)C(=O)/C(=C(/N)O)C(=O)[C@@H](N(C)C)[C@@H]3[C@@H](O)[C@@H]21.O,doxycycline,0,False,33
206,CCCCOc1ccc(C(=O)CCN2CCCCC2)cc1.[Cl],CCCCOc1ccc(C(=O)CCN2CCCCC2)cc1.[Cl],Dyclonine,0,False,22
207,Clc1ccc(COC(Cn2ccnc2)c2ccc(Cl)cc2Cl)cc1,Clc1ccc(COC(Cn2ccnc2)c2ccc(Cl)cc2Cl)cc1,Econazole,0,False,24
208,CC(C)[C@H](NC(=O)[C@H](Cc1ccccc1)NC(=O)CNC(=O)[C@@H](C)NC(=O)[C@@H](N)Cc1ccc(O)cc1)C(N)=O,CC(C)[C@H](NC(=O)[C@H](Cc1ccccc1)NC(=O)CNC(=O)[C@@H](C)NC(=O)[C@@H](N)Cc1ccc(O)cc1)C(N)=O,enkephalin,0,False,40
209,CN[C@@H](C)[C@H](O)c1ccccc1,CN[C@@H](C)[C@H](O)c1ccccc1,Ephedrine,0,False,12
210,CNC[C@H](O)c1ccc(O)c(O)c1,CNC[C@H](O)c1ccc(O)c(O)c1,epinephrine,0,False,13
211,CC[C@H]1OC(=O)[C@H](C)[C@@H](O[C@H]2C[C@@](C)(OC)[C@@H](O)[C@H](C)O2)[C@H](C)[C@@H](O[C@@H]2O[C@H](C)C[C@H](N(C)C)[C@H]2O)[C@](C)(O)C[C@@H](C)C(=O)[C@H](C)[C@@H](O)[C@]1(C)O,CC[C@H]1OC(=O)[C@H](C)[C@@H](O[C@H]2C[C@@](C)(OC)[C@@H](O)[C@H](C)O2)[C@H](C)[C@@H](O[C@@H]2O[C@H](C)C[C@H](N(C)C)[C@H]2O)[C@](C)(O)C[C@@H](C)C(=O)[C@H](C)[C@@H](O)[C@]1(C)O,erythromycin,0,False,51
212,C[C@]12CC[C@@H]3c4ccc(O)cc4CC[C@H]3[C@@H]1CC[C@@H]2O,C[C@]12CC[C@@H]3c4ccc(O)cc4CC[C@H]3[C@@H]1CC[C@@H]2O,estradiol,0,False,20
213,Nc1c2c(nc3ccccc13)CCCC2,Nc1c2c(nc3ccccc13)CCCC2,tacrine,1,False,15
214,CN1C(=O)C(O)N=C(c2ccccc2)c2cc(Cl)ccc21,CN1C(=O)C(O)N=C(c2ccccc2)c2cc(Cl)ccc21,temazepam,1,False,21
215,COc1cc2c(cc1OC)C1CC(=O)C(CC(C)C)CN1CC2,COc1cc2c(cc1OC)C1CC(=O)C(CC(C)C)CN1CC2,tetrabenzine,1,False,23
216,CCCCCc1cc(O)c2c(c1)OC(C)(C)[C@@H]1CCC(C)=C[C@@H]21,CCCCCc1cc(O)c2c(c1)OC(C)(C)[C@@H]1CCC(C)=C[C@@H]21,thc,1,False,23
217,COC1=CC=C2[C@H]3Cc4ccc(OC)c5c4[C@@]2(CCN3C)[C@H]1O5,COC1=CC=C2[C@H]3Cc4ccc(OC)c5c4[C@@]2(CCN3C)[C@H]1O5,thebaine,1,False,23
218,CCSc1ccc2c(c1)N(CCCN1CCN(C)CC1)c1ccccc1S2,CCSc1ccc2c(c1)N(CCCN1CCN(C)CC1)c1ccccc1S2,thiethylperazine,1,False,27
219,CSc1ccc2c(c1)N(CCC1CCCCN1C)c1ccccc1S2,CSc1ccc2c(c1)N(CCC1CCCCN1C)c1ccccc1S2,thioridazine,1,False,25
220,CN1CCN(CC/C=C2\c3ccccc3Sc3ccc(S(=O)(=O)N(C)C)cc32)CC1,CN1CCN(CC/C=C2\c3ccccc3Sc3ccc(S(=O)(=O)N(C)C)cc32)CC1,thiothixene,1,False,30
221,N[C@@H]1C[C@H]1c1ccccc1.[Cl-].[H+],N[C@@H]1C[C@H]1c1ccccc1.[Cl-].[H+],tranylcypromine,1,False,12
222,O=c1n(CCCN2CCN(c3cccc(Cl)c3)CC2)nc2ccccn12,O=c1n(CCCN2CCN(c3cccc(Cl)c3)CC2)nc2ccccn12,trazodone,1,False,26
223,CS(=O)(=O)OCCCCOS(C)(=O)=O,CS(=O)(=O)OCCCCOS(C)(=O)=O,Busulfan,1,False,14
224,CC1=C(C(=O)O)N2C(=O)[C@@H](NC(=O)[C@H](N)C3=CCC=CC3)[C@H]2SC1,CC1=C(C(=O)O)N2C(=O)[C@@H](NC(=O)[C@H](N)C3=CCC=CC3)[C@H]2SC1,Cefradine,0,False,24
225,CCN(CC)CCCC(C)Nc1ccnc2cc(Cl)ccc12,CCN(CC)CCCC(C)Nc1ccnc2cc(Cl)ccc12,Chloroquine,1,False,22
226,COc1cc(N)c(Cl)cc1C(=O)NC1CCN(CCCOc2ccc(F)cc2)CC1OC.O,COc1cc(N)c(Cl)cc1C(=O)NC1CCN(CCCOc2ccc(F)cc2)CC1OC.O,Cisapride,1,False,33
227,Nc1nc(Cl)nc2c1ncn2[C@H]1C[C@H](O)[C@@H](CO)O1,Nc1nc(Cl)nc2c1ncn2[C@H]1C[C@H](O)[C@@H](CO)O1,Cladribine,1,False,19
228,C[N+]12CCC(CC1)C(OC(=O)C(O)(c1ccccc1)c1ccccc1)C2.[Br-],C[N+]12CCC(CC1)C(OC(=O)C(O)(c1ccccc1)c1ccccc1)C2.[Br-],Clidiniumbromide,0,False,27
229,C[C@]12CC[C@@H]3c4ccc(O)cc4CC[C@H]3[C@@H]1CCC2=O,C[C@]12CC[C@@H]3c4ccc(O)cc4CC[C@H]3[C@@H]1CCC2=O,estrone,0,False,20
230,C=C(CC)C(=O)c1ccc(OCC(=O)O)c(Cl)c1Cl,C=C(CC)C(=O)c1ccc(OCC(=O)O)c(Cl)c1Cl,Ethacrynic acid,0,False,19
231,C#C[C@]1(O)CC[C@H]2[C@@H]3CCc4cc(O)ccc4[C@H]3CC[C@@]21C,C#C[C@]1(O)CC[C@H]2[C@@H]3CCc4cc(O)ccc4[C@H]3CC[C@@]21C,ethinylestradiol,0,False,22
232,CC(Cc1ccc(O)cc1)NCC(O)c1cc(O)cc(O)c1,CC(Cc1ccc(O)cc1)NCC(O)c1cc(O)cc(O)c1,fenoterol,0,False,22
233,O=c1[nH]c(=O)n([C@H]2C[C@H](O)[C@@H](CO)O2)cc1F,O=c1[nH]c(=O)n([C@H]2C[C@H](O)[C@@H](CO)O2)cc1F,floxuridine,0,False,17
234,Cc1onc(-c2c(F)cccc2Cl)c1C(=O)N[C@@H]1C(=O)N2[C@@H]1SC(C)(C)[C@@H]2C(=O)O,Cc1onc(-c2c(F)cccc2Cl)c1C(=O)N[C@@H]1C(=O)N2[C@@H]1SC(C)(C)[C@@H]2C(=O)O,Flucloxacillin,0,False,30
235,O=c1[nH]cc(F)c(=O)[nH]1,O=c1[nH]cc(F)c(=O)[nH]1,fluorouracil,0,False,9
236,NS(=O)(=O)c1cc(C(=O)O)c(NCc2ccco2)cc1Cl,NS(=O)(=O)c1cc(C(=O)O)c(NCc2ccco2)cc1Cl,furosemide,0,False,21
237,Nc1nc(=O)c2ncn(COC(CO)CO)c2[nH]1,Nc1nc(=O)c2ncn(COC(CO)CO)c2[nH]1,ganciclovir,0,False,18
238,C[N+]1(C)CCC(OC(=O)C(O)(c2ccccc2)C2CCCC2)C1.[Br-],C[N+]1(C)CCC(OC(=O)C(O)(c2ccccc2)C2CCCC2)C1.[Br-],glycopyrrolate,0,False,24
239,O=C(CCCN1CCC(O)(c2cccc(C(F)(F)F)c2)CC1)c1ccc(F)cc1,O=C(CCCN1CCC(O)(c2cccc(C(F)(F)F)c2)CC1)c1ccc(F)cc1,trifluperidol,1,False,29
240,CN(C)CCCN1c2ccccc2Sc2ccc(C(F)(F)F)cc21,CN(C)CCCN1c2ccccc2Sc2ccc(C(F)(F)F)cc21,triflupromazine,1,False,24
241,CN1CCN(CCCN2c3ccccc3Sc3ccc(C(F)(F)F)cc32)CC1,CN1CCN(CCCN2c3ccccc3Sc3ccc(C(F)(F)F)cc32)CC1,trifluroperazine,1,False,28
242,OC(CCN1CCCCC1)(c1ccccc1)C1CCCCC1,OC(CCN1CCCCC1)(c1ccccc1)C1CCCCC1,trihexyphenidyl,1,False,22
243,COc1cc(C(=O)N2CCOCC2)cc(OC)c1OC,COc1cc(C(=O)N2CCOCC2)cc(OC)c1OC,trimetozine,1,False,20
244,CC(CN(C)C)CN1c2ccccc2CCc2ccccc21,CC(CN(C)C)CN1c2ccccc2CCc2ccccc21,trimipramine,1,False,22
245,CCCCNC(=O)OCC(C)(CCC)COC(N)=O,CCCCNC(=O)OCC(C)(CCC)COC(N)=O,tybamate,1,False,19
246,O=c1ccn(C2OC(CO)C(O)C2O)c(=O)[nH]1,O=c1ccn(C2OC(CO)C(O)C2O)c(=O)[nH]1,uridine,1,False,17
247,CCCC(CCC)C(=O)O,CCCC(CCC)C(=O)O,valproicacid,1,False,10
248,CN(C)C/C=C(/c1ccc(Br)cc1)c1cccnc1,CN(C)C/C=C(/c1ccc(Br)cc1)c1cccnc1,zimelidine,1,False,19
249,CC(C)N=c1cc2n(-c3ccc(Cl)cc3)c3ccccc3nc-2cc1Nc1ccc(Cl)cc1,CC(C)N=c1cc2n(-c3ccc(Cl)cc3)c3ccccc3nc-2cc1Nc1ccc(Cl)cc1,Clofazimine,0,False,33
250,COc1cc2c(c(OC)c1OC)-c1ccc(OC)c(=O)cc1[C@@H](NC(C)=O)CC2,COc1cc2c(c(OC)c1OC)-c1ccc(OC)c(=O)cc1[C@@H](NC(C)=O)CC2,Colchicine,0,False,29
251,O=C(O)c1cc(=O)c2cc(OCC(O)COc3cccc4oc(C(=O)O)cc(=O)c34)ccc2o1,O=C(O)c1cc(=O)c2cc(OCC(O)COc3cccc4oc(C(=O)O)cc(=O)c34)ccc2o1,Cromoglicicacid,0,False,34
252,NC1CONC1=O,NC1CONC1=O,Cycloserine,1,False,7
253,NC(=O)NO,NC(=O)NO,Hydroxycarbamide,1,False,5
254,CC(C)[N+]1(C)C2CCC1CC(OC(=O)C(CO)c1ccccc1)C2.[Br-],CC(C)[N+]1(C)C2CCC1CC(OC(=O)C(CO)c1ccccc1)C2.[Br-],Ipratropiumbromide,0,False,25
255,NC(N)=N/N=C/c1c(Cl)cccc1Cl,NC(N)=N/N=C/c1c(Cl)cccc1Cl,guanabenz,0,False,14
256,NC(N)=NCCN1CCCCCCC1,NC(N)=NCCN1CCCCCCC1,guanethidinesulfate,0,False,14
257,CN1C2CCC1CC(OC(=O)C(O)c1ccccc1)C2,CN1C2CCC1CC(OC(=O)C(O)c1ccccc1)C2,homatropine,0,False,20
258,NNc1nncc2ccccc12,NNc1nncc2ccccc12,hydralazine,0,False,12
259,NS(=O)(=O)c1cc2c(cc1Cl)NCNS2(=O)=O,NS(=O)(=O)c1cc2c(cc1Cl)NCNS2(=O)=O,Hydrochlorothiazide,0,False,17
260,C[C@]12CCC(=O)C=C1CC[C@@H]1[C@@H]2[C@@H](O)C[C@@]2(C)[C@H]1CC[C@]2(O)C(=O)CO,C[C@]12CCC(=O)C=C1CC[C@@H]1[C@@H]2[C@@H](O)C[C@@]2(C)[C@H]1CC[C@]2(O)C(=O)CO,Hydrocortisone,0,False,26
261,NS(=O)(=O)c1cc2c(cc1C(F)(F)F)NCNS2(=O)=O,NS(=O)(=O)c1cc2c(cc1C(F)(F)F)NCNS2(=O)=O,hydroflumethiazide,0,False,20
262,CC(C)Cc1ccc(C(C)C(=O)O)cc1,CC(C)Cc1ccc(C(C)C(=O)O)cc1,ibuprofen,0,False,15
263,COc1ccc2c(c1)c(CC(=O)O)c(C)n2C(=O)c1ccc(Cl)cc1,COc1ccc2c(c1)c(CC(=O)O)c(C)n2C(=O)c1ccc(Cl)cc1,indomethacin,-1,True,25
264,CN1Cc2c(-c3noc([C@](C)(O)CO)n3)ncn2-c2cccc(Cl)c2C1=O,CN1Cc2c(-c3noc([C@](C)(O)CO)n3)ncn2-c2cccc(Cl)c2C1=O,35,0,False,27
265,NCCc1cn2ccccc2n1,NCCc1cn2ccccc2n1,Y-G 20,0,False,12
266,C=C1Cc2c(CCN(CCC)CCC)ccc(O)c2N1,C=C1Cc2c(CCN(CCC)CCC)ccc(O)c2N1,1-48,1,False,20
267,Cc1nc2n(c(=O)c1CCN1CCC(c3noc4cc(F)ccc34)CC1)CCC[C@H]2O,Cc1nc2n(c(=O)c1CCN1CCC(c3noc4cc(F)ccc34)CC1)CCC[C@H]2O,9-OH-risperidone,1,False,31
268,Cc1nnc2n1-c1ccc(Cl)cc1C(c1ccccc1)=NC2,Cc1nnc2n1-c1ccc(Cl)cc1C(c1ccccc1)=NC2,Alprazolam,1,False,22
269,O=NN(CCCl)C(=O)NCCCl,O=NN(CCCl)C(=O)NCCCl,BCNU,1,False,12
270,CCC(C)n1ncn(-c2ccc(N3CCN(c4ccc(OC[C@H]5CO[C@](Cn6cncn6)(c6ccc(Cl)cc6Cl)O5)cc4)CC3)cc2)c1=O,CCC(C)n1ncn(-c2ccc(N3CCN(c4ccc(OC[C@H]5CO[C@](Cn6cncn6)(c6ccc(Cl)cc6Cl)O5)cc4)CC3)cc2)c1=O,Itraconazole,0,False,49
271,NCC1OC(OC2C(N)CC(N)C(OC3OC(CO)C(O)C(N)C3O)C2O)C(O)C(O)C1O,NCC1OC(OC2C(N)CC(N)C(OC3OC(CO)C(O)C(N)C3O)C2O)C(O)C(O)C1O,Kanamycin,0,False,33
272,CC(C(=O)O)c1cccc(C(=O)c2ccccc2)c1,CC(C(=O)O)c1cccc(C(=O)c2ccccc2)c1,Ketoprofen,1,False,19
273,O=C(c1ccccc1)c1ccc2n1CCC2C(=O)O,O=C(c1ccccc1)c1ccc2n1CCC2C(=O)O,Ketorolac,0,False,19
274,C[C@H](N)[C@H](O)c1cccc(O)c1,C[C@H](N)[C@H](O)c1cccc(O)c1,Metaraminol,0,False,12
275,NNC(=O)c1ccncc1,NNC(=O)c1ccncc1,isoniazid,0,False,10
276,CC(C)NCC(O)c1ccc(O)c(O)c1,CC(C)NCC(O)c1ccc(O)c(O)c1,Isoproterenol,0,False,15
277,O=c1c(O[C@@H]2O[C@H](CO)[C@@H](O)[C@H](O)[C@H]2O)c(-c2ccc(O)c(O)c2)oc2cc(O)cc(O)c12,O=c1c(O[C@@H]2O[C@H](CO)[C@@H](O)[C@H](O)[C@H]2O)c(-c2ccc(O)c(O)c2)oc2cc(O)cc(O)c12,Isoquercitrin,0,False,33
278,CC(=O)N1CCN(c2ccc(OC[C@H]3CO[C@](Cn4ccnc4)(c4ccc(Cl)cc4Cl)O3)cc2)CC1,CC(=O)N1CCN(c2ccc(OC[C@H]3CO[C@](Cn4ccnc4)(c4ccc(Cl)cc4Cl)O3)cc2)CC1,Ketoconazole,0,False,36
279,CC(CCc1ccccc1)NCC(O)c1ccc(O)c(C(N)=O)c1,CC(CCc1ccccc1)NCC(O)c1ccc(O)c(C(N)=O)c1,labetalol,0,False,24
280,N[C@@H](Cc1ccc(O)c(O)c1)C(=O)O,N[C@@H](Cc1ccc(O)c(O)c1)C(=O)O,levodopa,-1,True,14
281,OCC(O)C(O)C(O)C(O)CO,OCC(O)C(O)C(O)C(O)CO,mannitol,0,False,12
282,C=C1c2c(Cl)ccc(O)c2C(O)=C2C(=O)C3(O)C(=O)/C(=C(/N)O)C(=O)C(N(C)C)C3C(O)C12,C=C1c2c(Cl)ccc(O)c2C(O)=C2C(=O)C3(O)C(=O)/C(=C(/N)O)C(=O)C(N(C)C)C3C(O)C12,Meclocycline,0,False,33
283,Cc1ccc(Cl)c(Nc2ccccc2C(=O)O)c1Cl,Cc1ccc(Cl)c(Nc2ccccc2C(=O)O)c1Cl,Meclofenamate,0,False,19
284,Cc1cccc(Nc2ccccc2C(=O)O)c1C,Cc1cccc(Nc2ccccc2C(=O)O)c1C,Mefenamic_acid,0,False,18
285,CN=C(NC#N)NCCSCc1nc[nH]c1C,CN=C(NC#N)NCCSCc1nc[nH]c1C,Cimetidine,0,False,17
286,Clc1cccc(Cl)c1NC1=NCCN1,Clc1cccc(Cl)c1NC1=NCCN1,Clonidine,1,False,14
287,O=c1nc[nH]c2c1ncn2[C@H]1CC[C@@H](CO)O1,O=c1nc[nH]c2c1ncn2[C@H]1CC[C@@H](CO)O1,Didanosine,0,False,17
288,COCCc1ccc(OCC(O)CNC(C)C)cc1,COCCc1ccc(OCC(O)CNC(C)C)cc1,Metoprolol,1,False,19
289,Cc1ncc([N+](=O)[O-])n1CCO,Cc1ncc([N+](=O)[O-])n1CCO,Metronidazole,1,False,12
290,CC#C[C@]1(O)CC[C@H]2[C@@H]3CCC4=CC(=O)CCC4=C3[C@@H](c3ccc(N(C)C)cc3)C[C@@]21C,CC#C[C@]1(O)CC[C@H]2[C@@H]3CCC4=CC(=O)CCC4=C3[C@@H](c3ccc(N(C)C)cc3)C[C@@]21C,Mifepristone,0,False,32
291,CN(C)c1ccc(O)c2c1C[C@H]1C[C@H]3[C@H](N(C)C)C(O)=C(C(N)=O)C(=O)[C@@]3(O)C(O)=C1C2=O,CN(C)c1ccc(O)c2c1C[C@H]1C[C@H]3[C@H](N(C)C)C(O)=C(C(N)=O)C(=O)[C@@]3(O)C(O)=C1C2=O,Minocycline,1,False,33
292,O=C(NCCN1CCOCC1)c1ccc(Cl)cc1,O=C(NCCN1CCOCC1)c1ccc(Cl)cc1,Moclobemide,1,False,18
293,CC(C)[N+](C)(CCOC(=O)C1c2ccccc2Oc2ccccc21)C(C)C.[Br-],CC(C)[N+](C)(CCOC(=O)C1c2ccccc2Oc2ccccc21)C(C)C.[Br-],Propanthelinebromide,0,False,28
294,NC(=O)c1cnccn1,NC(=O)c1cnccn1,Pyrazinamide,1,False,9
295,CN(C)C(=O)Oc1ccc[n+](C)c1.[Br-],CN(C)C(=O)Oc1ccc[n+](C)c1.[Br-],Pyridostigminebromide,1,False,14
296,CCc1nc(N)nc(N)c1-c1ccc(Cl)cc1,CCc1nc(N)nc(N)c1-c1ccc(Cl)cc1,Pyrimethamine,1,False,17
297,C=C[C@H]1CN2CC[C@@H]1C[C@H]2[C@H](O)c1ccnc2ccc(OC)cc12,C=C[C@H]1CN2CC[C@@H]1C[C@H]2[C@H](O)c1ccnc2ccc(OC)cc12,Quinine,0,False,24
298,NC(Cc1ccc(N(CCCl)CCCl)cc1)C(=O)O,NC(Cc1ccc(N(CCCl)CCCl)cc1)C(=O)O,melphalan,0,False,19
299,C[N+]1(C)CCCC(OC(=O)C(O)(c2ccccc2)c2ccccc2)C1.[Br-],C[N+]1(C)CCCC(OC(=O)C(O)(c2ccccc2)c2ccccc2)C1.[Br-],mepenzolatebromide,0,False,26
300,COc1ccc(CN(CCN(C)C)c2ccccn2)cc1,COc1ccc(CN(CCN(C)C)c2ccccn2)cc1,mepiramine,0,False,21
301,c1ccc2c(c1)Sc1ccccc1N2CC1CN2CCC1CC2,c1ccc2c(c1)Sc1ccccc1N2CC1CN2CCC1CC2,mequitazine,-1,True,23
302,C#C[C@]1(O)CC[C@H]2[C@@H]3CCc4cc(OC)ccc4[C@H]3CC[C@@]21C,C#C[C@]1(O)CC[C@H]2[C@@H]3CCc4cc(OC)ccc4[C@H]3CC[C@@]21C,mestranol,0,False,23
303,CC[N+](C)(CC)CCOC(=O)C1c2ccccc2Oc2ccccc21,CC[N+](C)(CC)CCOC(=O)C1c2ccccc2Oc2ccccc21,methantheline,0,False,25
304,CN(Cc1cnc2nc(N)nc(N)c2n1)c1ccc(C(=O)N[C@@H](CCC(=O)O)C(=O)O)cc1,CN(Cc1cnc2nc(N)nc(N)c2n1)c1ccc(C(=O)N[C@@H](CCC(=O)O)C(=O)O)cc1,methotrexate,0,False,33
305,CN1C(CCl)Nc2cc(Cl)c(S(N)(=O)=O)cc2S1(=O)=O,CN1C(CCl)Nc2cc(Cl)c(S(N)(=O)=O)cc2S1(=O)=O,Methyclothiazide,0,False,20
306,C[C@](N)(Cc1ccc(O)c(O)c1)C(=O)O,C[C@](N)(Cc1ccc(O)c(O)c1)C(=O)O,methyldopa,0,False,15
307,COc1cccnc1CCCCNc1ncc(Cc2ccc(C)nc2)c(=O)[nH]1.[Cl-].[Cl-].[Cl-].[H+].[H+].[H+],COc1cccnc1CCCCNc1ncc(Cc2ccc(C)nc2)c(=O)[nH]1.[Cl-].[Cl-].[Cl-].[H+].[H+].[H+],Icotidine,0,False,34
308,CC(C)c1nc(-c2ncn3c2CN(C)C(=O)c2c(Cl)cccc2-3)no1,CC(C)c1nc(-c2ncn3c2CN(C)C(=O)c2c(Cl)cccc2-3)no1,33,1,False,25
309,Cc1ccc(Cc2cnc(NCCSCc3ccc(C(C)(C)N)o3)[nH]c2=O)cn1,Cc1ccc(Cc2cnc(NCCSCc3ccc(C(C)(C)N)o3)[nH]c2=O)cn1,Lupitidine,0,False,29
310,CN1CCN2c3ccccc3Cc3ccccc3C2C1,CN1CCN2c3ccccc3Cc3ccccc3C2C1,Mianserin,1,False,20
311,Cc1ncc2n1-c1ccc(Cl)cc1C(c1ccccc1F)=NC2,Cc1ncc2n1-c1ccc(Cl)cc1C(c1ccccc1F)=NC2,Midazolam,1,False,23
312,CC(C)c1nc(CN(C)C(=O)N[C@H](C(=O)N[C@@H](Cc2ccccc2)C[C@H](O)[C@H](Cc2ccccc2)NC(=O)OCc2cncs2)C(C)C)cs1,CC(C)c1nc(CN(C)C(=O)N[C@H](C(=O)N[C@@H](Cc2ccccc2)C[C@H](O)[C@H](Cc2ccccc2)NC(=O)OCc2cncs2)C(C)C)cs1,Ritonavir,0,False,50
313,CC(C)(C)NC(=O)[C@@H]1C[C@@H]2CCCC[C@@H]2CN1C[C@@H](O)[C@H](Cc1ccccc1)NC(=O)[C@H](CC(N)=O)NC(=O)c1ccc2ccccc2n1,CC(C)(C)NC(=O)[C@@H]1C[C@@H]2CCCC[C@@H]2CN1C[C@@H](O)[C@H](Cc1ccccc1)NC(=O)[C@H](CC(N)=O)NC(=O)c1ccc2ccccc2n1,Saquinavir,0,False,49
314,FCOC(C(F)(F)F)C(F)(F)F,FCOC(C(F)(F)F)C(F)(F)F,Sevoflurane,1,False,12
315,CC(=O)Nc1c(I)c(NC(C)=O)c(I)c(C(=O)[O-])c1I.[Na+],CC(=O)Nc1c(I)c(NC(C)=O)c(I)c(C(=O)[O-])c1I.[Na+],Sodiumamidotrizoate,0,False,21
316,CC(C)NCC(O)c1ccc(NS(C)(=O)=O)cc1,CC(C)NCC(O)c1ccc(NS(C)(=O)=O)cc1,Sotalol,1,False,18
317,Cc1cn([C@H]2C=C[C@@H](CO)O2)c(=O)[nH]c1=O,Cc1cn([C@H]2C=C[C@@H](CO)O2)c(=O)[nH]c1=O,Stavudine,1,False,16
318,CN[C@@H]1[C@H](O[C@H]2[C@H](O[C@H]3[C@H](O)[C@@H](O)[C@H](N=C(N)N)[C@@H](O)[C@@H]3N=C(N)N)O[C@@H](C)[C@]2(O)C=O)O[C@@H](CO)[C@H](O)[C@H]1O,CN[C@@H]1[C@H](O[C@H]2[C@H](O[C@H]3[C@H](O)[C@@H](O)[C@H](N=C(N)N)[C@@H](O)[C@@H]3N=C(N)N)O[C@@H](C)[C@]2(O)C=O)O[C@@H](CO)[C@H](O)[C@H]1O,Streptomycin,0,False,40
319,Nc1ccc(S(=O)(=O)Nc2ncccn2)cc1,Nc1ccc(S(=O)(=O)Nc2ncccn2)cc1,Sulfadiazine,1,False,17
320,Cc1noc(NS(=O)(=O)c2ccc(N)cc2)c1C,Cc1noc(NS(=O)(=O)c2ccc(N)cc2)c1C,Sulfafurazole,1,False,18
321,C[C@H]1C[C@@H]2[C@H]([C@@H](O)C[C@@]3(C)[C@H]2CC[C@]3(O)C(=O)CO)[C@@]2(C)C=CC(=O)C=C12,C[C@H]1C[C@@H]2[C@H]([C@@H](O)C[C@@]3(C)[C@H]2CC[C@]3(O)C(=O)CO)[C@@]2(C)C=CC(=O)C=C12,Methylprednisolone,-1,True,27
322,Clc1ccc(COC(Cn2ccnc2)c2ccc(Cl)cc2Cl)c(Cl)c1,Clc1ccc(COC(Cn2ccnc2)c2ccc(Cl)cc2Cl)c(Cl)c1,Miconazole,-1,True,25
323,C[C@]12CC[C@H]3[C@@H](CCC4=CC(=O)CC[C@@H]43)[C@@H]1CC[C@@H]2O,C[C@]12CC[C@H]3[C@@H](CCC4=CC(=O)CC[C@@H]43)[C@@H]1CC[C@@H]2O,nandrolone,0,False,20
324,CCOC(=O)C(c1c(O)oc2ccccc2c1=O)c1c(O)oc2ccccc2c1=O,CCOC(=O)C(c1c(O)oc2ccccc2c1=O)c1c(O)oc2ccccc2c1=O,neodicoumarol,0,False,30
325,OCc1cccnc1,OCc1cccnc1,Nicotinyl alcohol,0,False,8
326,C#C[C@]1(O)CC[C@H]2[C@@H]3CCC4=CC(=O)CC[C@@H]4[C@H]3CC[C@@]21C,C#C[C@]1(O)CC[C@H]2[C@@H]3CCC4=CC(=O)CC[C@@H]4[C@H]3CC[C@@]21C,norethindrone,0,False,22
327,NCC(O)c1cccc(O)c1,NCC(O)c1cccc(O)c1,norfenefrine,0,False,11
328,CC(CCc1ccccc1)NC(C)C(O)c1ccc(O)cc1,CC(CCc1ccccc1)NC(C)C(O)c1ccc(O)cc1,nylidrin,0,False,22
329,C[C@]12COC(=O)C[C@@H]1CC[C@@H]1[C@@H]2CC[C@@]2(C)[C@H]1CC[C@]2(C)O,C[C@]12COC(=O)C[C@@H]1CC[C@@H]1[C@@H]2CC[C@@]2(C)[C@H]1CC[C@]2(C)O,Oxandrolone,0,False,22
330,O=C(O)CCc1nc(-c2ccccc2)c(-c2ccccc2)o1,O=C(O)CCc1nc(-c2ccccc2)c(-c2ccccc2)o1,Oxaprozin,0,False,22
331,CN1CCN2c3ncccc3Cc3ccccc3C2C1,CN1CCN2c3ncccc3Cc3ccccc3C2C1,Mirtazapine,1,False,20
332,Cc1ccnc2c1NC(=O)c1cccnc1N2C1CC1,Cc1ccnc2c1NC(=O)c1cccnc1N2C1CC1,Nevirapine,1,False,20
333,FC(F)(F)c1ccc(N2CCNCC2)nc1Cl,FC(F)(F)c1ccc(N2CCNCC2)nc1Cl,Org12692,1,False,17
334,Clc1ccc2c(c1)[C@H]1CNC[C@H]1c1ccccc1O2,Clc1ccc2c(c1)[C@H]1CNC[C@H]1c1ccccc1O2,Org30526,1,False,19
335,Cc1cccc2c1Oc1ccccc1[C@@]1(O)CCNC[C@H]21,Cc1cccc2c1Oc1ccccc1[C@@]1(O)CCNC[C@H]21,Org32104,1,False,21
336,C=CC[C@H](N)c1ccccc1-c1noc2ccccc12,C=CC[C@H](N)c1ccccc1-c1noc2ccccc12,Org34167,1,False,20
337,Cc1cccc2c1Oc1ccccc1[C@@]1(O)CCN(C)C[C@H]21,Cc1cccc2c1Oc1ccccc1[C@@]1(O)CCN(C)C[C@H]21,Org4428,1,False,22
338,CN1C[C@@H]2c3cc(Cl)ccc3Oc3ccccc3[C@@H]2C1,CN1C[C@@H]2c3cc(Cl)ccc3Oc3ccccc3[C@@H]2C1,Org5222,1,False,20
339,CN/C(=C\[N+](=O)[O-])NCCSCc1ccc(CN(C)C)o1,CN/C(=C\[N+](=O)[O-])NCCSCc1ccc(CN(C)C)o1,Ranitidine,0,False,21
340,Cc1cc(NS(=O)(=O)c2ccc(N)cc2)no1,Cc1cc(NS(=O)(=O)c2ccc(N)cc2)no1,Sulfamethoxazole,1,False,17
341,CC/C(=C(\c1ccccc1)c1ccc(OCCN(C)C)cc1)c1ccccc1,CC/C(=C(\c1ccccc1)c1ccc(OCCN(C)C)cc1)c1ccccc1,Tamoxifen,1,False,28
342,CC1(C)S[C@@H]2[C@H](NC(=O)[C@H](C(=O)[O-])c3ccsc3)C(=O)N2[C@H]1C(=O)[O-].[Na+].[Na+],CC1(C)S[C@@H]2[C@H](NC(=O)[C@H](C(=O)[O-])c3ccsc3)C(=O)N2[C@H]1C(=O)[O-].[Na+].[Na+],Ticarcillin,1,False,27
343,CC[C@@]1(O)C(=O)OCc2c1cc1n(c2=O)Cc2cc3c(CN(C)C)c(O)ccc3nc2-1,CC[C@@]1(O)C(=O)OCc2c1cc1n(c2=O)Cc2cc3c(CN(C)C)c(O)ccc3nc2-1,Topotecan,1,False,31
344,Nc1ccn([C@H]2CC[C@@H](CO)O2)c(=O)n1,Nc1ccn([C@H]2CC[C@@H](CO)O2)c(=O)n1,Zalcitabine,1,False,15
345,NS(=O)(=O)Cc1noc2ccccc12,NS(=O)(=O)Cc1noc2ccccc12,Zonisamide,1,False,14
346,C[C@@H]1[C@H](O)[C@@H](C)/C=C\C=C/C=C\C=C/C=C\C=C/C=C\[C@H](O[C@@H]2O[C@H](C)[C@@H](O)[C@H](N)[C@@H]2O)C[C@@H]2O[C@](O)(C[C@@H](O)C[C@@H](O)[C@H](O)CC[C@@H](O)C[C@@H](O)CC(=O)O[C@H]1C)C[C@H](O)[C@H]2C(=O)O,C[C@@H]1[C@H](O)[C@@H](C)/C=C\C=C/C=C\C=C/C=C\C=C/C=C\[C@H](O[C@@H]2O[C@H](C)[C@@H](O)[C@H](N)[C@@H]2O)C[C@@H]2O[C@](O)(C[C@@H](O)C[C@@H](O)[C@H](O)CC[C@@H](O)C[C@@H](O)CC(=O)O[C@H]1C)C[C@H](O)[C@H]2C(=O)O,AmphotericinB,0,False,65
347,Nc1nc(=O)c2c([nH]1)NCC(CNc1ccc(C(=O)N[C@@H](CCC(=O)[O-])C(=O)[O-])cc1)N2C=O.[Ca+2],Nc1nc(=O)c2c([nH]1)NCC(CNc1ccc(C(=O)N[C@@H](CCC(=O)[O-])C(=O)[O-])cc1)N2C=O.[Ca+2],Calcium-folinate,1,False,35
348,CN(C)[C@@H]1C(=O)/C(=C(\N)O)C(=O)[C@@]2(O)C(=O)C3=C(O)c4c(O)cccc4[C@@](C)(O)[C@H]3[C@H](O)[C@@H]12.O.O,CN(C)[C@@H]1C(=O)/C(=C(\N)O)C(=O)[C@@]2(O)C(=O)C3=C(O)c4c(O)cccc4[C@@](C)(O)[C@H]3[C@H](O)[C@@H]12.O.O,oxytetracycline,0,False,35
349,COc1ccc(Cc2nccc3cc(OC)c(OC)cc23)cc1OC,COc1ccc(Cc2nccc3cc(OC)c(OC)cc23)cc1OC,papaverine,0,False,25
350,CC1(C)S[C@@H]2[C@H](NC(=O)Cc3ccccc3)C(=O)N2[C@H]1C(=O)O,CC1(C)S[C@@H]2[C@H](NC(=O)Cc3ccccc3)C(=O)N2[C@H]1C(=O)O,penicillin G,0,False,23
351,CCOc1ccc(NC(C)=O)cc1,CCOc1ccc(NC(C)=O)cc1,phenacetin,0,False,13
352,Nc1ccc(N=Nc2ccccc2)c(N)n1,Nc1ccc(N=Nc2ccccc2)c(N)n1,phenazopyridine,0,False,16
353,CN(C)CCC(c1ccccc1)c1ccccn1,CN(C)CCC(c1ccccc1)c1ccccn1,pheniramine,0,False,18
354,O=C1OC(c2ccc(O)cc2)(c2ccc(O)cc2)c2ccccc21,O=C1OC(c2ccc(O)cc2)(c2ccc(O)cc2)c2ccccc21,Phenolphthalein,0,False,24
355,CC(COc1ccccc1)N(CCCl)Cc1ccccc1,CC(COc1ccccc1)N(CCCl)Cc1ccccc1,phenoxybenzamine,0,False,21
356,CCCCC1C(=O)N(c2ccccc2)N(c2ccccc2)C1=O,CCCCC1C(=O)N(c2ccccc2)N(c2ccccc2)C1=O,Phenylbutazone,0,False,23
357,CC(C)(C)NCC(O)c1ccc(O)c(CO)n1,CC(C)(C)NCC(O)c1ccc(O)c(CO)n1,pirbuterol,0,False,17
358,Cc1nc2n(c(=O)c1CCN1CCC(c3noc4cc(F)ccc34)CC1)CCCC2,Cc1nc2n(c(=O)c1CCN1CCC(c3noc4cc(F)ccc34)CC1)CCCC2,Risperidone,1,False,30
359,CN1CC[C@@]2(C)c3cc(OC(=O)Nc4ccccc4)ccc3N(C)[C@@H]12,CN1CC[C@@]2(C)c3cc(OC(=O)Nc4ccccc4)ccc3N(C)[C@@H]12,Phenserine,1,False,25
360,Cc1ccc(Cc2cnc(NCCCCc3ncc(Br)cc3C)[nH]c2=O)cn1,Cc1ccc(Cc2cnc(NCCCCc3ncc(Br)cc3C)[nH]c2=O)cn1,Temelastine,0,False,28
361,C#C[C@]1(O)CC[C@H]2[C@@H]3[C@H](C)CC4=C(CCC(=O)C4)[C@H]3CC[C@@]21C,C#C[C@]1(O)CC[C@H]2[C@@H]3[C@H](C)CC4=C(CCC(=O)C4)[C@H]3CC[C@@]21C,Tibolone,1,False,23
362,CC(C)(O/N=C(\C(=O)N[C@@H]1C(=O)N2C(C(=O)[O-])=C(C[n+]3ccccc3)CS[C@H]12)c1csc(N)n1)C(=O)O,CC(C)(O/N=C(\C(=O)N[C@@H]1C(=O)N2C(C(=O)[O-])=C(C[n+]3ccccc3)CS[C@H]12)c1csc(N)n1)C(=O)O,Ceftazidime,1,False,37
363,Nc1[nH]c(=O)ncc1F,Nc1[nH]c(=O)ncc1F,Flucytosine,1,False,9
364,NC(N)=NCC1COC2(CCCCC2)O1,NC(N)=NCC1COC2(CCCCC2)O1,Guanadrel,0,False,15
365,O=NN(CCCl)C(=O)NC1CCCCC1,O=NN(CCCl)C(=O)NC1CCCCC1,Lomustine,1,False,15
366,O=S(=O)([O-])CCS.[Na+],O=S(=O)([O-])CCS.[Na+],Mesna,0,False,8
367,CN(N=O)C(=O)N[C@@H]1[C@@H](O)[C@H](O)[C@@H](CO)O[C@@H]1O,CN(N=O)C(=O)N[C@@H]1[C@@H](O)[C@H](O)[C@@H](CO)O[C@@H]1O,Streptozotocin,0,False,18
368,COc1cc([C@@H]2c3cc4c(cc3[C@@H](OC3OC5COC(c6cccs6)OC5C(O)C3O)[C@H]3COC(=O)[C@H]23)OCO4)cc(OC)c1O,COc1cc([C@@H]2c3cc4c(cc3[C@@H](OC3OC5COC(c6cccs6)OC5C(O)C3O)[C@H]3COC(=O)[C@H]23)OCO4)cc(OC)c1O,Teniposide,1,False,46
369,S=P(N1CC1)(N1CC1)N1CC1,S=P(N1CC1)(N1CC1)N1CC1,Thiotepa,1,False,11
370,CN[C@H](CC(C)C)C(=O)NC1C(=O)N[C@@H](CC(N)=O)C(=O)N[C@H]2C(=O)N[C@H]3C(=O)N[C@H](C(=O)N[C@@H](C(=O)O)c4cc(O)cc(O)c4-c4cc3ccc4O)[C@H](O)c3ccc(c(Cl)c3)Oc3cc2cc(c3O[C@@H]2O[C@H](CO)[C@@H](O)[C@H](O)[C@H]2O[C@H]2C[C@](C)(N)[C@H](O)[C@H](C)O2)Oc2ccc(cc2Cl)[C@H]1O,CN[C@H](CC(C)C)C(=O)NC1C(=O)N[C@@H](CC(N)=O)C(=O)N[C@H]2C(=O)N[C@H]3C(=O)N[C@H](C(=O)N[C@@H](C(=O)O)c4cc(O)cc(O)c4-c4cc3ccc4O)[C@H](O)c3ccc(c(Cl)c3)Oc3cc2cc(c3O[C@@H]2O[C@H](CO)[C@@H](O)[C@H](O)[C@H]2O[C@H]2C[C@](C)(N)[C@H](O)[C@H](C)O2)Oc2ccc(cc2Cl)[C@H]1O,Vancomycin,0,False,101
371,CN1C(CSCC(F)(F)F)Nc2cc(Cl)c(S(N)(=O)=O)cc2S1(=O)=O,CN1C(CSCC(F)(F)F)Nc2cc(Cl)c(S(N)(=O)=O)cc2S1(=O)=O,Polythiazide,0,False,25
372,C[C@]12C=CC(=O)C=C1CC[C@@H]1[C@@H]2[C@@H](O)C[C@@]2(C)[C@H]1CC[C@]2(O)C(=O)CO,C[C@]12C=CC(=O)C=C1CC[C@@H]1[C@@H]2[C@@H](O)C[C@@]2(C)[C@H]1CC[C@]2(O)C(=O)CO,prednisolone,0,False,26
373,C[C@]12C=CC(=O)C=C1CC[C@@H]1[C@@H]2C(=O)C[C@@]2(C)[C@H]1CC[C@]2(O)C(=O)CO,C[C@]12C=CC(=O)C=C1CC[C@@H]1[C@@H]2C(=O)C[C@@]2(C)[C@H]1CC[C@]2(O)C(=O)CO,prednisone,0,False,26
374,CCCN(CCC)S(=O)(=O)c1ccc(C(=O)O)cc1,CCCN(CCC)S(=O)(=O)c1ccc(C(=O)O)cc1,probenecid,0,False,19
375,CC(=O)[C@H]1CC[C@H]2[C@@H]3CCC4=CC(=O)CC[C@]4(C)[C@H]3CC[C@]12C,CC(=O)[C@H]1CC[C@H]2[C@@H]3CCC4=CC(=O)CC[C@]4(C)[C@H]3CC[C@]12C,progesterone,0,False,23
376,CC(C)NCC(O)COc1cccc2ccccc12,CC(C)NCC(O)COc1cccc2ccccc12,propranolol,0,False,19
377,CC1OC(O[C@@H]2C=C3CC[C@@H]4[C@H](CC[C@]5(C)[C@@H](c6ccc(=O)oc6)CC[C@]45O)[C@@]3(C)CC2)C(O)C(O)C1O,CC1OC(O[C@@H]2C=C3CC[C@@H]4[C@H](CC[C@]5(C)[C@@H](c6ccc(=O)oc6)CC[C@]45O)[C@@]3(C)CC2)C(O)C(O)C1O,proscillaridin,0,False,38
378,COc1ccc(C[C@H](N)C(=O)NC2[C@@H](O)[C@H](n3cnc4c(N(C)C)ncnc43)O[C@@H]2CO)cc1,COc1ccc(C[C@H](N)C(=O)NC2[C@@H](O)[C@H](n3cnc4c(N(C)C)ncnc43)O[C@@H]2CO)cc1,puromycin,0,False,34
379,NC(=O)c1ncn([C@@H]2O[C@H](CO)[C@@H](O)[C@H]2O)n1,NC(=O)c1ncn([C@@H]2O[C@H](CO)[C@@H](O)[C@H]2O)n1,ribavirin,0,False,17
380,CN=C(NC#N)NCCSCc1csc(N=C(N)N)n1,CN=C(NC#N)NCCSCc1csc(N=C(N)N)n1,Tiotidine,1,False,20
381,O=C(O)/C=C\C(=O)O.O=C(O)/C=C\C(=O)O.c1cc(CN2CCCCC2)cc(OCCCNc2nc3ccccc3s2)c1,O=C(O)/C=C\C(=O)O.O=C(O)/C=C\C(=O)O.c1cc(CN2CCCCC2)cc(OCCCNc2nc3ccccc3s2)c1,Zolantidine,1,False,43
382,OCc1ncc2n1-c1ccc(Cl)cc1C(c1ccccc1F)=NC2,OCc1ncc2n1-c1ccc(Cl)cc1C(c1ccccc1F)=NC2,1-hydroxymidazolam,1,False,24
383,CC(Cl)(Cl)Cl,CC(Cl)(Cl)Cl,111-trichloroethane,1,False,5
384,FC(F)(F)CCl,FC(F)(F)CCl,"""1,1,1-Trifluro-2-chloroethane""",1,False,6
385,CC(C)CO,CC(C)CO,2-methylpropanol,1,False,5
386,CCC(C)(C)C,CCC(C)(C)C,"""2,2-dimethylbutane""",1,False,6
387,Nc1ncnc2c1ncn2C1OC(CO)C(O)C1O,Nc1ncnc2c1ncn2C1OC(CO)C(O)C1O,Vidarabine,1,False,19
388,CN1Cc2c(-c3noc(C(C)(CO)CO)n3)ncn2-c2cccc(Cl)c2C1=O,CN1Cc2c(-c3noc(C(C)(CO)CO)n3)ncn2-c2cccc(Cl)c2C1=O,Bis-hydroxylated-L-663581,0,False,28
389,CN1Cc2c(-c3noc(C(C)(C)O)n3)ncn2-c2cccc(Cl)c2C1=O,CN1Cc2c(-c3noc(C(C)(C)O)n3)ncn2-c2cccc(Cl)c2C1=O,MIL-663581,0,False,26
390,S=C(NC1CCCCC1)N1CCC(c2cnc[nH]2)CC1,S=C(NC1CCCCC1)N1CCC(c2cnc[nH]2)CC1,Thioperamide,1,False,20
391,COC1C=COC2(C)Oc3c(C)c(O)c4c(c3C2=O)C(=O)C(=CNN2CCN(C)CC2)C(=C4O)NC(=O)C(C)=CC=CC(C)C(O)C(C)C(O)C(C)C(OC(C)=O)C1C,COC1C=COC2(C)Oc3c(C)c(O)c4c(c3C2=O)C(=O)C(=CNN2CCN(C)CC2)C(=C4O)NC(=O)C(C)=CC=CC(C)C(O)C(C)C(O)C(C)C(OC(C)=O)C1C,rifampin,0,False,59
392,O=C(O)c1ccccc1O,O=C(O)c1ccccc1O,salicylic acid,0,False,10
393,CN1[C@@H]2CC(OC(=O)[C@H](CO)c3ccccc3)C[C@H]1[C@@H]1O[C@@H]12,CN1[C@@H]2CC(OC(=O)[C@H](CO)c3ccccc3)C[C@H]1[C@@H]1O[C@@H]12,scopolamine,0,False,22
394,CC(=O)S[C@@H]1CC2=CC(=O)CC[C@]2(C)[C@H]2CC[C@@]3(C)[C@@H](CC[C@@]34CCC(=O)O4)[C@H]12,CC(=O)S[C@@H]1CC2=CC(=O)CC[C@]2(C)[C@H]2CC[C@@]3(C)[C@@H](CC[C@@]34CCC(=O)O4)[C@H]12,Spironolactone,0,False,29
395,C[C@]12Cc3cn[nH]c3C[C@@H]1CC[C@@H]1[C@@H]2CC[C@@]2(C)[C@H]1CC[C@]2(C)O,C[C@]12Cc3cn[nH]c3C[C@@H]1CC[C@@H]1[C@@H]2CC[C@@]2(C)[C@H]1CC[C@]2(C)O,Stanozolol,0,False,24
396,O=C(O)C1=C/C(=N\Nc2ccc(S(=O)(=O)Nc3ccccn3)cc2)C=CC1=O,O=C(O)C1=C/C(=N\Nc2ccc(S(=O)(=O)Nc3ccccn3)cc2)C=CC1=O,sulfasalazine,0,False,28
397,CC(C)N1CCN(c2ccc(OC[C@H]3CO[C@](Cn4cncn4)(c4ccc(Cl)cc4Cl)O3)cc2)CC1,CC(C)N1CCN(c2ccc(OC[C@H]3CO[C@](Cn4cncn4)(c4ccc(Cl)cc4Cl)O3)cc2)CC1,Terconazole,0,False,36
398,C[C@]12C=CC(=O)C=C1CC[C@@H]1[C@@H]2CC[C@]2(C)OC(=O)CC[C@@H]12,C[C@]12C=CC(=O)C=C1CC[C@@H]1[C@@H]2CC[C@]2(C)OC(=O)CC[C@@H]12,testolactone,0,False,22
399,C[C@]12CC[C@H]3[C@@H](CCC4=CC(=O)CC[C@@]43C)[C@@H]1CC[C@@H]2O,C[C@]12CC[C@H]3[C@@H](CCC4=CC(=O)CC[C@@]43C)[C@@H]1CC[C@@H]2O,testosterone,0,False,21
400,CN(C)[C@@H]1C(=O)/C(=C(\N)O)C(=O)[C@@]2(O)C(=O)C3=C(O)c4c(O)cccc4[C@@](C)(O)[C@H]3C[C@@H]12,CN(C)[C@@H]1C(=O)/C(=C(\N)O)C(=O)[C@@]2(O)C(=O)C3=C(O)c4c(O)cccc4[C@@](C)(O)[C@H]3C[C@@H]12,TetraCycline,0,False,32
401,CCCC(C)CC,CCCC(C)CC,3-methylhexane,1,False,7
402,CCC(C)CC,CCC(C)CC,3-methylpentane,1,False,6
403,Cc1ncc2n1-c1ccc(Cl)cc1C(c1ccccc1F)=NC2O,Cc1ncc2n1-c1ccc(Cl)cc1C(c1ccccc1F)=NC2O,4-hydroxymidazolam,1,False,24
404,Cc1c(N(C)C)c(=O)n(-c2ccccc2)n1C,Cc1c(N(C)C)c(=O)n(-c2ccccc2)n1C,Aminopyrine,1,False,17
405,CC(C)NCC(O)COc1ccc(CC(N)=O)cc1,CC(C)NCC(O)COc1ccc(CC(N)=O)cc1,Atenolol,0,False,19
406,c1ccccc1,c1ccccc1,Benzene,1,False,6
407,CC(C)(C)OC(=O)c1ncn2c1[C@@H]1CCCN1C(=O)c1c(Br)cccc1-2,CC(C)(C)OC(=O)c1ncn2c1[C@@H]1CCCN1C(=O)c1c(Br)cccc1-2,Bretazenil,1,False,26
408,O=C(CCCN1CCC(O)(c2ccc(Br)cc2)CC1)c1ccc(F)cc1,O=C(CCCN1CCC(O)(c2ccc(Br)cc2)CC1)c1ccc(F)cc1,Bromperidol,1,False,26
409,OC(c1cc(C(F)(F)F)nc2c(C(F)(F)F)cccc12)C1CCCCN1,OC(c1cc(C(F)(F)F)nc2c(C(F)(F)F)cccc12)C1CCCCN1,Mefloquine,1,False,26
410,CC1COc2c(N3CCN(C)CC3)c(F)cc3c(=O)c(C(=O)O)cn1c23,CC1COc2c(N3CCN(C)CC3)c(F)cc3c(=O)c(C(=O)O)cn1c23,40730,1,False,26
411,CN1c2ccccc2C(c2ccccc2F)=NCC1CNC(=O)c1ccsc1,CN1c2ccccc2C(c2ccccc2F)=NCC1CNC(=O)c1ccsc1,Tifluadom,1,False,28
412,C[C@]12CCC(=O)C=C1CC[C@@H]1[C@@H]2[C@@H](O)C[C@]2(C=O)[C@@H](C(=O)CO)CC[C@@H]12,C[C@]12CCC(=O)C=C1CC[C@@H]1[C@@H]2[C@@H](O)C[C@]2(C=O)[C@@H](C(=O)CO)CC[C@@H]12,aldosterone,0,False,26
413,O=C(Cc1ccc(Cl)c(Cl)c1)N1CCCC[C@H]1CN1CCCC1,O=C(Cc1ccc(Cl)c(Cl)c1)N1CCCC[C@H]1CN1CCCC1,BRL52537,1,False,23
414,O=C(Cc1ccc(Cl)c(Cl)c1)N1CCc2ccccc2[C@H]1CN1CCCC1,O=C(Cc1ccc(Cl)c(Cl)c1)N1CCc2ccccc2[C@H]1CN1CCCC1,BRL52580,1,False,27
415,O=C(Cc1ccc(C(F)(F)F)cc1)N1CCCC[C@H]1CN1CCCC1,O=C(Cc1ccc(C(F)(F)F)cc1)N1CCCC[C@H]1CN1CCCC1,BRL52656,1,False,25
416,O=C(Cc1ccc(Cl)c(Cl)c1)N1CCc2sccc2[C@H]1CN1CCCC1,O=C(Cc1ccc(Cl)c(Cl)c1)N1CCc2sccc2[C@H]1CN1CCCC1,BRL52871,1,False,26
417,Cn1c(=O)c2[nH]cnc2n(C)c1=O,Cn1c(=O)c2[nH]cnc2n(C)c1=O,theophylline,0,False,13
418,Nc1nc(=S)c2[nH]cnc2[nH]1,Nc1nc(=S)c2[nH]cnc2[nH]1,thioguanine,0,False,11
419,Cc1ccc(S(=O)(=O)NC(=O)NN2CCCCCC2)cc1,Cc1ccc(S(=O)(=O)NC(=O)NN2CCCCCC2)cc1,tolazamide,0,False,21
420,CCCCNC(=O)NS(=O)(=O)c1ccc(C)cc1,CCCCNC(=O)NS(=O)(=O)c1ccc(C)cc1,tolbutamide,0,False,18
421,C[C@]12C=CC(=O)C=C1CC[C@H]1[C@@H]3C[C@@H](O)[C@](O)(C(=O)CO)[C@@]3(C)C[C@H](O)[C@@]12F,C[C@]12C=CC(=O)C=C1CC[C@H]1[C@@H]3C[C@@H](O)[C@](O)(C(=O)CO)[C@@]3(C)C[C@H](O)[C@@]12F,Triamcinolone,0,False,28
422,Nc1nc(N)c2nc(-c3ccccc3)c(N)nc2n1,Nc1nc(N)c2nc(-c3ccccc3)c(N)nc2n1,Triamterene,0,False,19
423,NS(=O)(=O)c1cc2c(cc1Cl)NC(C(Cl)Cl)NS2(=O)=O,NS(=O)(=O)c1cc2c(cc1Cl)NC(C(Cl)Cl)NS2(=O)=O,Trichlormethiazide,0,False,20
424,CC(C)C1NC(=O)[C@@H](C(C)C)OC(=O)[C@H](C(C)C)NC(=O)[C@H](C)OC(=O)[C@@H](C(C)C)NC(=O)[C@@H](C(C)C)OC(=O)[C@H](C(C)C)NC(=O)[C@H](C)OC(=O)[C@@H](C(C)C)NC(=O)[C@@H](C(C)C)OC(=O)[C@H](C(C)C)NC(=O)[C@H](C)OC1=O,CC(C)C1NC(=O)[C@@H](C(C)C)OC(=O)[C@H](C(C)C)NC(=O)[C@H](C)OC(=O)[C@@H](C(C)C)NC(=O)[C@@H](C(C)C)OC(=O)[C@H](C(C)C)NC(=O)[C@H](C)OC(=O)[C@@H](C(C)C)NC(=O)[C@@H](C(C)C)OC(=O)[C@H](C(C)C)NC(=O)[C@H](C)OC1=O,valinomycin,0,False,78
425,COc1ccc(CCN(C)CCCC(C#N)(c2ccc(OC)c(OC)c2)C(C)C)cc1OC,COc1ccc(CCN(C)CCCC(C#N)(c2ccc(OC)c(OC)c2)C(C)C)cc1OC,verapamil,0,False,33
426,CC(=O)CC(c1ccccc1)c1c(O)oc2ccccc2c1=O,CC(=O)CC(c1ccccc1)c1c(O)oc2ccccc2c1=O,warfarin,0,False,23
427,CCC(C)=O,CCC(C)=O,Butanone,1,False,5
428,C1CC1,C1CC1,Cyclopropane,1,False,3
429,NCCCN1c2ccccc2CCc2ccccc21,NCCCN1c2ccccc2CCc2ccccc21,Desmethyldesipramine,1,False,19
430,ClCCl,ClCCl,18,1,False,3
431,CCOCC,CCOCC,Diethylether,1,False,5
432,C=COC=C,C=COC=C,Divinylether,1,False,5
433,FC(F)OC(F)(F)C(F)Cl,FC(F)OC(F)(F)C(F)Cl,Enflurane,1,False,10
434,O=C(Cc1ccc(Cl)c(Cl)c1)N1CCc2[nH]cnc2[C@H]1CN1CCCC1,O=C(Cc1ccc(Cl)c(Cl)c1)N1CCc2[nH]cnc2[C@H]1CN1CCCC1,BRL52974,0,False,26
435,CC1(C)CCN(C(=O)Cc2ccc(Cl)c(Cl)c2)[C@@H](CN2CCCC2)C1,CC1(C)CCN(C(=O)Cc2ccc(Cl)c(Cl)c2)[C@@H](CN2CCCC2)C1,BRL53087,1,False,25
436,CC(C)(C(=O)O)c1ccc(C(=O)CCCN2CCC(OC(c3ccccc3)c3ccccc3)CC2)cc1,CC(C)(C(=O)O)c1ccc(C(=O)CCCN2CCC(OC(c3ccccc3)c3ccccc3)CC2)cc1,carebastine,0,False,37
437,O=C(O)COCCN1CCN(C(c2ccccc2)c2ccc(Cl)cc2)CC1,O=C(O)COCCN1CCN(C(c2ccccc2)c2ccc(Cl)cc2)CC1,cetirizine,0,False,27
438,O=C(O)c1cn(C2CC2)c2cc(N3CCNCC3)c(F)cc2c1=O,O=C(O)c1cn(C2CC2)c2cc(N3CCNCC3)c(F)cc2c1=O,ciprofloxacin,0,False,24
439,CCc1c(O)c(=O)ccn1CCO,CCc1c(O)c(=O)ccn1CCO,cp102,0,False,13
440,CCc1c(O)c(=O)ccn1CCCCO,CCc1c(O)c(=O)ccn1CCCCO,cp107,0,False,15
441,COC(=O)[C@@H]1[C@H]2C[C@H]3c4[nH]c5ccccc5c4CCN3C[C@@H]2CC[C@@H]1O,COC(=O)[C@@H]1[C@H]2C[C@H]3c4[nH]c5ccccc5c4CCN3C[C@@H]2CC[C@@H]1O,yohimbine,0,False,26
442,Cc1cn([C@H]2C[C@H](N=[N+]=[N-])[C@@H](CO)O2)c(=O)[nH]c1=O,Cc1cn([C@H]2C[C@H](N=[N+]=[N-])[C@@H](CO)O2)c(=O)[nH]c1=O,zidovudine,0,False,19
443,CC(=O)c1ccc2c(c1)N(CCCN(C)C)c1ccccc1S2,CC(=O)c1ccc2c(c1)N(CCCN(C)C)c1ccccc1S2,acepromazine,1,False,23
444,CC(=O)c1ccc2c(c1)N(CCCN1CCN(CCO)CC1)c1ccccc1S2,CC(=O)c1ccc2c(c1)N(CCCN1CCN(CCO)CC1)c1ccccc1S2,acetophenazine,1,False,29
445,CC(=O)Nc1nnc(S(N)(=O)=O)s1,CC(=O)Nc1nnc(S(N)(=O)=O)s1,acetozalamide,1,False,13
446,C=CCC1(CC=C)C(=O)NC(=O)NC1=O,C=CCC1(CC=C)C(=O)NC(=O)NC1=O,allobarbital,1,False,15
447,NC12CC3CC(CC(C3)C1)C2.[Cl-].[H+],NC12CC3CC(CC(C3)C1)C2.[Cl-].[H+],amantadine,1,False,13
448,CN(C)CCC=C1c2ccccc2CCc2ccccc21,CN(C)CCC=C1c2ccccc2CCc2ccccc21,36,1,False,21
449,CCC1(CCC(C)C)C(=O)NC(=O)NC1=O,CCC1(CCC(C)C)C(=O)NC(=O)NC1=O,amobarbital,1,False,16
450,CC(N)Cc1ccccc1,CC(N)Cc1ccccc1,amphetamine,1,False,10
451,CCO,CCO,Ethanol,1,False,3
452,CCc1ccccc1,CCc1ccccc1,38480,1,False,8
453,CCOC(=O)c1ncn2c1CN(C)C(=O)c1cc(F)ccc1-2,CCOC(=O)c1ncn2c1CN(C)C(=O)c1cc(F)ccc1-2,Flumazenil,1,False,22
454,CN1C(=O)CN=C(c2ccccc2F)c2cc([N+](=O)[O-])ccc21,CN1C(=O)CN=C(c2ccccc2F)c2cc([N+](=O)[O-])ccc21,Flunitrazepam,1,False,23
455,C=COCC(F)(F)F,C=COCC(F)(F)F,Fluroxene,1,False,8
456,FC(F)(F)C(Cl)Br,FC(F)(F)C(Cl)Br,Halothane,1,False,7
457,CCCCCCC,CCCCCCC,Heptane,1,False,7
458,CCCCCC,CCCCCC,Hexane,1,False,6
459,Cc1c(O)c(=O)ccn1C,Cc1c(O)c(=O)ccn1C,cp20,1,False,10
460,CCn1ccc(=O)c(O)c1C,CCn1ccc(=O)c(O)c1C,cp21,1,False,11
461,CCCCn1ccc(=O)c(O)c1C,CCCCn1ccc(=O)c(O)c1C,cp24,1,False,13
462,CCCCCn1ccc(=O)c(O)c1C,CCCCCn1ccc(=O)c(O)c1C,cp25,1,False,14
463,CCCCCn1ccc(=O)c(O)c1C,CCCCCn1ccc(=O)c(O)c1C,cp25,1,False,14
464,Cc1c(O)c(=O)ccn1CCCO,Cc1c(O)c(=O)ccn1CCCO,cp41,0,False,13
465,CCc1c(O)c(=O)ccn1CC,CCc1c(O)c(=O)ccn1CC,cp94,1,False,12
466,CN1CCN(c2cc3c(cc2F)c(=O)c(C(=O)O)cn3-c2ccc(F)cc2)CC1,CN1CCN(c2cc3c(cc2F)c(=O)c(C(=O)O)cn3-c2ccc(F)cc2)CC1,difloxacin,0,False,29
467,Cc1cc(=O)n(-c2ccccc2)n1C,Cc1cc(=O)n(-c2ccccc2)n1C,antipyrine,1,False,14
468,CN1CCc2cccc3c2[C@H]1Cc1ccc(O)c(O)c1-3,CN1CCc2cccc3c2[C@H]1Cc1ccc(O)c(O)c1-3,apomorphine,1,False,20
469,COC(=O)C1=CCCN(C)C1,COC(=O)C1=CCCN(C)C1,arecoline,1,False,11
470,O=C(CCCN1CCN(c2ccccn2)CC1)c1ccc(F)cc1,O=C(CCCN1CCN(c2ccccn2)CC1)c1ccc(F)cc1,azaperone,1,False,24
471,CCN(CC)CCOC(=O)C(O)(c1ccccc1)c1ccccc1.[Cl-].[H+],CCN(CC)CCOC(=O)C(O)(c1ccccc1)c1ccccc1.[Cl-].[H+],benactyzine,1,False,26
472,O=C(CCCN1CCC(n2c(=O)[nH]c3ccccc32)CC1)c1ccc(F)cc1,O=C(CCCN1CCC(n2c(=O)[nH]c3ccccc32)CC1)c1ccc(F)cc1,benperidol,1,False,28
473,CCOC(=O)c1ccc(N)cc1,CCOC(=O)c1ccc(N)cc1,benzocaine,1,False,12
474,CCN(CC)C(=O)C1CN2CCc3cc(OC)c(OC)cc3C2CC1OC(C)=O,CCN(CC)C(=O)C1CN2CCc3cc(OC)c(OC)cc3C2CC1OC(C)=O,benzquinamide,1,False,29
475,CN1C2CCC1CC(OC(c1ccccc1)c1ccccc1)C2.O=S(=O)(O)O,CN1C2CCC1CC(OC(c1ccccc1)c1ccccc1)C2.O=S(=O)(O)O,benztropine,1,False,28
476,OC(CCN1CCCCC1)(c1ccccc1)C1CC2C=CC1C2,OC(CCN1CCCCC1)(c1ccccc1)C1CC2C=CC1C2,biperiden,1,False,23
477,CN1C(=O)NC(=O)C(C)(C2=CCCCC2)C1=O,CN1C(=O)NC(=O)C(C)(C2=CCCCC2)C1=O,Hexobarbital,1,False,17
478,CC(C)(C)NC(=O)[C@@H]1CN(Cc2cccnc2)CCN1C[C@@H](O)C[C@@H](Cc1ccccc1)C(=O)N[C@H]1c2ccccc2C[C@H]1O,CC(C)(C)NC(=O)[C@@H]1CN(Cc2cccnc2)CCN1C[C@@H](O)C[C@@H](Cc1ccccc1)C(=O)N[C@H]1c2ccccc2C[C@H]1O,Indinavir,1,False,45
479,FC(F)OC(Cl)C(F)(F)F,FC(F)OC(Cl)C(F)(F)F,Isoflurane,1,False,10
480,C=CCC1(C(C)C#CCC)C(=O)NC(=O)N(C)C1=O,C=CCC1(C(C)C#CCC)C(=O)NC(=O)N(C)C1=O,Methohexital,1,False,19
481,COC(F)(F)C(Cl)Cl,COC(F)(F)C(Cl)Cl,Methoxyflurane,1,False,8
482,CC1CCCC1,CC1CCCC1,Methylcyclopentane,1,False,6
483,CNCCCN1c2ccccc2Sc2ccc(Cl)cc21,CNCCCN1c2ccccc2Sc2ccc(Cl)cc21,Nor-1-chlorpromazine,1,False,20
484,NCCCN1c2ccccc2Sc2ccc(Cl)cc21,NCCCN1c2ccccc2Sc2ccc(Cl)cc21,Nor-2-chlorpromazine,1,False,19
485,CN(C)CCOC(C)(c1ccccc1)c1ccccn1,CN(C)CCOC(C)(c1ccccc1)c1ccccn1,doxylamine,1,False,20
486,CN(C(=O)Cc1ccccc1N)[C@@H](CN1CC[C@@H](O)C1)c1ccccc1,CN(C(=O)Cc1ccccc1N)[C@@H](CN1CC[C@@H](O)C1)c1ccccc1,EMD60400,0,False,26
487,CCn1cc(C(=O)O)c(=O)c2cc(F)c(N3CCNCC3)nc21,CCn1cc(C(=O)O)c(=O)c2cc(F)c(N3CCNCC3)nc21,enoxacin,0,False,23
488,CN1CCN(c2c(F)cc3c(=O)c(C(=O)O)cn(CCF)c3c2F)CC1,CN1CCN(c2c(F)cc3c(=O)c(C(=O)O)cn(CCF)c3c2F)CC1,fleroxacin,0,False,26
489,CC(=O)N1CCN(C(=O)Cc2ccc(Cl)c(Cl)c2)[C@@H](CN2CCCC2)C1,CC(=O)N1CCN(C(=O)Cc2ccc(Cl)c(Cl)c2)[C@@H](CN2CCCC2)C1,GR85571,1,False,26
490,O=C(Cc1ccc(Cl)c(Cl)c1)N1CCc2occc2[C@H]1CN1CCCC1,O=C(Cc1ccc(Cl)c(Cl)c1)N1CCc2occc2[C@H]1CN1CCCC1,GR88377,1,False,26
491,COC(=O)N1CCN(C(=O)Cc2ccc(Cl)c(Cl)c2)[C@@H](CN2CCCC2)C1,COC(=O)N1CCN(C(=O)Cc2ccc(Cl)c(Cl)c2)[C@@H](CN2CCCC2)C1,GR89696,1,False,27
492,O=C1CN=C(c2ccccn2)c2cc(Br)ccc2N1,O=C1CN=C(c2ccccn2)c2cc(Br)ccc2N1,bromazepam,1,False,19
493,CC(C)(C)c1ccc(CN2CCN(C(c3ccccc3)c3ccc(Cl)cc3)CC2)cc1,CC(C)(C)c1ccc(CN2CCN(C(c3ccccc3)c3ccc(Cl)cc3)CC2)cc1,buclizine,1,False,31
494,CN(C)CCc1c[nH]c2ccc(O)cc12,CN(C)CCc1c[nH]c2ccc(O)cc12,bufotenine,1,False,15
495,CC(NC(C)(C)C)C(=O)c1cccc(Cl)c1,CC(NC(C)(C)C)C(=O)c1cccc(Cl)c1,bupropion,1,False,16
496,O=C(NCc1ccccc1)OCCO,O=C(NCc1ccccc1)OCCO,buramate,1,False,14
497,CCC(C)C1(CC)C(=O)NC(=O)NC1=O,CCC(C)C1(CC)C(=O)NC(=O)NC1=O,butabarbital,1,False,15
498,Cn1c(=O)c2c(ncn2C)n(C)c1=O,Cn1c(=O)c2c(ncn2C)n(C)c1=O,caffeine,1,False,14
499,C=C(C)[C@@H]1CCC(C)=CC1c1c(O)cc(CCCCC)cc1O,C=C(C)[C@@H]1CCC(C)=CC1c1c(O)cc(CCCCC)cc1O,cannabidiol,1,False,23
500,CCC(C)C(CC)C(=O)NC(N)=O,CCC(C)C(CC)C(=O)NC(N)=O,capuride,1,False,13
501,NC(=O)N1c2ccccc2C=Cc2ccccc21,NC(=O)N1c2ccccc2C=Cc2ccccc21,carbamazepine,1,False,18
502,CSc1ccc2c(c1)N(CCC1CCCNC1)c1ccccc1S2,CSc1ccc2c(c1)N(CCC1CCCNC1)c1ccccc1S2,Northioridazine,1,False,24
503,O=C1CCCN1CCCCN1CCN(c2cc(C(F)(F)F)ccn2)CC1,O=C1CCCN1CCCCN1CCN(c2cc(C(F)(F)F)ccn2)CC1,Org13011,1,False,26
504,Cn1c(=O)[nH]c2ncn(C)c2c1=O,Cn1c(=O)[nH]c2ncn(C)c2c1=O,Paraxanthine,1,False,13
505,CCCCC,CCCCC,Pentane,1,False,5
506,CCCO,CCCO,Propanol,1,False,4
507,CC(C)=O,CC(C)=O,Propanone,1,False,4
508,CCOC(=O)N1CCN(C(=O)Cc2ccc(Cl)c(Cl)c2)[C@@H](CN2CCCC2)C1,CCOC(=O)N1CCN(C(=O)Cc2ccc(Cl)c(Cl)c2)[C@@H](CN2CCCC2)C1,GR89696_et,1,False,28
509,CCCOC(=O)N1CCN(C(=O)Cc2ccc(Cl)c(Cl)c2)[C@@H](CN2CCCC2)C1,CCCOC(=O)N1CCN(C(=O)Cc2ccc(Cl)c(Cl)c2)[C@@H](CN2CCCC2)C1,GR89696_pr,1,False,29
510,O=C(Cc1ccc(Cl)c(Cl)c1)N1CCc2occc2[C@H]1CN1CC[C@@H](O)C1,O=C(Cc1ccc(Cl)c(Cl)c1)N1CCc2occc2[C@H]1CN1CC[C@@H](O)C1,GR91272,1,False,27
511,CC(=O)N1CCN(C(=O)Cc2ccc(Cl)c(Cl)c2)[C@@H](CN2CC[C@@H](O)C2)C1,CC(=O)N1CCN(C(=O)Cc2ccc(Cl)c(Cl)c2)[C@@H](CN2CC[C@@H](O)C2)C1,GR94839,0,False,27
512,CC(=O)N1CCN(C(=O)Cc2ccc(C(F)(F)F)cc2)[C@@H](CN2CC[C@@H](O)C2)C1,CC(=O)N1CCN(C(=O)Cc2ccc(C(F)(F)F)cc2)[C@@H](CN2CC[C@@H](O)C2)C1,GR94839_A,0,False,29
513,CSc1ccc(CC(=O)N2CCN(C(C)=O)C[C@@H]2CN2CC[C@@H](O)C2)cc1,CSc1ccc(CC(=O)N2CCN(C(C)=O)C[C@@H]2CN2CC[C@@H](O)C2)cc1,GR94839_B,0,False,27
514,CC(=O)N1CCN(C(=O)Cc2cc(F)cc(F)c2)[C@@H](CN2CC[C@@H](O)C2)C1,CC(=O)N1CCN(C(=O)Cc2cc(F)cc(F)c2)[C@@H](CN2CC[C@@H](O)C2)C1,GR94839_C,0,False,27
515,COc1cccc(CC(=O)N2CCN(C(C)=O)C[C@@H]2CN2CC[C@@H](O)C2)c1,COc1cccc(CC(=O)N2CCN(C(C)=O)C[C@@H]2CN2CC[C@@H](O)C2)c1,GR94839_D,0,False,27
516,CC(=O)N1CCN(C(=O)Cc2ccc([N+](=O)[O-])cc2)[C@@H](CN2CC[C@H](O)C2)C1,CC(=O)N1CCN(C(=O)Cc2ccc([N+](=O)[O-])cc2)[C@@H](CN2CC[C@H](O)C2)C1,GR94839_E,0,False,28
517,COc1ccc(CC(=O)N2CCN(C(C)=O)C[C@@H]2CN2CC[C@@H](O)C2)cc1,COc1ccc(CC(=O)N2CCN(C(C)=O)C[C@@H]2CN2CC[C@@H](O)C2)cc1,GR94839_F,0,False,27
518,CCC(=O)c1ccc2c(c1)N(CCCN1CCN(CCO)CC1)c1ccccc1S2,CCC(=O)c1ccc2c(c1)N(CCCN1CCN(CCO)CC1)c1ccccc1S2,carphenazine,1,False,30
519,CCCCNc1c(C(=O)OCC)cnc2c1cnn2CC,CCCCNc1c(C(=O)OCC)cnc2c1cnn2CC,cartazolate,1,False,21
520,Nn1cnc2cc3ccccc3cc2c1=O,Nn1cnc2cc3ccccc3cc2c1=O,centazolone,1,False,16
521,OC(O)C(Cl)(Cl)Cl,OC(O)C(Cl)(Cl)Cl,chloralhydrate,1,False,7
522,CN=C1CN(O)C(c2ccccc2)=c2cc(Cl)ccc2=N1,CN=C1CN(O)C(c2ccccc2)=c2cc(Cl)ccc2=N1,chlordiazepoxide,1,False,21
523,CN(C)CCCN1c2ccccc2Sc2ccc(Cl)cc21,CN(C)CCCN1c2ccccc2Sc2ccc(Cl)cc21,chlorpromazine,1,False,21
524,CN(C)CC/C=C1/c2ccccc2Sc2ccc(Cl)cc21,CN(C)CC/C=C1/c2ccccc2Sc2ccc(Cl)cc21,chlorprothixene,1,False,21
525,O=c1[nH]c2cc(Cl)ccc2o1,O=c1[nH]c2cc(Cl)ccc2o1,chlorzoxazone,1,False,11
526,C[N+](C)(C)CCO,C[N+](C)(C)CCO,choline,1,False,7
527,CN1C(=O)CC(=O)N(c2ccccc2)c2cc(Cl)ccc21,CN1C(=O)CC(=O)N(c2ccccc2)c2cc(Cl)ccc21,clobazam,1,False,21
528,CN1Cc2c(C(=O)OC(C)(C)C)ncn2-c2ccsc2C1=O,CN1Cc2c(C(=O)OC(C)(C)C)ncn2-c2ccsc2C1=O,RO19-4603,1,False,22
529,CCCN(CCC)CCc1cccc2c1CC(=O)N2,CCCN(CCC)CCc1cccc2c1CC(=O)N2,SKF101468,1,False,19
530,CCCN(CCC)CCc1ccc(O)c2c1CC(=O)N2,CCCN(CCC)CCc1ccc(O)c2c1CC(=O)N2,SKF89124,1,False,20
531,O=C(O)CNC(=O)c1ccccc1O,O=C(O)CNC(=O)c1ccccc1O,Salicyluricacid,1,False,14
532,CN1CCCCC1CCN1c2ccccc2Sc2ccc(S(C)(=O)=O)cc21,CN1CCCCC1CCN1c2ccccc2Sc2ccc(S(C)(=O)=O)cc21,Sulforidazine,1,False,27
533,FC(Br)C(F)(F)F,FC(Br)C(F)(F)F,Teflurane,1,False,7
534,Cn1cnc2c1c(=O)[nH]c(=O)n2C,Cn1cnc2c1c(=O)[nH]c(=O)n2C,Theobromine,1,False,13
535,CCCC(C)C1(CC)C(=O)NC(=S)NC1=O,CCCC(C)C1(CC)C(=O)NC(=S)NC1=O,Thiopental,0,False,16
536,Cc1ccccc1,Cc1ccccc1,Toluene,1,False,7
537,Cc1nnc2n1-c1ccc(Cl)cc1C(c1ccccc1Cl)=NC2,Cc1nnc2n1-c1ccc(Cl)cc1C(c1ccccc1Cl)=NC2,Triazolam,1,False,23
538,CC(=O)N1CCN(C(=O)Cc2cccc([N+](=O)[O-])c2)[C@@H](CN2CC[C@H](O)C2)C1,CC(=O)N1CCN(C(=O)Cc2cccc([N+](=O)[O-])c2)[C@@H](CN2CC[C@H](O)C2)C1,GR94839_G,0,False,28
539,CC(=O)N1CCN(C(=O)Cc2ccccc2)[C@@H](CN2CC[C@@H](O)C2)C1,CC(=O)N1CCN(C(=O)Cc2ccccc2)[C@@H](CN2CC[C@@H](O)C2)C1,GR94839_H,0,False,25
540,CC(=O)N1CCN(C(=O)Cc2ccc([S@@](C)=O)cc2)[C@@H](CN2CC[C@H](O)C2)C1,CC(=O)N1CCN(C(=O)Cc2ccc([S@@](C)=O)cc2)[C@@H](CN2CC[C@H](O)C2)C1,GR94839_I,0,False,28
541,CC(=O)N1CCN(C(=O)Cc2ccc(S(C)(=O)=O)cc2)[C@@H](CN2CC[C@H](O)C2)C1,CC(=O)N1CCN(C(=O)Cc2ccc(S(C)(=O)=O)cc2)[C@@H](CN2CC[C@H](O)C2)C1,GR94839_L,0,False,29
542,CC(C)[C@@H](CN1CCCC1)N(C)C(=O)Cc1ccc(Cl)c(Cl)c1,CC(C)[C@@H](CN1CCCC1)N(C)C(=O)Cc1ccc(Cl)c(Cl)c1,ICI197067,1,False,23
543,CN(C(=O)Cc1ccc(Cl)c(Cl)c1)[C@@H](CN1CCCC1)c1ccccc1,CN(C(=O)Cc1ccc(Cl)c(Cl)c1)[C@@H](CN1CCCC1)c1ccccc1,ICI199441,1,False,26
544,Cc1cc(N/C(O)=C2\C(=O)c3ccccc3S(=O)(=O)N2C)no1,Cc1cc(N/C(O)=C2\C(=O)c3ccccc3S(=O)(=O)N2C)no1,isoxicam,0,False,23
545,C=CCN1CC[C@]23CCCC[C@H]2[C@H]1Cc1ccc(O)cc13,C=CCN1CC[C@]23CCCC[C@H]2[C@H]1Cc1ccc(O)cc13,Levallorphan,1,False,21
546,CCn1cc(C(=O)O)c(=O)c2cc(F)c(N3CCNC(C)C3)c(F)c21,CCn1cc(C(=O)O)c(=O)c2cc(F)c(N3CCNC(C)C3)c(F)c21,lomefloxacin,0,False,25
547,CN(C)C(=O)C(CCN1CCC(O)(c2ccc(Cl)cc2)CC1)(c1ccccc1)c1ccccc1,CN(C)C(=O)C(CCN1CCC(O)(c2ccc(Cl)cc2)CC1)(c1ccccc1)c1ccccc1,BRL53080,-1,True,34
548,CN(C)CCCN1c2ccccc2CCc2ccc(Cl)cc21,CN(C)CCCN1c2ccccc2CCc2ccc(Cl)cc21,clomipramine,1,False,22
549,O=C1CN=C(c2ccccc2Cl)c2cc([N+](=O)[O-])ccc2N1,O=C1CN=C(c2ccccc2Cl)c2cc([N+](=O)[O-])ccc2N1,clonazepam,1,False,22
550,OCCN1CCN(CC/C=C2/c3ccccc3Sc3ccc(Cl)cc32)CC1,OCCN1CCN(CC/C=C2/c3ccccc3Sc3ccc(Cl)cc32)CC1,clopenthixol,1,False,27
551,O=c1[nH]c2cc(Cl)ccc2n1C1CCN(CCCC(c2ccc(F)cc2)c2ccc(F)cc2)CC1,O=c1[nH]c2cc(Cl)ccc2n1C1CCN(CCCC(c2ccc(F)cc2)c2ccc(F)cc2)CC1,clopimozide,1,False,35
552,COC(=O)[C@@H]1C2CCC(C[C@@H]1OC(=O)c1ccccc1)N2C,COC(=O)[C@@H]1C2CCC(C[C@@H]1OC(=O)c1ccccc1)N2C,cocaine,1,False,22
553,COc1ccc2c3c1O[C@H]1[C@@H](O)C=C[C@H]4[C@@H](C2)N(C)CC[C@@]341,COc1ccc2c3c1O[C@H]1[C@@H](O)C=C[C@H]4[C@@H](C2)N(C)CC[C@@]341,codeine,1,False,22
554,CC1C2Cc3ccc(O)cc3C1(C)CCN2CC1CC1,CC1C2Cc3ccc(O)cc3C1(C)CCN2CC1CC1,cyclazocine,1,False,20
555,FC(F)(F)c1ccc2c(c1)N(CCCN1CCN(C3CC3)CC1)c1ccccc1S2,FC(F)(F)c1ccc2c(c1)N(CCCN1CCN(C3CC3)CC1)c1ccccc1S2,cyclophenazine,1,False,30
556,CN(C)CCO,CN(C)CCO,deanol,1,False,6
557,CCOC(=O)C1(c2ccccc2)CCN(C)CC1.[Cl-].[H+],CCOC(=O)C1(c2ccccc2)CCN(C)CC1.[Cl-].[H+],demerol,1,False,20
558,ClC=C(Cl)Cl,ClC=C(Cl)Cl,Trichloroethylene,1,False,5
559,ClC(Cl)Cl,ClC(Cl)Cl,Trichloromethane,1,False,4
560,CNCCc1ccccn1,CNCCc1ccccn1,Y-G 14,1,False,10
561,CN(C)CCc1ccccn1,CN(C)CCc1ccccn1,Y-G 15,1,False,11
562,NCCc1nccs1,NCCc1nccs1,Y-G16,1,False,8
563,NCCc1nc(-c2ccccc2)cs1,NCCc1nc(-c2ccccc2)cs1,Y-G19,0,False,14
564,NCCc1cn2ccccc2n1,NCCc1cn2ccccc2n1,Y-G 20,0,False,12
565,Cc1cccc(C)c1,Cc1cccc(C)c1,m-Xylene,1,False,8
566,CCOC(=O)N1CCC(=C2c3ccc(Cl)cc3CCc3cccnc32)CC1,CCOC(=O)N1CCC(=C2c3ccc(Cl)cc3CCc3cccnc32)CC1,loratadine,-1,True,27
567,Cc1cnc(N/C(O)=C2/C(=O)c3ccccc3S(=O)(=O)N2C)s1,Cc1cnc(N/C(O)=C2/C(=O)c3ccccc3S(=O)(=O)N2C)s1,meloxicam,0,False,23
568,C=CCN1CC[C@]23c4c5ccc(O)c4O[C@H]2[C@@H](O)C=C[C@H]3[C@H]1C5,C=CCN1CC[C@]23c4c5ccc(O)c4O[C@H]2[C@@H](O)C=C[C@H]3[C@H]1C5,Nalorphine,1,False,23
569,O=C1CC[C@@]2(O)[C@H]3Cc4ccc(O)c5c4[C@@]2(CCN3CC2CC2)[C@H]1O5,O=C1CC[C@@]2(O)[C@H]3Cc4ccc(O)c5c4[C@@]2(CCN3CC2CC2)[C@H]1O5,naltrexone,1,False,25
570,CCn1cc(C(=O)O)c(=O)c2cc(F)c(N3CCNCC3)cc21,CCn1cc(C(=O)O)c(=O)c2cc(F)c(N3CCNCC3)cc21,norfloxacin,0,False,23
571,CCn1cc(C(=O)O)c(=O)c2cc(F)c(N3CCN(C)CC3)cc21,CCn1cc(C(=O)O)c(=O)c2cc(F)c(N3CCN(C)CC3)cc21,pefloxacin,0,False,24
572,CN1/C(=C(/O)Nc2ccccn2)C(=O)c2ccccc2S1(=O)=O,CN1/C(=C(/O)Nc2ccccn2)C(=O)c2ccccc2S1(=O)=O,piroxicam,0,False,23
573,CS(=O)(=O)O.Oc1ccc2[nH]cc(CCCCN3CC=C(c4ccccc4)CC3)c2c1,CS(=O)(=O)O.Oc1ccc2[nH]cc(CCCCN3CC=C(c4ccccc4)CC3)c2c1,roxindole,1,False,31
574,COC(=O)[C@H]1[C@H]2C[C@@H]3c4[nH]c5ccccc5c4CCN3C[C@H]2C[C@@H](OC(=O)c2cc(OC)c(OC)c(OC)c2)[C@@H]1OC,COC(=O)[C@H]1[C@H]2C[C@@H]3c4[nH]c5ccccc5c4CCN3C[C@H]2C[C@@H](OC(=O)c2cc(OC)c(OC)c(OC)c2)[C@@H]1OC,deserpidine,1,False,42
575,CNCCCN1c2ccccc2CCc2ccccc21,CNCCCN1c2ccccc2CCc2ccccc21,desipramine,1,False,20
576,CN1C(=O)CN=C(c2ccccc2)c2cc(Cl)ccc21,CN1C(=O)CN=C(c2ccccc2)c2cc(Cl)ccc21,diazepam,1,False,20
577,COc1ccc2c3c1O[C@H]1[C@@H](O)CC[C@H]4[C@@H](C2)N(C)CC[C@@]341,COc1ccc2c3c1O[C@H]1[C@@H](O)CC[C@H]4[C@@H](C2)N(C)CC[C@@]341,dihydrocodeine,1,False,22
578,CN1CCC23c4c5ccc(O)c4OC2C(O)CCC3C1C5,CN1CCC23c4c5ccc(O)c4OC2C(O)CCC3C1C5,dihydromorphine,1,False,21
579,CN(C)CCOC(c1ccccc1)c1ccccc1,CN(C)CCOC(c1ccccc1)c1ccccc1,diphenhydramine,1,False,19
580,O=C1NC(=O)C(c2ccccc2)(c2ccccc2)N1,O=C1NC(=O)C(c2ccccc2)(c2ccccc2)N1,diphenhylhydantoin,1,False,19
581,CC(CN1CCN(CCOCCO)CC1)CN1c2ccccc2Sc2ccccc21,CC(CN1CCN(CCOCCO)CC1)CN1c2ccccc2Sc2ccccc21,dixyrazine,1,False,30
582,COC(=O)c1ccc(C(=O)OC)cc1,COC(=O)c1ccc(C(=O)OC)cc1,DMT,1,False,14
583,Cc1ccccc1C,Cc1ccccc1C,o-Xylene,1,False,8
584,Cc1ccc(C)cc1,Cc1ccc(C)cc1,p-Xylene,1,False,8
585,CC(C)O,CC(C)O,2-propanol,1,False,4
586,NC(=O)N1c2ccccc2C2OC2c2ccccc21,NC(=O)N1c2ccccc2C2OC2c2ccccc21,carbamazepine-10,1,False,19
587,CC[C@H](NC(=O)c1c(C)c(-c2ccccc2)nc2ccccc12)c1ccccc1,CC[C@H](NC(=O)c1c(C)c(-c2ccccc2)nc2ccccc12)c1ccccc1,SB-222200,1,False,29
588,CC(C)(C)OC(=O)CCCc1ccc(N(CCCl)CCCl)cc1,CC(C)(C)OC(=O)CCCc1ccc(N(CCCl)CCCl)cc1,Terbutylchlorambucil,1,False,23
589,CC(C)Nc1cccnc1N1CCN(C(=O)c2cc3cc(NS(C)(=O)=O)ccc3[nH]2)CC1,CC(C)Nc1cccnc1N1CCN(C(=O)c2cc3cc(NS(C)(=O)=O)ccc3[nH]2)CC1,Delavirdine,0,False,32
590,CC(C)(C)c1ccc(C(=O)CCCN2CCC(OC(c3ccccc3)c3ccccc3)CC2)cc1,CC(C)(C)c1ccc(C(=O)CCCN2CCC(OC(c3ccccc3)c3ccccc3)CC2)cc1,Ebastine,0,False,35
591,CN1CCN(CC(=O)N2c3ccccc3C(=O)Nc3cccnc32)CC1,CN1CCN(CC(=O)N2c3ccccc3C(=O)Nc3cccnc32)CC1,Pirenzepine,1,False,26
592,CCCNC(=O)c1ccc2c(c1)N([C@@H](C)CN1CCCC1)c1ccccc1S2,CCCNC(=O)c1ccc2c(c1)N([C@@H](C)CN1CCCC1)c1ccccc1S2,RP60180,1,False,28
593,CN1CCN(c2c(F)cc3c(=O)c(C(=O)O)cn4c3c2SCC4)CC1,CN1CCN(c2c(F)cc3c(=O)c(C(=O)O)cn4c3c2SCC4)CC1,rufloxacin,0,False,25
594,CC(C)(C)NCC(O)c1ccc(O)c(CO)c1,CC(C)(C)NCC(O)c1ccc(O)c(CO)c1,salbutamol,0,False,17
595,CN1CCN(C(=O)Cc2ccc(Cl)c(Cl)c2)[C@@H](CN2CCCC2)C1,CN1CCN(C(=O)Cc2ccc(Cl)c(Cl)c2)[C@@H](CN2CCCC2)C1,Sankyo,1,False,24
596,O=C(Cc1ccc(Cl)c(Cl)c1)N1CCn2ccnc2[C@H]1CN1CCCC1,O=C(Cc1ccc(Cl)c(Cl)c1)N1CCn2ccnc2[C@H]1CN1CCCC1,SB201708,1,False,26
597,O=C1NC(=O)[C@@]2(CCN(C(=O)Cc3ccc(Cl)c(Cl)c3)[C@@H](CN3CCCC3)C2)N1,O=C1NC(=O)[C@@]2(CCN(C(=O)Cc3ccc(Cl)c(Cl)c3)[C@@H](CN3CCCC3)C2)N1,SB204454,0,False,29
598,O=C(Cc1ccc(Cl)c(Cl)c1)N1CCn2ccnc2[C@H]1CN1CC[C@@H](O)C1,O=C(Cc1ccc(Cl)c(Cl)c1)N1CCn2ccnc2[C@H]1CN1CC[C@@H](O)C1,SB204459,0,False,27
599,O=C(Cc1ccc(Cl)c(Cl)c1)N1CCn2ncnc2[C@H]1CN1CCCC1,O=C(Cc1ccc(Cl)c(Cl)c1)N1CCn2ncnc2[C@H]1CN1CCCC1,SB204484,1,False,26
600,O=C(Cc1ccc(Cl)c(Cl)c1)N1CCN(CCO)C[C@@H]1CN1CC[C@@H](O)C1,O=C(Cc1ccc(Cl)c(Cl)c1)N1CCN(CCO)C[C@@H]1CN1CC[C@@H](O)C1,SB205563,0,False,27
601,CN(C)CC/C=C1/c2ccccc2COc2ccccc21.[Cl-].[H+],CN(C)CC/C=C1/c2ccccc2COc2ccccc21.[Cl-].[H+],doxepin,1,False,23
602,CN(C)CCOC(C)(c1ccccc1)c1ccccn1.O=C(O)CCC(=O)O,CN(C)CCOC(C)(c1ccccc1)c1ccccn1.O=C(O)CCC(=O)O,doxylamine succinate,1,False,28
603,O=C(CCCN1CC=C(n2c(=O)[nH]c3ccccc32)CC1)c1ccc(F)cc1,O=C(CCCN1CC=C(n2c(=O)[nH]c3ccccc32)CC1)c1ccc(F)cc1,droperidol,1,False,28
604,C/C=C(\CC)C(=O)NC(N)=O,C/C=C(\CC)C(=O)NC(N)=O,ectylurea,1,False,11
605,CCC(C)(CC)OC(N)=O,CCC(C)(CC)OC(N)=O,emylcamate,1,False,10
606,Clc1ccc2c(c1)C(c1ccccc1)=NCc1nncn1-2,Clc1ccc2c(c1)C(c1ccccc1)=NCc1nncn1-2,estazolam,1,False,21
607,CCc1ccccc1-n1c(C)nc2ccccc2c1=O,CCc1ccccc1-n1c(C)nc2ccccc2c1=O,etaqualone,1,False,20
608,CCOC(=O)c1cnc2c(cnn2CC)c1NN=C(C)C,CCOC(=O)c1cnc2c(cnn2CC)c1NN=C(C)C,etazolate,1,False,21
609,C#CC(O)(/C=C/Cl)CC,C#CC(O)(/C=C/Cl)CC,ethchlorvynol,1,False,9
610,C#CC1(OC(N)=O)CCCCC1,C#CC1(OC(N)=O)CCCCC1,ethinamate,1,False,12
611,CNCCc1ccccn1,CNCCc1ccccn1,Y-G 14,1,False,10
612,CN(C)CCc1ccccn1,CN(C)CCc1ccccn1,Y-G 15,1,False,11
613,NCCc1nccs1,NCCc1nccs1,Y-G16,1,False,8
614,S=C(NC1CCCCC1)N1CCC(c2c[nH]cn2)CC1,S=C(NC1CCCCC1)N1CCC(c2c[nH]cn2)CC1,5-69,1,False,20
615,CN1CC[C@@H]2c3cc(Cl)ccc3Oc3ccccc3[C@H]2C1,CN1CC[C@@H]2c3cc(Cl)ccc3Oc3ccccc3[C@H]2C1,7-K06,1,False,21
616,O=C1CCCN1CCCCN1CCN(c2cc(C(F)(F)F)cc(Cl)n2)CC1,O=C1CCCN1CCCCN1CCN(c2cc(C(F)(F)F)cc(Cl)n2)CC1,7-K08,1,False,27
617,Clc1ccc2c(c1)[C@H]1CCNC[C@@H]1c1ccccc1O2,Clc1ccc2c(c1)[C@H]1CCNC[C@@H]1c1ccccc1O2,7-K10,1,False,20
618,O=C(Cc1ccc(Cl)c(Cl)c1)N1CCc2[nH]cnc2[C@H]1CN1CC[C@@H](O)C1,O=C(Cc1ccc(Cl)c(Cl)c1)N1CCc2[nH]cnc2[C@H]1CN1CC[C@@H](O)C1,SB205605,0,False,27
619,CC[C@H](NC(=O)c1c(O)c(-c2ccccc2)nc2ccccc12)c1ccccc1,CC[C@H](NC(=O)c1c(O)c(-c2ccccc2)nc2ccccc12)c1ccccc1,skb_a,1,False,29
620,CC[C@H](NC(=O)c1c(OCCCN(C)C)c(-c2ccccc2)nc2ccccc12)c1ccccc1,CC[C@H](NC(=O)c1c(OCCCN(C)C)c(-c2ccccc2)nc2ccccc12)c1ccccc1,skb_c,1,False,35
621,CC[C@H](NC(=O)c1c(OCC(=O)O)c(-c2ccccc2)nc2ccccc12)c1ccccc1,CC[C@H](NC(=O)c1c(OCC(=O)O)c(-c2ccccc2)nc2ccccc12)c1ccccc1,skb-d,0,False,33
622,CC[C@H](NC(=O)c1c(OCCCC(=O)O)c(-c2ccccc2)nc2ccccc12)c1ccccc1,CC[C@H](NC(=O)c1c(OCCCC(=O)O)c(-c2ccccc2)nc2ccccc12)c1ccccc1,skb-e,0,False,35
623,CC[C@H](NC(=O)c1c(OCCNC(=O)Cc2ccccc2C(=O)O)c(-c2ccccc2)nc2ccccc12)c1ccccc1,CC[C@H](NC(=O)c1c(OCCNC(=O)Cc2ccccc2C(=O)O)c(-c2ccccc2)nc2ccccc12)c1ccccc1,skb-f,0,False,44
624,CC[C@H](NC(=O)c1c(OCCNC(=O)Cc2ccccn2)c(-c2ccccc2)nc2ccccc12)c1ccccc1,CC[C@H](NC(=O)c1c(OCCNC(=O)Cc2ccccn2)c(-c2ccccc2)nc2ccccc12)c1ccccc1,skb-g,0,False,41
625,CC[C@H](NC(=O)c1c(OCCNC(=O)[C@@H]2CCCN2)c(-c2ccccc2)nc2ccccc12)c1ccccc1,CC[C@H](NC(=O)c1c(OCCNC(=O)[C@@H]2CCCN2)c(-c2ccccc2)nc2ccccc12)c1ccccc1,skb-h,0,False,39
626,CC[C@H](NC(=O)c1c(Cn2ccnc2)c(-c2ccccc2)nc2ccccc12)c1ccccc1,CC[C@H](NC(=O)c1c(Cn2ccnc2)c(-c2ccccc2)nc2ccccc12)c1ccccc1,skb-i,0,False,34
627,C[C@@H]1CN(c2c(F)c(N)c3c(=O)c(C(=O)O)cn(C4CC4)c3c2F)C[C@H](C)N1,C[C@@H]1CN(c2c(F)c(N)c3c(=O)c(C(=O)O)cn(C4CC4)c3c2F)C[C@H](C)N1,sparfloxacin,0,False,28
628,CCC1(C)CC(=O)NC1=O,CCC1(C)CC(=O)NC1=O,ethosuximide,1,False,10
629,CCc1ccc2c(c1)N(CC(C)CN(C)C)c1ccccc1S2,CCc1ccc2c(c1)N(CC(C)CN(C)C)c1ccccc1S2,etymemazine,1,False,23
630,OCCN1CCN(CC/C=C2/c3ccccc3Sc3ccc(C(F)(F)F)cc32)CC1,OCCN1CCN(CC/C=C2/c3ccccc3Sc3ccc(C(F)(F)F)cc32)CC1,flupentixol,1,False,30
631,OCCN1CCN(CCCN2c3ccccc3Sc3ccc(C(F)(F)F)cc32)CC1,OCCN1CCN(CCCN2c3ccccc3Sc3ccc(C(F)(F)F)cc32)CC1,fluphenazine,1,False,30
632,CCN(CC)CCN1C(=O)CN=C(c2ccccc2F)c2cc(Cl)ccc21,CCN(CC)CCN1C(=O)CN=C(c2ccccc2F)c2cc(Cl)ccc21,flurazepam,1,False,27
633,COc1cc2c3c(c1O)C1(C=CC(=O)C=C1)CC3N(C)CC2,COc1cc2c3c(c1O)C1(C=CC(=O)C=C1)CC3N(C)CC2,glaziovine,1,False,22
634,CCC1(c2ccccc2)CCC(=O)NC1=O,CCC1(c2ccccc2)CCC(=O)NC1=O,glutethimide,1,False,16
635,O=C(CCCN1CCC(O)(c2ccc(Cl)cc2)CC1)c1ccc(F)cc1,O=C(CCCN1CCC(O)(c2ccc(Cl)cc2)CC1)c1ccc(F)cc1,haloperidol,1,False,26
636,Cc1[nH]ccc2c1[nH]c1cc(=O)ccc12,Cc1[nH]ccc2c1[nH]c1cc(=O)ccc12,harmalol,1,False,15
637,Cc1nccc2c1[nH]c1ccccc12,Cc1nccc2c1[nH]c1ccccc12,harman,1,False,14
638,O=[N+]([O-])c1cc[nH]c1NCCSCc1ccccn1,O=[N+]([O-])c1cc[nH]c1NCCSCc1ccccn1,14,1,False,19
639,Cc1cc(C(C)(C)SC(C)(C)CNc2[nH]ccc2[N+](=O)[O-])nc(C)c1C,Cc1cc(C(C)(C)SC(C)(C)CNc2[nH]ccc2[N+](=O)[O-])nc(C)c1C,15,1,False,26
640,C[NH+]O.Cc1oc(C(C)(C)N(C(C)(C)N)C(C)(C)N)c(C)c1C.[OH-],C[NH+]O.Cc1oc(C(C)(C)N(C(C)(C)N)C(C)(C)N)c(C)c1C.[OH-],22,1,False,24
641,Cc1c[nH+][o+]c(C([NH])CC(C)C(C)(C)N(C(C)(C)C)C(C)(N)N)c1[O-],Cc1c[nH+][o+]c(C([NH])CC(C)C(C)(C)N(C(C)(C)C)C(C)(N)N)c1[O-],23,1,False,25
642,CCNCc1c(CSC)cnc(C)c1O,CCNCc1c(CSC)cnc(C)c1O,tamitinol,1,False,15
643,CN1/C(=C(\O)Nc2ccccn2)C(=O)c2sccc2S1(=O)=O,CN1/C(=C(\O)Nc2ccccn2)C(=O)c2sccc2S1(=O)=O,tenoxicam,0,False,22
644,CC(C)(C)c1ccc(C(O)CCCN2CCC(C(O)(c3ccccc3)c3ccccc3)CC2)cc1,CC(C)(C)c1ccc(C(O)CCCN2CCC(C(O)(c3ccccc3)c3ccccc3)CC2)cc1,terfenadine,0,False,35
645,CN(C(=O)Cc1ccc(Cl)c(Cl)c1)C1CCCC[C@H]1N1CCCC1,CN(C(=O)Cc1ccc(Cl)c(Cl)c1)C1CCCC[C@H]1N1CCCC1,U50488,1,False,24
646,CC(=O)Oc1ccc2c3c1O[C@H]1[C@@H](OC(C)=O)C=C[C@H]4[C@@H](C2)N(C)CC[C@@]341,CC(=O)Oc1ccc2c3c1O[C@H]1[C@@H](OC(C)=O)C=C[C@H]4[C@@H](C2)N(C)CC[C@@]341,heroin,1,False,27
647,C#CCC1(OC(N)=O)CCCCC1,C#CCC1(OC(N)=O)CCCCC1,hexapropymate,1,False,13
648,OCCN1CCCN(CCCN2c3ccccc3Sc3cc(C(F)(F)F)ccc32)CC1.[Cl-].[Cl-].[H+].[H+],OCCN1CCCN(CCCN2c3ccccc3Sc3cc(C(F)(F)F)ccc32)CC1.[Cl-].[Cl-].[H+].[H+],homophenazine,1,False,35
649,COc1ccc2c3c1O[C@H]1C(=O)CC[C@H]4[C@@H](C2)N(C)CC[C@]314,COc1ccc2c3c1O[C@H]1C(=O)CC[C@H]4[C@@H](C2)N(C)CC[C@]314,hydrocodone,1,False,22
650,CCC(O)(COC(N)=O)c1ccccc1,CCC(O)(COC(N)=O)c1ccccc1,hydroxyphenamate,1,False,15
651,OCCOCCN1CCN(C(c2ccccc2)c2ccc(Cl)cc2)CC1,OCCOCCN1CCN(C(c2ccccc2)c2ccc(Cl)cc2)CC1,hydroxyzine,1,False,26
652,CN(C)CCCN1c2ccccc2CCc2ccccc21,CN(C)CCCN1c2ccccc2CCc2ccccc21,imipramine,1,False,21
653,CNC1(c2ccccc2Cl)CCCCC1=O,CNC1(c2ccccc2Cl)CCCCC1=O,ketamine,1,False,16
654,O=C(O)c1cc(=O)c2ccccc2[nH]1,O=C(O)c1cc(=O)c2ccccc2[nH]1,kynurenic acid,1,False,14
655,CC(=O)NCCCOc1cccc(CN2CCCCC2)c1,CC(=O)NCCCOc1cccc(CN2CCCCC2)c1,24,1,False,21
656,O=C(NCCCOc1cccc(CN2CCCCC2)c1)c1ccccc1,O=C(NCCCOc1cccc(CN2CCCCC2)c1)c1ccccc1,compound 40,1,False,26
657,OCCCOc1cccc(CN2CCCCC2)c1,OCCCOc1cccc(CN2CCCCC2)c1,compound 41,1,False,18
658,c1ccc(NCCCOc2cccc(CN3CCCCC3)c2)nc1,c1ccc(NCCCOc2cccc(CN3CCCCC3)c2)nc1,compound 42,1,False,24
659,c1cc(CN2CCCCC2)cc(OCCCNc2nccs2)c1,c1cc(CN2CCCCC2)cc(OCCCNc2nccs2)c1,compound 43,1,False,23
660,c1cc(CN2CCCCC2)cc(OCCCNc2nc3ccccc3o2)c1,c1cc(CN2CCCCC2)cc(OCCCNc2nc3ccccc3o2)c1,compound 45,1,False,27
661,CN(C)Cc1ccc(CSCCNc2nc(=O)c(Cc3ccc4ccccc4c3)c[nH]2)o1,CN(C)Cc1ccc(CSCCNc2nc(=O)c(Cc3ccc4ccccc4c3)c[nH]2)o1,SKF-93619,0,False,32
662,Cc1ccc(CC2=CNC(NCCSCc3ccc(CN(C)C)o3)=NC2)cn1,Cc1ccc(CC2=CNC(NCCSCc3ccc(CN(C)C)o3)=NC2)cn1,8-5,0,False,28
663,CN(C)c1cc(-c2n[nH]c(N)n2)ccn1,CN(C)c1cc(-c2n[nH]c(N)n2)ccn1,BBcpd10,0,False,15
664,Cn1c(=O)c2nc[nH]c2n(C)c1=O,Cn1c(=O)c2nc[nH]c2n(C)c1=O,9-C1,1,False,13
665,O=C(CCCN1CCC(C(=O)c2ccc(F)cc2)CC1)c1ccc(F)cc1,O=C(CCCN1CCC(C(=O)c2ccc(F)cc2)CC1)c1ccc(F)cc1,lenperone,1,False,27
666,CN1CC[C@]23CCCC[C@H]2[C@H]1Cc1ccc(O)cc13,CN1CC[C@]23CCCC[C@H]2[C@H]1Cc1ccc(O)cc13,levorphanol,1,False,19
667,CCN(CC)CC(=O)Nc1c(C)cccc1C,CCN(CC)CC(=O)Nc1c(C)cccc1C,lidocaine,1,False,17
668,O=C1Nc2ccc(Cl)cc2C(c2ccccc2Cl)=NC1O,O=C1Nc2ccc(Cl)cc2C(c2ccccc2Cl)=NC1O,lorazepam,1,False,21
669,CC(C)N1CCC(N(C(=O)Cc2ccccc2)c2ccc(Cl)cc2)CC1,CC(C)N1CCC(N(C(=O)Cc2ccccc2)c2ccc(Cl)cc2)CC1,lorcainide,1,False,26
670,CN(C)CCOC(=O)COc1ccc(Cl)cc1,CN(C)CCOC(=O)COc1ccc(Cl)cc1,meclofenoxate,1,False,17
671,Cc1nc2ccccc2c(=O)n1-c1ccccc1Cl,Cc1nc2ccccc2c(=O)n1-c1ccccc1Cl,mecloqualone,1,False,19
672,CN1CCN=C(c2ccccc2)c2cc(Cl)ccc21,CN1CCN=C(c2ccccc2)c2cc(Cl)ccc21,medazepam,1,False,19
673,CCCC(C)(COC(N)=O)COC(N)=O,CCCC(C)(COC(N)=O)COC(N)=O,meprobamate,1,False,15
674,COc1cc2c(c(CN[C@@H]3CCCN[C@H]3c3ccccc3)c1)OCC2,COc1cc2c(c(CN[C@@H]3CCCN[C@H]3c3ccccc3)c1)OCC2,9-C15,1,False,25
675,NCCn1ncc2cc(Cl)c(Cl)cc21,NCCn1ncc2cc(Cl)c(Cl)cc21,9-C7,1,False,14
676,Nc1nc(NC2CC2)c2ncn([C@H]3C=C[C@@H](CO)C3)c2n1,Nc1nc(NC2CC2)c2ncn([C@H]3C=C[C@@H](CO)C3)c2n1,Abacavir,1,False,21
677,CCCC(=O)Nc1ccc(OCC(O)CNC(C)C)c(C(C)=O)c1,CCCC(=O)Nc1ccc(OCC(O)CNC(C)C)c(C(C)=O)c1,Bacitracin,1,False,24
678,Nc1nc(=O)c2ncn(COCCO)c2[nH]1,Nc1nc(=O)c2ncn(COCCO)c2[nH]1,Aciclovir,1,False,16
679,CCCSc1ccc2nc(NC(=O)OC)[nH]c2c1,CCCSc1ccc2nc(NC(=O)OC)[nH]c2c1,Albendazole,1,False,18
680,NCCCNCCSP(=O)(O)O,NCCCNCCSP(=O)(O)O,Amifostine,0,False,12
681,COc1cc(CCN)cc(OC)c1OC,COc1cc(CCN)cc(OC)c1OC,mescaline,1,False,15
682,CN1CCCCC1CCN1c2ccccc2Sc2ccc(S(C)=O)cc21,CN1CCCCC1CCN1c2ccccc2Sc2ccc(S(C)=O)cc21,mesoridazine,1,False,26
683,CN[C@@H](C)Cc1ccccc1,CN[C@@H](C)Cc1ccccc1,methamphetamine,1,False,11
684,Cc1ccccc1-n1c(C)nc2ccccc2c1=O,Cc1ccccc1-n1c(C)nc2ccccc2c1=O,methaqualone,1,False,19
685,COc1ccccc1OCC(O)COC(N)=O,COc1ccccc1OCC(O)COC(N)=O,methocarbamol,1,False,17
686,COc1ccc2c(c1)N(CCCN(C)C)c1ccccc1S2,COc1ccc2c(c1)N(CCCN(C)C)c1ccccc1S2,methopromazine,1,False,22
687,COc1ccc2c(c1)N(C[C@H](C)CN(C)C)c1ccccc1S2,COc1ccc2c(c1)N(C[C@H](C)CN(C)C)c1ccccc1S2,methotrimeprazine,1,False,23
688,C#CC(C)(O)CC,C#CC(C)(O)CC,methylpentynol,1,False,7
689,COC(=O)C(c1ccccc1)C1CCCCN1,COC(=O)C(c1ccccc1)C1CCCCN1,methylphenidate,1,False,17
690,CCC1(CC)C(=O)NCC(C)C1=O,CCC1(CC)C(=O)NCC(C)C1=O,methyprylon,1,False,13
691,NCC[C@H](O)C(=O)N[C@@H]1C[C@H](N)[C@@H](O[C@H]2O[C@H](CN)[C@@H](O)[C@H](O)[C@H]2O)[C@H](O)[C@H]1O[C@H]1O[C@H](CO)[C@@H](O)[C@H](N)[C@H]1O,NCC[C@H](O)C(=O)N[C@@H]1C[C@H](N)[C@@H](O[C@H]2O[C@H](CN)[C@@H](O)[C@H](O)[C@H]2O)[C@H](O)[C@H]1O[C@H]1O[C@H](CO)[C@@H](O)[C@H](N)[C@H]1O,Amikacin,1,False,40
692,Nc1ccc(C(=O)O)c(O)c1,Nc1ccc(C(=O)O)c(O)c1,Aminosalicylicacid,0,False,11
693,Nc1ccn([C@@H]2O[C@H](CO)[C@@H](O)[C@@H]2O)c(=O)n1,Nc1ccn([C@@H]2O[C@H](CO)[C@@H](O)[C@@H]2O)c(=O)n1,Cytarabine,1,False,17
694,CN(C)N/N=C1/N=CN=C1C(N)=O,CN(C)N/N=C1/N=CN=C1C(N)=O,Dacarbazine,1,False,13
695,COc1cccc2c1C(=O)c1c(O)c3c(c(O)c1C2=O)C[C@@](O)(C(C)=O)C[C@@H]3O[C@H]1C[C@H](N)[C@H](O)[C@H](C)O1,COc1cccc2c1C(=O)c1c(O)c3c(c(O)c1C2=O)C[C@@](O)(C(C)=O)C[C@@H]3O[C@H]1C[C@H](N)[C@H](O)[C@H](C)O1,Daunorubicin,0,False,38
696,CN(C)[C@@H]1C(=O)/C(=C(\N)O)C(=O)[C@@]2(O)C(=O)C3=C(O)c4c(O)ccc(Cl)c4[C@@H](O)[C@H]3C[C@@H]12,CN(C)[C@@H]1C(=O)/C(=C(\N)O)C(=O)[C@@]2(O)C(=O)C3=C(O)c4c(O)ccc(Cl)c4[C@@H](O)[C@H]3C[C@@H]12,Demeclocycline,0,False,32
697,O=C1CC(=O)N(c2ccccc2)c2cc(Cl)ccc2N1,O=C1CC(=O)N(c2ccccc2)c2cc(Cl)ccc2N1,Desmethylclobazam,1,False,20
698,CNCCCN1c2ccccc2Sc2ccccc21,CNCCCN1c2ccccc2Sc2ccccc21,Desmonomethylpromazine,1,False,19
699,C[C@@H](CN1CC(=O)NC(=O)C1)N1CC(=O)NC(=O)C1,C[C@@H](CN1CC(=O)NC(=O)C1)N1CC(=O)NC(=O)C1,Dexrazoxane,0,False,19
700,Cc1ncc2n1-c1ccc(Cl)cc1C(c1ccccc1F)=NC2.O=C(O)/C=C\C(=O)O,Cc1ncc2n1-c1ccc(Cl)cc1C(c1ccccc1F)=NC2.O=C(O)/C=C\C(=O)O,midazolam maleate,1,False,31
701,Cc1ccc(C2(O)CCN(CCCC(=O)c3ccc(F)cc3)CC2)cc1,Cc1ccc(C2(O)CCN(CCCC(=O)c3ccc(F)cc3)CC2)cc1,moperone,1,False,26
702,CN1CC[C@]23c4c5ccc(O)c4O[C@H]2C(O)C=C[C@H]3[C@H]1C5,CN1CC[C@]23c4c5ccc(O)c4O[C@H]2C(O)C=C[C@H]3[C@H]1C5,morphine,1,False,21
703,CN1CC=C(c2ccccc2)CC1,CN1CC=C(c2ccccc2)CC1,MPTP,1,False,13
704,C=CCN1CC[C@]23c4c5ccc(O)c4O[C@H]2C(=O)CC[C@@]3(O)[C@H]1C5,C=CCN1CC[C@]23c4c5ccc(O)c4O[C@H]2C(=O)CC[C@@]3(O)[C@H]1C5,naloxone,1,False,24
705,CN1CCC[C@H]1c1cccnc1,CN1CCC[C@H]1c1cccnc1,nicotine,1,False,12
706,O=C1CN=C(c2ccccc2)c2cc([N+](=O)[O-])ccc2N1,O=C1CN=C(c2ccccc2)c2cc([N+](=O)[O-])ccc2N1,nitrazepam,1,False,21
707,O=C1CN=C(c2ccccc2)c2cc(Cl)ccc2N1,O=C1CN=C(c2ccccc2)c2cc(Cl)ccc2N1,nordazepam,1,False,19
708,CNCCC=C1c2ccccc2CCc2ccccc21,CNCCC=C1c2ccccc2CCc2ccccc21,nortriptyline,1,False,20
709,Cc1ccccc1C(OCCN(C)C)c1ccccc1,Cc1ccccc1C(OCCN(C)C)c1ccccc1,orphenadrine,1,False,20
710,COc1ccc2c(c1)[C@]13CCCC[C@@H]1[C@H](C2)N(C)CC3,COc1ccc2c(c1)[C@]13CCCC[C@@H]1[C@H](C2)N(C)CC3,Dextromethorphan,1,False,20
711,CN1C[C@H](C(=O)N[C@]2(C)O[C@@]3(O)[C@@H]4CCCN4C(=O)[C@H](Cc4ccccc4)N3C2=O)C[C@@H]2c3cccc4[nH]cc(c34)C[C@H]21,CN1C[C@H](C(=O)N[C@]2(C)O[C@@]3(O)[C@@H]4CCCN4C(=O)[C@H](Cc4ccccc4)N3C2=O)C[C@@H]2c3cccc4[nH]cc(c34)C[C@H]21,Dihydroergotamine,0,False,43
712,CCN(CC)C(=S)SSC(=S)N(CC)CC,CCN(CC)C(=S)SSC(=S)N(CC)CC,Disulfiram,1,False,16
713,O=C1Nc2ccc(Cl)cc2[C@@](C#CC2CC2)(C(F)(F)F)O1,O=C1Nc2ccc(Cl)cc2[C@@](C#CC2CC2)(C(F)(F)F)O1,Efavirenz,0,False,21
714,CCOC(=O)[C@H](CCc1ccccc1)N[C@@H](C)C(=O)N1CCC[C@H]1C(=O)O,CCOC(=O)[C@H](CCc1ccccc1)N[C@@H](C)C(=O)N1CCC[C@H]1C(=O)O,Enalapril,0,False,27
715,CC[C@@H](CO)NCCN[C@@H](CC)CO,CC[C@@H](CO)NCCN[C@@H](CC)CO,Ethambutol,0,False,14
716,CC[C@@]1(O)C[C@H](OC2CC(N(C)C)C(OC3CC(O)C(OC4CCC(=O)C(C)O4)C(C)O3)C(C)O2)c2c(cc3c(c2O)C(=O)c2c(O)cccc2C3=O)[C@H]1C(=O)OC,CC[C@@]1(O)C[C@H](OC2CC(N(C)C)C(OC3CC(O)C(OC4CCC(=O)C(C)O4)C(C)O3)C(C)O2)c2c(cc3c(c2O)C(=O)c2c(O)cccc2C3=O)[C@H]1C(=O)OC,aclarubicin,0,False,58
717,CC1(C)S[C@@H]2[C@H](NC(=O)CCC[C@@H](N)C(=O)O)C(=O)N2[C@H]1C(=O)O,CC1(C)S[C@@H]2[C@H](NC(=O)CCC[C@@H](N)C(=O)O)C(=O)N2[C@H]1C(=O)O,adicillin,0,False,24
718,CNCC(O)c1ccc(O)c(O)c1,CNCC(O)c1ccc(O)c(O)c1,adrenaline,0,False,13
719,COc1cccc2c1C(=O)c1c(O)c3c(c(O)c1C2=O)CC(O)(C(=O)CO)CC3O,COc1cccc2c1C(=O)c1c(O)c3c(c(O)c1C2=O)CC(O)(C(=O)CO)CC3O,adriamycinol-aglycone,0,False,30
720,C=CCSCC(=O)NC1C(=O)N2C1SC(C)(C)C2C(=O)[O-].[Na+],C=CCSCC(=O)NC1C(=O)N2C1SC(C)(C)C2C(=O)[O-].[Na+],almecillin,0,False,22
721,CC1(C)S[C@@H]2[C@H](NC(=O)C34C[C@@H]5C[C@@H](CC(N)(C5)C3)C4)C(=O)N2[C@H]1C(=O)O,CC1(C)S[C@@H]2[C@H](NC(=O)C34C[C@@H]5C[C@@H](CC(N)(C5)C3)C4)C(=O)N2[C@H]1C(=O)O,amantocillin,0,False,27
722,CC(C)(C)C(=O)OCOC(=O)C1N2C(=O)[C@@H](N=CN3CCCCCC3)[C@H]2SC1(C)C,CC(C)(C)C(=O)OCOC(=O)C1N2C(=O)[C@@H](N=CN3CCCCCC3)[C@H]2SC1(C)C,amdinocillinpivoxil,0,False,30
723,CN(C)[C@@H]1C(=O)/C(=C(\N)O)C(=O)[C@@]2(O)C(=O)C3=C(O)c4c(ccc(N)c4O)C[C@H]3C[C@@H]12,CN(C)[C@@H]1C(=O)/C(=C(\N)O)C(=O)[C@@]2(O)C(=O)C3=C(O)c4c(ccc(N)c4O)C[C@H]3C[C@@H]12,amicycline,0,False,31
724,CC(=O)[C@]1(N)Cc2c(O)c3c(c(O)c2[C@@H](O[C@H]2C[C@H](O)[C@H](O)CO2)C1)C(=O)c1ccccc1C3=O.[Cl-].[H+],CC(=O)[C@]1(N)Cc2c(O)c3c(c(O)c2[C@@H](O[C@H]2C[C@H](O)[C@H](O)CO2)C1)C(=O)c1ccccc1C3=O.[Cl-].[H+],amrubicin,0,False,37
725,CC1(C)S[C@@H]2C(NC(=O)[C@H](NC(=O)c3c[nH]c4cccnc4c3=O)c3ccccc3)C(=O)N2[C@H]1C(=O)O,CC1(C)S[C@@H]2C(NC(=O)[C@H](NC(=O)c3c[nH]c4cccnc4c3=O)c3ccccc3)C(=O)N2[C@H]1C(=O)O,apalcillin,0,False,37
726,CN(C)[C@@H]1C(=O)/C(=C(/O)NC(C(=O)O)N2CCN(CCO)CC2)C(=O)[C@@]2(O)C(=O)C3=C(O)c4c(O)cccc4[C@@](C)(O)[C@H]3C[C@@H]12,CN(C)[C@@H]1C(=O)/C(=C(/O)NC(C(=O)O)N2CCN(CCO)CC2)C(=O)[C@@]2(O)C(=O)C3=C(O)c4c(O)cccc4[C@@](C)(O)[C@H]3C[C@@H]12,apicycline,0,False,45
727,CN[C@@H]1[C@@H](O[C@H]2O[C@H](CO)[C@@H](N)[C@H](O)[C@H]2O)O[C@H]2C[C@@H](N)[C@H](O[C@H]3[C@H](O)[C@@H](O)[C@H](N)C[C@@H]3N)O[C@@H]2[C@@H]1O,CN[C@@H]1[C@@H](O[C@H]2O[C@H](CO)[C@@H](N)[C@H](O)[C@H]2O)O[C@H]2C[C@@H](N)[C@H](O[C@H]3[C@H](O)[C@@H](O)[C@H](N)C[C@@H]3N)O[C@@H]2[C@@H]1O,apramycin,0,False,37
728,NCC[C@H](O)C(=O)N[C@@H]1C[C@H](N)[C@@H](O[C@H]2O[C@H](CN)CC[C@H]2N)[C@H](O)[C@H]1O[C@H]1O[C@H](CO)[C@@H](O)[C@H](N)[C@H]1O,NCC[C@H](O)C(=O)N[C@@H]1C[C@H](N)[C@@H](O[C@H]2O[C@H](CN)CC[C@H]2N)[C@H](O)[C@H]1O[C@H]1O[C@H](CO)[C@@H](O)[C@H](N)[C@H]1O,arbekacin,0,False,38
729,CNC(=O)C[C@@H](N)C(=O)N[C@@H](C(=O)N[C@@H]1C(=O)N2[C@@H]1SC(C)(C)[C@@H]2C(=O)O)c1ccc(O)cc1,CNC(=O)C[C@@H](N)C(=O)N[C@@H](C(=O)N[C@@H]1C(=O)N2[C@@H]1SC(C)(C)[C@@H]2C(=O)O)c1ccc(O)cc1,aspoxicillin,0,False,34
730,CO[C@H]1[C@@H](O)[C@H](N)[C@@H](O[C@H]2O[C@H](C(C)N)CC[C@H]2N)[C@H](O)[C@@H]1N(C)C(=O)CN,CO[C@H]1[C@@H](O)[C@H](N)[C@@H](O[C@H]2O[C@H](C(C)N)CC[C@H]2N)[C@H](O)[C@@H]1N(C)C(=O)CN,astromicin,0,False,28
731,C[C@H]1[C@H](NC(=O)/C(=N\OC(C)(C)C(=O)O)c2csc([NH3+])n2)C(=O)N1S(=O)(=O)[O-],C[C@H]1[C@H](NC(=O)/C(=N\OC(C)(C)C(=O)O)c2csc([NH3+])n2)C(=O)N1S(=O)(=O)[O-],aztreonam,0,False,28
732,CCOC(=O)OC(C)OC(=O)[C@@H]1N2C(=O)[C@@H](N=CN3CCCCCC3)[C@H]2SC1(C)C,CCOC(=O)OC(C)OC(=O)[C@@H]1N2C(=O)[C@@H](N=CN3CCCCCC3)[C@H]2SC1(C)C,bacmecillinam,0,False,30
733,NCC1OC(OC2C(N)CC(N)C(OC3OC(CO)C(O)C(N)C3O)C2O)C(N)C(O)C1O,NCC1OC(OC2C(N)CC(N)C(OC3OC(CO)C(O)C(N)C3O)C2O)C(N)C(O)C1O,bekanamycin,0,False,33
734,NC(CO)C(=O)NNCc1ccc(O)c(O)c1O,NC(CO)C(=O)NNCc1ccc(O)c(O)c1O,benserazide,0,False,18
735,CC(C)COCC(CN(Cc1ccccc1)c1ccccc1)N1CCCC1,CC(C)COCC(CN(Cc1ccccc1)c1ccccc1)N1CCCC1,bepridil,0,False,27
736,CC[C@H]1OC(=O)[C@H](C)[C@@H](OC2CC(C)(OC)C(O)C(C)O2)C(C)[C@@H](OC2OC(C)CC(N(C)C)C2O)[C@](C)(O)C[C@@H](C)C(=O)[C@H](C)[C@@H](O)[C@H]1C,CC[C@H]1OC(=O)[C@H](C)[C@@H](OC2CC(C)(OC)C(O)C(C)O2)C(C)[C@@H](OC2OC(C)CC(N(C)C)C2O)[C@](C)(O)C[C@@H](C)C(=O)[C@H](C)[C@@H](O)[C@H]1C,berythromycin,0,False,50
737,NCCC(O)CNC1CC(N)C(OC2OC(CN)C(O)C(O)C2O)C(O)C1OC1OC(CO)C(O)C(N)C1O,NCCC(O)CNC1CC(N)C(OC2OC(CN)C(O)C(O)C2O)C(O)C1OC1OC(CO)C(O)C(N)C1O,butikacin,0,False,39
738,CC(C)(C)NCC(O)c1ccc(O)c(NC(N)=O)c1,CC(C)(C)NCC(O)c1ccc(O)c(NC(N)=O)c1,carbuterol,0,False,19
739,CC1(C)S[C@@H]2[C@H](NC(=O)C(C(=O)Oc3ccccc3)c3ccccc3)C(=O)N2[C@H]1C(=O)O,CC1(C)S[C@@H]2[C@H](NC(=O)C(C(=O)Oc3ccccc3)c3ccccc3)C(=O)N2[C@H]1C(=O)O,carfecillin,0,False,32
740,CC1(C)S[C@@H]2[C@H](NC(=O)C(C(=O)Oc3ccc4c(c3)CCC4)c3ccccc3)C(=O)N2[C@H]1C(=O)O,CC1(C)S[C@@H]2[C@H](NC(=O)C(C(=O)Oc3ccc4c(c3)CCC4)c3ccccc3)C(=O)N2[C@H]1C(=O)O,carindacillin,0,False,35
741,CC(=O)[C@]1(O)Cc2c(O)c3c(c(O)c2C(OC2CC(N)C(O)C(C)O2)C1)C(=O)c1c(O)cccc1C3=O,CC(=O)[C@]1(O)Cc2c(O)c3c(c(O)c2C(OC2CC(N)C(O)C(C)O2)C1)C(=O)c1c(O)cccc1C3=O,carubicin,0,False,37
742,NC(=O)OCC1[C@H](NC(=O)/C(=N\OCC(=O)O)c2csc(N)n2)C(=O)N1S(=O)(=O)O,NC(=O)OCC1[C@H](NC(=O)/C(=N\OCC(=O)O)c2csc(N)n2)C(=O)N1S(=O)(=O)O,carumonam,0,False,30
743,N[C@@H](C(=O)N[C@@H]1C(=O)N2C(C(=O)O)=C(Cl)CS[C@H]12)c1ccccc1,N[C@@H](C(=O)N[C@@H]1C(=O)N2C(C(=O)O)=C(Cl)CS[C@H]12)c1ccccc1,cefaclor,0,False,24
744,CC1=C(C(=O)O)N2C(=O)[C@@H](NC(=O)[C@H](N)c3ccc(O)cc3)[C@H]2SC1,CC1=C(C(=O)O)N2C(=O)[C@@H](NC(=O)[C@H](N)c3ccc(O)cc3)[C@H]2SC1,cefadroxil,0,False,25
745,CC1=C(C(=O)O)N2C(=O)[C@@H](NC(=O)[C@H](N)c3ccccc3)[C@H]2SC1,CC1=C(C(=O)O)N2C(=O)[C@@H](NC(=O)[C@H](N)c3ccccc3)[C@H]2SC1,cefalexin,0,False,24
746,CC(=O)OCC1=C(C(=O)O)N2C(=O)[C@@H](NC(=O)Cc3ccccc3)[C@H]2SC1,CC(=O)OCC1=C(C(=O)O)N2C(=O)[C@@H](NC(=O)Cc3ccccc3)[C@H]2SC1,cefaloram,0,False,27
747,Cc1nnc(SCC2=C(C(=O)O)N3C(=O)[C@@H](NC(=O)C(N)c4ccc(O)cc4)[C@H]3SC2)s1,Cc1nnc(SCC2=C(C(=O)O)N3C(=O)[C@@H](NC(=O)C(N)c4ccc(O)cc4)[C@H]3SC2)s1,cefaparole,0,False,32
748,NC(C(=O)N[C@@H]1C(=O)N2C(C(=O)O)=C(CSc3cn[nH]n3)CS[C@H]12)c1ccc(O)cc1,NC(C(=O)N[C@@H]1C(=O)N2C(C(=O)O)=C(CSc3cn[nH]n3)CS[C@H]12)c1ccc(O)cc1,cefatrizine,0,False,31
749,Cn1nnnc1SCC1=C(C(=O)[O-])N2C(=O)[C@@H](NC(=O)CSC(F)(F)F)[C@H]2SC1.[Na+],Cn1nnnc1SCC1=C(C(=O)[O-])N2C(=O)[C@@H](NC(=O)CSC(F)(F)F)[C@H]2SC1.[Na+],cefazaflur,0,False,30
750,Cc1nnc(SCC2=C(C(=O)O)N3C(=O)[C@@H](NC(=O)Cn4cc(Cl)c(=O)c(Cl)c4)[C@H]3SC2)s1,Cc1nnc(SCC2=C(C(=O)O)N3C(=O)[C@@H](NC(=O)Cn4cc(Cl)c(=O)c(Cl)c4)[C@H]3SC2)s1,cefazedone,0,False,33
751,Cc1nnc(SCC2=C(C(=O)O)N3C(=O)[C@@H](NC(=O)[C@H](O)c4ccccc4)[C@H]3SC2)s1,Cc1nnc(SCC2=C(C(=O)O)N3C(=O)[C@@H](NC(=O)[C@H](O)c4ccccc4)[C@H]3SC2)s1,cefcanel,0,False,31
752,Cc1nnc(SCC2=C(C(=O)OCc3oc(=O)oc3C)N3C(=O)C(NC(=O)C(OC(=O)C(C)N)c4ccccc4)C3SC2)s1,Cc1nnc(SCC2=C(C(=O)OCc3oc(=O)oc3C)N3C(=O)C(NC(=O)C(OC(=O)C(C)N)c4ccccc4)C3SC2)s1,cefcanel-daloxate,0,False,44
753,CC/C=C(\C(=O)N[C@@H]1C(=O)N2C(C(=O)O)=C(COC(N)=O)CS[C@H]12)c1csc(N)n1,CC/C=C(\C(=O)N[C@@H]1C(=O)N2C(C(=O)O)=C(COC(N)=O)CS[C@H]12)c1csc(N)n1,cefcapene,0,False,30
754,COCC1=C(C(=O)O)N2C(=O)[C@@H](NC(=O)/C(=N\O)c3csc(N)n3)[C@H]2SC1,COCC1=C(C(=O)O)N2C(=O)[C@@H](NC(=O)/C(=N\O)c3csc(N)n3)[C@H]2SC1,cefdaloxime,0,False,27
755,C=CC1=C(C(=O)O)N2C(=O)[C@@H](NC(=O)/C(=N\O)c3csc(N)n3)[C@H]2SC1,C=CC1=C(C(=O)O)N2C(=O)[C@@H](NC(=O)/C(=N\O)c3csc(N)n3)[C@H]2SC1,cefdinir,0,False,26
756,CO/N=C(\C(=O)NC1C(=O)N2C(C(=O)O)=C(/C=C\c3scnc3C)CS[C@H]12)c1csc(N)n1,CO/N=C(\C(=O)NC1C(=O)N2C(C(=O)O)=C(/C=C\c3scnc3C)CS[C@H]12)c1csc(N)n1,cefditoren,0,False,33
757,CC1=C(C(=O)O)N2C(=O)[C@@H](NC(=O)[C@H](N)c3ccc(O)c(Cl)c3)[C@H]2SC1,CC1=C(C(=O)O)N2C(=O)[C@@H](NC(=O)[C@H](N)c3ccc(O)c(Cl)c3)[C@H]2SC1,cefedrolor,0,False,26
758,CO/N=C(\C(=O)N[C@@H]1C(=O)N2C(C(=O)O)=C(C)CS[C@H]12)c1csc(N)n1,CO/N=C(\C(=O)N[C@@H]1C(=O)N2C(C(=O)O)=C(C)CS[C@H]12)c1csc(N)n1,cefetamet,0,False,26
759,O=C(Cc1cccs1)N[C@@H]1C(=O)N2C(C(=O)O)=C(CSc3ncn[nH]3)CS[C@H]12,O=C(Cc1cccs1)N[C@@H]1C(=O)N2C(C(=O)O)=C(CSc3ncn[nH]3)CS[C@H]12,cefetrizole,0,False,28
760,Cn1nnnc1SCC1=C(C(=O)O)N2C(=O)[C@@H](NC(=O)CS/C=C\C#N)[C@H]2SC1,Cn1nnnc1SCC1=C(C(=O)O)N2C(=O)[C@@H](NC(=O)CS/C=C\C#N)[C@H]2SC1,cefivitril,0,False,29
761,C=CC1=C(C(=O)O)N2C(=O)[C@@H](NC(=O)/C(=N\OCC(=O)O)c3csc(N)n3)[C@H]2SC1,C=CC1=C(C(=O)O)N2C(=O)[C@@H](NC(=O)/C(=N\OCC(=O)O)c3csc(N)n3)[C@H]2SC1,cefixime,0,False,30
762,CO/N=C(\C(=O)N[C@@H]1C(=O)N2C(C(=O)O)=C(CSc3nnnn3C)CS[C@H]12)c1csc(N)n1,CO/N=C(\C(=O)N[C@@H]1C(=O)N2C(C(=O)O)=C(CSc3nnnn3C)CS[C@H]12)c1csc(N)n1,cefmenoxime,0,False,33
763,CO[C@@]1(NC(=O)CSCC#N)C(=O)N2C(C(=O)O)=C(CSc3nnnn3C)CS[C@@H]21,CO[C@@]1(NC(=O)CSCC#N)C(=O)N2C(C(=O)O)=C(CSc3nnnn3C)CS[C@@H]21,cefmetazole,0,False,30
764,CO[C@@]1(NC(=O)CSC[C@@H](N)C(=O)O)C(=O)N2C(C(=O)O)=C(CSc3nnnn3C)CS[C@@H]21,CO[C@@]1(NC(=O)CSC[C@@H](N)C(=O)O)C(=O)N2C(C(=O)O)=C(CSc3nnnn3C)CS[C@@H]21,cefminox,0,False,33
765,CO/N=C(/C(=O)N[C@@H]1C(=O)N2C(C(=O)O)=C(CSc3nc(C)c(CC(=O)O)s3)CS[C@H]12)c1csc(N)n1,CO/N=C(/C(=O)N[C@@H]1C(=O)N2C(C(=O)O)=C(CSc3nc(C)c(CC(=O)O)s3)CS[C@H]12)c1csc(N)n1,cefodizime,0,False,37
766,O=C(O)C1=C(CSc2nnnn2CS(=O)(=O)O)CS[C@@H]2[C@H](NC(=O)C(O)c3ccccc3)C(=O)N12,O=C(O)C1=C(CSc2nnnn2CS(=O)(=O)O)CS[C@@H]2[C@H](NC(=O)C(O)c3ccccc3)C(=O)N12,cefonicid,0,False,35
767,NCc1ccccc1CC(=O)N[C@@H]1C(=O)N2C(C(=O)O)=C(CSc3nnnn3CC(=O)O)CS[C@H]12,NCc1ccccc1CC(=O)N[C@@H]1C(=O)N2C(C(=O)O)=C(CSc3nnnn3CC(=O)O)CS[C@H]12,ceforanide,0,False,35
768,CO[C@@]1(NC(=O)C2SC(=C(C(N)=O)C(=O)O)S2)C(=O)N2C(C(=O)O)=C(CSc3nnnn3C)CS[C@@H]21,CO[C@@]1(NC(=O)C2SC(=C(C(N)=O)C(=O)O)S2)C(=O)N2C(C(=O)O)=C(CSc3nnnn3C)CS[C@@H]21,cefotetan,0,False,36
769,CN(C)CCn1nnnc1SCC1=C(C(=O)O)N2C(=O)[C@@H](NC(=O)Cc3csc(N)n3)[C@H]2SC1,CN(C)CCn1nnnc1SCC1=C(C(=O)O)N2C(=O)[C@@H](NC(=O)Cc3csc(N)n3)[C@H]2SC1,cefotiam,0,False,34
770,CC(=O)OCC1=C(C(=O)O)N2C(=O)[C@@H](NC(=O)c3c(-c4ccccc4Cl)noc3C)[C@H]2SC1,CC(=O)OCC1=C(C(=O)O)N2C(=O)[C@@H](NC(=O)c3c(-c4ccccc4Cl)noc3C)[C@H]2SC1,cefoxazole,0,False,33
771,Cc1cc(=O)c(C(=O)N[C@@H](C(=O)NC2C(=O)N3C(C(=O)O)=C(CSc4nnnn4C)CS[C@H]23)c2ccc(O)cc2)c[nH]1,Cc1cc(=O)c(C(=O)N[C@@H](C(=O)NC2C(=O)N3C(C(=O)O)=C(CSc4nnnn4C)CS[C@H]23)c2ccc(O)cc2)c[nH]1,cefpiramide,0,False,42
772,COCC1=C(C(=O)[O-])N2C(=O)[C@@H](NC(=O)/C(=N\OC)c3csc(N)n3)[C@H]2SC1.[Na+],COCC1=C(C(=O)[O-])N2C(=O)[C@@H](NC(=O)/C(=N\OC)c3csc(N)n3)[C@H]2SC1.[Na+],cefpodoxime,0,False,29
773,C/C=C/C1=C(C(=O)O)N2C(=O)[C@@H](NC(=O)[C@H](N)c3ccc(O)cc3)[C@H]2SC1.O,C/C=C/C1=C(C(=O)O)N2C(=O)[C@@H](NC(=O)[C@H](N)c3ccc(O)cc3)[C@H]2SC1.O,cefprozil,0,False,28
774,CC1=C(C(=O)O)N2C(=O)[C@@H](NC(=O)Cc3ccc(C4=NCCCN4)cc3)[C@H]2SC1,CC1=C(C(=O)O)N2C(=O)[C@@H](NC(=O)Cc3ccc(C4=NCCCN4)cc3)[C@H]2SC1,cefrotil,0,False,29
775,COC1=C(C(=O)O)N2C(=O)C(NC(=O)C(N)C3C=CCC=C3)C2SC1,COC1=C(C(=O)O)N2C(=O)C(NC(=O)C(N)C3C=CCC=C3)C2SC1,cefroxadine,0,False,25
776,CC1=C(C(=O)O)N2C(=O)[C@@H](NC(=O)[C@H](N)c3cccc(NS(C)(=O)=O)c3)[C@H]2SC1,CC1=C(C(=O)O)N2C(=O)[C@@H](NC(=O)[C@H](N)c3cccc(NS(C)(=O)=O)c3)[C@H]2SC1,cefsumide,0,False,29
777,CO/N=C(\C(=O)N[C@@H]1C(=O)N2C(C(=O)O)=C(Cn3nnc(C)n3)CS[C@H]12)c1csc(N)n1,CO/N=C(\C(=O)N[C@@H]1C(=O)N2C(C(=O)O)=C(Cn3nnc(C)n3)CS[C@H]12)c1csc(N)n1,cefteram,0,False,32
778,O=C(Cn1cnnn1)N[C@@H]1C(=O)N2C(C(=O)O)=C(CSc3nncs3)CS[C@H]12,O=C(Cn1cnnn1)N[C@@H]1C(=O)N2C(C(=O)O)=C(CSc3nncs3)CS[C@H]12,ceftezole,0,False,28
779,Nc1nc(/C(=C/CC(=O)O)C(=O)N[C@@H]2C(=O)N3C(C(=O)O)=CCS[C@H]23)cs1.O.O,Nc1nc(/C(=C/CC(=O)O)C(=O)N[C@@H]2C(=O)N3C(C(=O)O)=CCS[C@H]23)cs1.O.O,ceftibuten,0,False,29
780,CO/N=C(\C(=O)N[C@@H]1C(=O)N2C(C(=O)O)=C(CSC(=O)c3ccco3)CS[C@H]12)c1csc(N)n1,CO/N=C(\C(=O)N[C@@H]1C(=O)N2C(C(=O)O)=C(CSC(=O)c3ccco3)CS[C@H]12)c1csc(N)n1,ceftiofur,0,False,34
781,CO/N=C(\C(=O)N[C@@H]1C(=O)N2C(C(=O)O)=C(/C=C/Sc3n[nH]c(=O)c(=O)n3CC=O)CS[C@H]12)c1csc(N)n1,CO/N=C(\C(=O)N[C@@H]1C(=O)N2C(C(=O)O)=C(/C=C/Sc3n[nH]c(=O)c(=O)n3CC=O)CS[C@H]12)c1csc(N)n1,ceftiolene,0,False,39
782,CO/N=C(\C(=O)N[C@@H]1C(=O)N2C(C(=O)O)=C(COC(C)=O)CS(=O)[C@H]12)c1csc(N)n1,CO/N=C(\C(=O)N[C@@H]1C(=O)N2C(C(=O)O)=C(COC(C)=O)CS(=O)[C@H]12)c1csc(N)n1,ceftioxide,0,False,31
783,CO/N=C(\C(=O)N[C@@H]1C(=O)N2C(C(=O)O)=CCS[C@H]12)c1csc(N)n1,CO/N=C(\C(=O)N[C@@H]1C(=O)N2C(C(=O)O)=CCS[C@H]12)c1csc(N)n1,ceftizoxime,0,False,25
784,CO/N=C(\C(=O)N[C@@H]1C(=O)N2C(C(=O)O)=C(COC(C)=O)CS[C@H]12)c1ccco1,CO/N=C(\C(=O)N[C@@H]1C(=O)N2C(C(=O)O)=C(COC(C)=O)CS[C@H]12)c1ccco1,cefuracetime,0,False,29
785,CO/N=C(\C(=O)N[C@@H]1C(=O)N2C(C(=O)OC(C)OC(C)=O)=C(COC(N)=O)CS[C@H]12)c1ccco1,CO/N=C(\C(=O)N[C@@H]1C(=O)N2C(C(=O)OC(C)OC(C)=O)=C(COC(N)=O)CS[C@H]12)c1ccco1,cefuroxime-axetil,0,False,35
786,COCCCC(=O)OC(C)OC(=O)C1=C(COC(N)=O)CS[C@@H]2[C@H](NC(=O)/C(=N\OC)c3ccco3)C(=O)N12,COCCCC(=O)OC(C)OC(=O)C1=C(COC(N)=O)CS[C@@H]2[C@H](NC(=O)/C(=N\OC)c3ccco3)C(=O)N12,cefuroxime-pivoxetil,0,False,39
787,CO/N=C(\C(=O)N[C@@H]1C(=O)N2C(C(=O)O)=C(CSc3cnns3)CS[C@H]12)c1csc(N)n1,CO/N=C(\C(=O)N[C@@H]1C(=O)N2C(C(=O)O)=C(CSc3cnns3)CS[C@H]12)c1csc(N)n1,cefuzonam,0,False,32
788,CC(=O)OCC1=C(C(=O)[O-])N2C(=O)[C@H](NC(=O)CC#N)[C@@H]2SC1.[Na+],CC(=O)OCC1=C(C(=O)[O-])N2C(=O)[C@H](NC(=O)CC#N)[C@@H]2SC1.[Na+],cephacetrile,0,False,24
789,CC(=O)OCC1=C(C(=O)O)N2C(=O)[C@@H](NC(=O)[C@H](N)c3ccccc3)[C@H]2SC1.O.O,CC(=O)OCC1=C(C(=O)O)N2C(=O)[C@@H](NC(=O)[C@H](N)c3ccccc3)[C@H]2SC1.O.O,cephaloglycin,0,False,30
790,CC(=O)OCC1=C(C(=O)O)N2C(=O)[C@@H](NC(=O)CCC[C@@H](N)C(=O)O)[C@H]2SC1,CC(=O)OCC1=C(C(=O)O)N2C(=O)[C@@H](NC(=O)CCC[C@@H](N)C(=O)O)[C@H]2SC1,cephalosporin-c,0,False,28
791,CC(=O)OCC1=C(C(=O)O)N2C(=O)[C@@H](NC(=O)Cc3cccs3)[C@H]2SC1,CC(=O)OCC1=C(C(=O)O)N2C(=O)[C@@H](NC(=O)Cc3cccs3)[C@H]2SC1,cephalothin,0,False,26
792,CC(=O)C1=C(O)[C@@]2(O)C(=O)c3c(c(C)c4ccc(C)c(O)c4c3O)C[C@H]2[C@@H](N)C1=O,CC(=O)C1=C(O)[C@@]2(O)C(=O)c3c(c(C)c4ccc(C)c(O)c4c3O)C[C@H]2[C@@H](N)C1=O,cetocycline,0,False,30
793,CC[C@H]1OC(=O)[C@H](C)[C@@H](O[C@H]2C[C@@](C)(OC)[C@@H](O)[C@H](C)O2)[C@H](C)[C@@H](O[C@@H]2O[C@H](C)C[C@H](N(C)C)[C@H]2O)[C@](C)(OC)C[C@@H](C)C(=O)[C@H](C)[C@@H](O)[C@]1(C)O,CC[C@H]1OC(=O)[C@H](C)[C@@H](O[C@H]2C[C@@](C)(OC)[C@@H](O)[C@H](C)O2)[C@H](C)[C@@H](O[C@@H]2O[C@H](C)C[C@H](N(C)C)[C@H]2O)[C@](C)(OC)C[C@@H](C)C(=O)[C@H](C)[C@@H](O)[C@]1(C)O,clarithromycin,0,False,52
794,CCC[C@@H]1C[C@@H](C(=O)NC(C(C)Cl)[C@H]2O[C@H](SC)[C@H](O)[C@@H](O)[C@H]2O)N(C)C1,CCC[C@@H]1C[C@@H](C(=O)NC(C(C)Cl)[C@H]2O[C@H](SC)[C@H](O)[C@@H](O)[C@H]2O)N(C)C1,clindamycin,0,False,27
795,CCC[C@@H]1C[C@@H](C(=O)NC(C(C)Cl)[C@H]2O[C@H](SC)[C@H](OP(=O)(O)O)[C@@H](O)[C@H]2O)N(C)C1,CCC[C@@H]1C[C@@H](C(=O)NC(C(C)Cl)[C@H]2O[C@H](SC)[C@H](OP(=O)(O)O)[C@@H](O)[C@H]2O)N(C)C1,clindamycin-phosphate,0,False,31
796,COC(C(=O)N[C@@H]1C(=O)N2[C@@H]1SC(C)(C)[C@@H]2C(=O)O)c1ccc(Cl)c(Cl)c1,COC(C(=O)N[C@@H]1C(=O)N2[C@@H]1SC(C)(C)[C@@H]2C(=O)O)c1ccc(Cl)c(Cl)c1,clometocillin,0,False,27
797,CN(C)[C@@H]1C(=O)/C(=C(/O)NCO)C(=O)[C@@]2(O)C(=O)C3=C(O)c4c(O)ccc(Cl)c4[C@@](C)(O)[C@H]3C[C@@H]12,CN(C)[C@@H]1C(=O)/C(=C(/O)NCO)C(=O)[C@@]2(O)C(=O)C3=C(O)c4c(O)ccc(Cl)c4[C@@](C)(O)[C@H]3C[C@@H]12,clomocycline,0,False,35
798,CC1(C)S[C@@H]2[C@H](NC(=O)C3(N)CCCCC3)C(=O)N2[C@H]1C(=O)O,CC1(C)S[C@@H]2[C@H](NC(=O)C3(N)CCCCC3)C(=O)N2[C@H]1C(=O)O,cyclacillin,0,False,23
799,CC=CCC(C)C(O)C1C(=O)NC(CC)C(=O)N(C)CC(=O)N(C)C(CC(C)C)C(=O)NC(C(C)C)C(=O)N(C)C(CC(C)C)C(=O)NC(C)C(=O)NC(C)C(=O)N(C)C(CC(C)C)C(=O)N(C)C(CC(C)C)C(=O)N(C)C(C(C)C)C(=O)N1C,CC=CCC(C)C(O)C1C(=O)NC(CC)C(=O)N(C)CC(=O)N(C)C(CC(C)C)C(=O)NC(C(C)C)C(=O)N(C)C(CC(C)C)C(=O)NC(C)C(=O)NC(C)C(=O)N(C)C(CC(C)C)C(=O)N(C)C(CC(C)C)C(=O)N(C)C(C(C)C)C(=O)N1C,cyclosporina,0,False,85
800,Cc1c2oc3c(C)ccc(C(=O)NC4C(=O)NC(C(C)C)C(=O)N5CCCC5C(=O)N(C)CC(=O)N(C)C(C(C)C)C(=O)OC4C)c3nc-2c(C(=O)NC2C(=O)NC(C(C)C)C(=O)N3CCCC3C(=O)N(C)CC(=O)N(C)C(C(C)C)C(=O)OC2C)c(N)c1=O,Cc1c2oc3c(C)ccc(C(=O)NC4C(=O)NC(C(C)C)C(=O)N5CCCC5C(=O)N(C)CC(=O)N(C)C(C(C)C)C(=O)OC4C)c3nc-2c(C(=O)NC2C(=O)NC(C(C)C)C(=O)N3CCCC3C(=O)N(C)CC(=O)N(C)C(C(C)C)C(=O)OC2C)c(N)c1=O,dactinomycin,0,False,90
801,CN(C)[C@@H]1C(=O)/C(=C(\N)O)C(=O)[C@@]2(O)C(=O)C3=C(O)c4c(O)cccc4[C@@H](O)[C@H]3C[C@@H]12,CN(C)[C@@H]1C(=O)/C(=C(\N)O)C(=O)[C@@]2(O)C(=O)C3=C(O)c4c(O)cccc4[C@@H](O)[C@H]3C[C@@H]12,demecycline,0,False,31
802,CCOC(OCC)C(=O)OCC(=O)C1(O)Cc2c(O)c3c(c(O)c2C(OC2CC(N)C(O)C(C)O2)C1)C(=O)c1c(OC)cccc1C3=O,CCOC(OCC)C(=O)OCC(=O)C1(O)Cc2c(O)c3c(c(O)c2C(OC2CC(N)C(O)C(C)O2)C1)C(=O)c1c(OC)cccc1C3=O,detorubicin,0,False,48
803,NCC1CCC(N)C(OC2C(N)CC(N)C(OC3OC(CO)C(O)C(N)C3O)C2O)O1,NCC1CCC(N)C(OC2C(N)CC(N)C(OC3OC(CO)C(O)C(N)C3O)C2O)O1,dibekacin,0,False,31
804,Cc1onc(-c2c(Cl)cccc2Cl)c1C(=O)N[C@@H]1C(=O)N2[C@@H]1SC(C)(C)[C@@H]2C(=O)O,Cc1onc(-c2c(Cl)cccc2Cl)c1C(=O)N[C@@H]1C(=O)N2[C@@H]1SC(C)(C)[C@@H]2C(=O)O,dicloxacillin,0,False,30
805,CN[C@@H]1[C@H](O[C@H]2[C@H](O[C@@H]3[C@@H](O)[C@H](O)[C@@H](N=C(N)N)[C@H](O)[C@H]3N=C(N)N)O[C@@H](C)[C@]2(O)CO)O[C@@H](CO)[C@H](O)[C@H]1O,CN[C@@H]1[C@H](O[C@H]2[C@H](O[C@@H]3[C@@H](O)[C@H](O)[C@@H](N=C(N)N)[C@H](O)[C@H]3N=C(N)N)O[C@@H](C)[C@]2(O)CO)O[C@@H](CO)[C@H](O)[C@H]1O,dihydrostreptomycin,0,False,40
806,COc1ccc(-c2cc(=O)c3c(O)cc(O[C@@H]4O[C@H](CO[C@@H]5O[C@@H](C)[C@H](O)[C@@H](O)[C@H]5O)[C@@H](O)[C@H](O)[C@H]4O)cc3o2)cc1O,COc1ccc(-c2cc(=O)c3c(O)cc(O[C@@H]4O[C@H](CO[C@@H]5O[C@@H](C)[C@H](O)[C@@H](O)[C@H]5O)[C@@H](O)[C@H](O)[C@H]4O)cc3o2)cc1O,diosmin,0,False,43
807,CNCC(O)c1ccc(OC(=O)C(C)(C)C)c(OC(=O)C(C)(C)C)c1,CNCC(O)c1ccc(OC(=O)C(C)(C)C)c(OC(=O)C(C)(C)C)c1,dipivefrin,0,False,25
808,CCC(=O)O[C@H]1[C@H](C)O[C@@H](O[C@@H]2C(C)C(=O)O[C@H](C)[C@H](C)[C@H](OC(=O)CC)[C@@H](C)C(=O)[C@]3(CO3)CC(C)[C@H](O[C@@H]3O[C@H](C)C[C@H](N(C)C)[C@H]3O)[C@H]2C)C[C@@H]1OC,CCC(=O)O[C@H]1[C@H](C)O[C@@H](O[C@@H]2C(C)C(=O)O[C@H](C)[C@H](C)[C@H](OC(=O)CC)[C@@H](C)C(=O)[C@]3(CO3)CC(C)[C@H](O[C@@H]3O[C@H](C)C[C@H](N(C)C)[C@H]3O)[C@H]2C)C[C@@H]1OC,diproleandomycin,0,False,56
809,OCCN(CCO)c1nc(N2CCCCC2)c2nc(N(CCO)CCO)nc(N3CCCCC3)c2n1,OCCN(CCO)c1nc(N2CCCCC2)c2nc(N(CCO)CCO)nc(N3CCCCC3)c2n1,dipyridamole,0,False,36
810,CC[C@H]1OC(=O)[C@H](C)[C@@H](O[C@H]2C[C@@](C)(OC)[C@@H](O)[C@H](C)O2)[C@H](C)[C@@H](O[C@@H]2O[C@H](C)C[C@H](N(C)C)[C@H]2O)[C@](C)(O)C[C@@H](C)[C@@H]2N[C@@H](COCCOC)O[C@H]([C@H]2C)[C@]1(C)O,CC[C@H]1OC(=O)[C@H](C)[C@@H](O[C@H]2C[C@@](C)(OC)[C@@H](O)[C@H](C)O2)[C@H](C)[C@@H](O[C@@H]2O[C@H](C)C[C@H](N(C)C)[C@H]2O)[C@](C)(O)C[C@@H](C)[C@@H]2N[C@@H](COCCOC)O[C@H]([C@H]2C)[C@]1(C)O,dirithromycin,0,False,58
811,CC(=O)O[C@@]12CO[C@@H]1C[C@H](O)[C@@]1(C)C(=O)[C@H](O)C3=C(C)[C@@H](OC(=O)[C@H](O)[C@@H](NC(=O)OC(C)(C)C)c4ccccc4)C[C@@](O)([C@@H](OC(=O)c4ccccc4)[C@H]21)C3(C)C,CC(=O)O[C@@]12CO[C@@H]1C[C@H](O)[C@@]1(C)C(=O)[C@H](O)C3=C(C)[C@@H](OC(=O)[C@H](O)[C@@H](NC(=O)OC(C)(C)C)c4ccccc4)C[C@@](O)([C@@H](OC(=O)c4ccccc4)[C@H]21)C3(C)C,docetaxel,0,False,58
812,C/C=C/C=C/C1OC(O)(C(CC)C(=O)NC/C=C/C=C(\C)C(OC)C(C)C2OC(/C=C/C=C/C=C(\C)C(=O)c3c(O)n(C)ccc3=O)C(O)C2O)C(O)C(OC2OC(C)C(OC3OC(C)C(OC)C(O)C3OC)C(OC)C2O)C1(C)C,C/C=C/C=C/C1OC(O)(C(CC)C(=O)NC/C=C/C=C(\C)C(OC)C(C)C2OC(/C=C/C=C/C=C(\C)C(=O)c3c(O)n(C)ccc3=O)C(O)C2O)C(O)C(OC2OC(C)C(OC3OC(C)C(OC)C(O)C3OC)C(OC)C2O)C1(C)C,efrotomycin,0,False,81
813,CC[C@H]1CN2CCc3cc(OC)c(OC)cc3[C@@H]2C[C@@H]1C[C@H]1NCCc2cc(OC)c(OC)cc21.[Cl],CC[C@H]1CN2CCc3cc(OC)c(OC)cc3[C@@H]2C[C@@H]1C[C@H]1NCCc2cc(OC)c(OC)cc21.[Cl],emetine,0,False,36
814,CC1(C)S[C@@H]2[C@H](NC(=O)[C@H](N)C3=CCC=CC3)C(=O)N2[C@H]1C(=O)O,CC1(C)S[C@@H]2[C@H](NC(=O)[C@H](N)C3=CCC=CC3)C(=O)N2[C@H]1C(=O)O,epicillin,0,False,24
815,CCC(C)[C@H]1O[C@]2(CC[C@@H]1C)CC1C[C@@H](C/C=C(\C)[C@@H](O[C@H]3C[C@H](OC)[C@@H](OC4C[C@H](OC)[C@@H](O)[C@H](C)O4)[C@H](C)O3)[C@@H](C)/C=C/C=C3\CO[C@@H]4[C@H](O)C(C)=C[C@@H](C(=O)O1)[C@]34O)O2.CO[C@H]1CC(O[C@H]2[C@H](C)O[C@@H](O[C@@H]3/C(C)=C/C[C@@H]4CC(C[C@]5(CC[C@H](C)[C@@H](C(C)C)O5)O4)OC(=O)[C@@H]4C=C(C)[C@@H](O)[C@H]5OC/C(=C\C=C\[C@@H]3C)[C@]54O)C[C@@H]2OC)O[C@@H](C)[C@@H]1O,CCC(C)[C@H]1O[C@]2(CC[C@@H]1C)CC1C[C@@H](C/C=C(\C)[C@@H](O[C@H]3C[C@H](OC)[C@@H](OC4C[C@H](OC)[C@@H](O)[C@H](C)O4)[C@H](C)O3)[C@@H](C)/C=C/C=C3\CO[C@@H]4[C@H](O)C(C)=C[C@@H](C(=O)O1)[C@]34O)O2.CO[C@H]1CC(O[C@H]2[C@H](C)O[C@@H](O[C@@H]3/C(C)=C/C[C@@H]4CC(C[C@]5(CC[C@H](C)[C@@H](C(C)C)O5)O4)OC(=O)[C@@H]4C=C(C)[C@@H](O)[C@H]5OC/C(=C\C=C\[C@@H]3C)[C@]54O)C[C@@H]2OC)O[C@@H](C)[C@@H]1O,eqvalan,0,False,123
816,COc1cccc2c1C(=O)c1c(O)c3c(c(O)c1C2=O)C[C@](O)(C(=O)CO)C[C@H]3OC1CC(N)CC(C)O1,COc1cccc2c1C(=O)c1c(O)c3c(c(O)c1C2=O)C[C@](O)(C(=O)CO)C[C@H]3OC1CC(N)CC(C)O1,esorubicin,0,False,38
817,CN(CCN(C)CN/C(O)=C1\C(=O)[C@@H](N(C)C)[C@@H]2C[C@H]3C(=C(O)c4c(O)cccc4[C@@]3(C)O)C(=O)[C@]2(O)C1=O)CN/C(O)=C1\C(=O)[C@@H](N(C)C)[C@@H]2C[C@H]3C(=C(O)c4c(O)cccc4[C@@]3(C)O)C(=O)[C@]2(O)C1=O,CN(CCN(C)CN/C(O)=C1\C(=O)[C@@H](N(C)C)[C@@H]2C[C@H]3C(=C(O)c4c(O)cccc4[C@@]3(C)O)C(=O)[C@]2(O)C1=O)CN/C(O)=C1\C(=O)[C@@H](N(C)C)[C@@H]2C[C@H]3C(=C(O)c4c(O)cccc4[C@@]3(C)O)C(=O)[C@]2(O)C1=O,etamocycline,0,False,72
818,CCNCC(O)c1cccc(O)c1,CCNCC(O)c1cccc(O)c1,etilefrine,0,False,13
819,CCOC(=O)C1=C(C)NC(C)=C(C(=O)OC)C1c1cccc(Cl)c1Cl,CCOC(=O)C1=C(C)NC(C)=C(C(=O)OC)C1c1cccc(Cl)c1Cl,felodipine,0,False,25
820,CC1(C)S[C@@H]2[C@H](NC(=O)C(Oc3ccccc3)c3ccccc3)C(=O)N2[C@H]1C(=O)O,CC1(C)S[C@@H]2[C@H](NC(=O)C(Oc3ccccc3)c3ccccc3)C(=O)N2[C@H]1C(=O)O,fenbenicillin,0,False,30
821,CC(C)c1ccccc1OCC1=NCCN1,CC(C)c1ccccc1OCC1=NCCN1,fenoxazoline,0,False,16
822,CC(C)(C(=O)O)c1ccc(C(O)CCCN2CCC(C(O)(c3ccccc3)c3ccccc3)CC2)cc1,CC(C)(C(=O)O)c1ccc(C(O)CCCN2CCC(C(O)(c3ccccc3)c3ccccc3)CC2)cc1,fexofenadine,0,False,37
823,CC(C)(Oc1ccc(Cl)cc1)C(=O)N[C@@H](C(=O)N[C@@H]1C(=O)N2[C@@H]1SC(C)(C)[C@@H]2C(=O)O)c1ccccc1,CC(C)(Oc1ccc(Cl)cc1)C(=O)N[C@@H](C(=O)N[C@@H]1C(=O)N2[C@@H]1SC(C)(C)[C@@H]2C(=O)O)c1ccccc1,fibracillin,0,False,37
824,CO[C@@]1(NC(=O)CSC(F)(F)F)C(=O)N2C(C(=O)O)=C(CSc3nnnn3CCO)CO[C@@H]21.[Na],CO[C@@]1(NC(=O)CSC(F)(F)F)C(=O)N2C(C(=O)O)=C(CSc3nnnn3CCO)CO[C@@H]21.[Na],flomoxef,0,False,34
825,CC[C@H]1OC(=O)[C@H](C)[C@@H](O[C@H]2C[C@@](C)(OC)[C@@H](O)[C@H](C)O2)[C@H](C)[C@@H](O[C@@H]2O[C@H](C)C[C@H](N(C)C)[C@H]2O)[C@](C)(O)C[C@](C)(F)C(=O)[C@H](C)[C@@H](O)[C@]1(C)O,CC[C@H]1OC(=O)[C@H](C)[C@@H](O[C@H]2C[C@@](C)(OC)[C@@H](O)[C@H](C)O2)[C@H](C)[C@@H](O[C@@H]2O[C@H](C)C[C@H](N(C)C)[C@H]2O)[C@](C)(O)C[C@](C)(F)C(=O)[C@H](C)[C@@H](O)[C@]1(C)O,flurithromycin,0,False,52
826,C[C@@H](O)[C@H]1C(=O)N2C(C(=O)O)=C([C@H]3CCCO3)S[C@H]12,C[C@@H](O)[C@H]1C(=O)N2C(C(=O)O)=C([C@H]3CCCO3)S[C@H]12,fropenem,0,False,19
827,CC1(C)S[C@@H]2[C@H](NC(=O)[C@@H](N=Cc3ccco3)c3ccc(O)cc3)C(=O)N2[C@H]1C(=O)O,CC1(C)S[C@@H]2[C@H](NC(=O)[C@@H](N=Cc3ccco3)c3ccc(O)cc3)C(=O)N2[C@H]1C(=O)O,fumoxicillin,0,False,31
828,CC(C)CC(OC(=O)c1ccco1)C(=O)N[C@@H]1C(=O)N2[C@@H]1SC(C)(C)[C@@H]2C(=O)O,CC(C)CC(OC(=O)c1ccco1)C(=O)N[C@@H]1C(=O)N2[C@@H]1SC(C)(C)[C@@H]2C(=O)O,furbucillin,0,False,29
829,CC(=O)O[C@H]1C[C@@]2(C)[C@@H](C[C@@H](O)[C@H]3[C@@]4(C)CC[C@@H](O)[C@@H](C)[C@@H]4CC[C@@]32C)/C1=C(\CCC=C(C)C)C(=O)O,CC(=O)O[C@H]1C[C@@]2(C)[C@@H](C[C@@H](O)[C@H]3[C@@]4(C)CC[C@@H](O)[C@@H](C)[C@@H]4CC[C@@]32C)/C1=C(\CCC=C(C)C)C(=O)O,fusidic-acid,0,False,37
830,CNC(C)C1CCC(N)C(OC2C(N)CC(N)C(OC3OCC(C)(O)C(NC)C3O)C2O)O1,CNC(C)C1CCC(N)C(OC2C(N)CC(N)C(OC3OCC(C)(O)C(NC)C3O)C2O)O1,gentamicin,0,False,33
831,CO/N=C(\C(=O)N[C@@H]1C(=O)N(OCC(=O)OCC(=O)OC(C)(C)C)[C@H]1C)c1csc(N)n1,CO/N=C(\C(=O)N[C@@H]1C(=O)N(OCC(=O)OCC(=O)OC(C)(C)C)[C@H]1C)c1csc(N)n1,gloximonam,0,False,32
832,CC(C)CC1NC(=O)C(CCCN)NC(=O)C(C(C)C)NC(=O)C2CCCN2C(=O)C(Cc2ccccc2)NC(=O)C(CC(C)C)NC(=O)C(CCCN)NC(=O)C(C(C)C)NC(=O)C2CCCN2C(=O)C(Cc2ccccc2)NC1=O,CC(C)CC1NC(=O)C(CCCN)NC(=O)C(C(C)C)NC(=O)C2CCCN2C(=O)C(Cc2ccccc2)NC(=O)C(CC(C)C)NC(=O)C(CCCN)NC(=O)C(C(C)C)NC(=O)C2CCCN2C(=O)C(Cc2ccccc2)NC1=O,gramicidin-s-2,0,False,82
833,Cc1c(F)c(N2CCNC(C)C2)cc2c1c(=O)c(C(=O)O)cn2C1CC1,Cc1c(F)c(N2CCNC(C)C2)cc2c1c(=O)c(C(=O)O)cn2C1CC1,grepafloxacin,0,False,26
834,CN(C)C1C(=O)/C(=C(/O)NCN2CCN(C(=N)N=C(N)N)CC2)C(=O)C2(O)C(=O)C3=C(O)c4c(O)cccc4C(C)(O)C3CC12,CN(C)C1C(=O)/C(=C(/O)NCN2CCN(C(=N)N=C(N)N)CC2)C(=O)C2(O)C(=O)C3=C(O)c4c(O)cccc4C(C)(O)C3CC12,guamecycline,0,False,45
835,CC1(C)S[C@@H]2[C@H](N3C(=O)[C@@H](c4ccccc4)NC3(C)C)C(=O)N2[C@H]1C(=O)O,CC1(C)S[C@@H]2[C@H](N3C(=O)[C@@H](c4ccccc4)NC3(C)C)C(=O)N2[C@H]1C(=O)O,hetacillin,0,False,27
836,CC(Cc1ccccc1)NO,CC(Cc1ccccc1)NO,hydroxyamphetamine,0,False,11
837,CNC(C)C(O)c1ccc(O)cc1,CNC(C)C(O)c1ccc(O)cc1,hydroxyephedrine,0,False,13
838,Cc1cc(=O)oc2cc(O)ccc12,Cc1cc(=O)oc2cc(O)ccc12,hymecromone,0,False,13
839,CC(=O)[C@]1(O)Cc2c(O)c3c(c(O)c2[C@@H](O[C@H]2C[C@H](N)[C@H](O)[C@H](C)O2)C1)C(=O)c1ccccc1C3=O,CC(=O)[C@]1(O)Cc2c(O)c3c(c(O)c2[C@@H](O[C@H]2C[C@H](N)[C@H](O)[C@H](C)O2)C1)C(=O)c1ccccc1C3=O,idarubicin,0,False,36
840,C[C@H](O)[C@H]1C(=O)N2C(C(=O)O)=C(SCCN=CN)C[C@H]12.O,C[C@H](O)[C@H]1C(=O)N2C(C(=O)O)=C(SCCN=CN)C[C@H]12.O,imipenem,0,False,21
841,CNC1C(O)C(OC2C(NC(=O)C(O)CN)CC(N)C(OC3OC(CN)C(O)C(O)C3O)C2O)OCC1(C)O,CNC1C(O)C(OC2C(NC(=O)C(O)CN)CC(N)C(OC3OC(CN)C(O)C(O)C3O)C2O)OCC1(C)O,isepamicin,0,False,39
842,CC(C)(Oc1ccccc1)C(=O)N[C@@H]1C(=O)N2[C@@H]1SC(C)(C)[C@@H]2C(=O)O,CC(C)(Oc1ccccc1)C(=O)N[C@@H]1C(=O)N2[C@@H]1SC(C)(C)[C@@H]2C(=O)O,isopropicillin,0,False,26
843,CO[C@@H]1[C@@H](O[C@@H]2O[C@H](C)[C@@H](O[C@H]3C[C@@](C)(O)[C@@H](OC(=O)CC(C)C)[C@H](C)O3)[C@H](N(C)C)[C@H]2O)[C@@H](CC=O)C[C@@H](C)[C@@H](O)/C=C/C=C/C[C@@H](C)OC(=O)C[C@H]1OC(C)=O,CO[C@@H]1[C@@H](O[C@@H]2O[C@H](C)[C@@H](O[C@H]3C[C@@](C)(O)[C@@H](OC(=O)CC(C)C)[C@H](C)O3)[C@H](N(C)C)[C@H]2O)[C@@H](CC=O)C[C@@H](C)[C@@H](O)/C=C/C=C/C[C@@H](C)OC(=O)C[C@H]1OC(C)=O,josamycin,0,False,58
844,Cc1oc(=O)oc1COC(=O)[C@@H]1N2C(=O)[C@@H](NC(=O)[C@H](N)c3ccccc3)[C@H]2SC1(C)C,Cc1oc(=O)oc1COC(=O)[C@@H]1N2C(=O)[C@@H](NC(=O)[C@H](N)c3ccccc3)[C@H]2SC1(C)C,lenampicillin,0,False,32
845,CNCC[C@@H](O)[C@@H]1C[C@H](SC2=C(C(=O)O)N3C(=O)[C@H]([C@@H](C)O)[C@H]3[C@H]2C)CN1,CNCC[C@@H](O)[C@@H]1C[C@H](SC2=C(C(=O)O)N3C(=O)[C@H]([C@@H](C)O)[C@H]3[C@H]2C)CN1,lenapenem,0,False,27
846,COc1cccc2c1C(=O)c1c(O)c3c(c(O)c1C2=O)C[C@@](O)(C(=O)CO)C[C@@H]3O[C@H]1C[C@H](NC(=O)[C@@H](N)CC(C)C)[C@H](O)[C@H](C)O1,COc1cccc2c1C(=O)c1c(O)c3c(c(O)c1C2=O)C[C@@](O)(C(=O)CO)C[C@@H]3O[C@H]1C[C@H](NC(=O)[C@@H](N)CC(C)C)[C@H](O)[C@H](C)O1,leurubicin,0,False,47
847,CC[C@H]1OC(=O)[C@H](C)[C@@H](OC2CC(C)(OC)C(O)C(C)O2)C(C)[C@@H](OC2OC(C)CC(N(C)C)C2O)[C@](C)(O)C[C@@H](C)/C(=N\OC)[C@H](C)[C@@H](O)[C@]1(C)O,CC[C@H]1OC(=O)[C@H](C)[C@@H](OC2CC(C)(OC)C(O)C(C)O2)C(C)[C@@H](OC2OC(C)CC(N(C)C)C2O)[C@](C)(O)C[C@@H](C)/C(=N\OC)[C@H](C)[C@@H](O)[C@]1(C)O,lexithromycin,0,False,53
848,CCCC1CC(C(=O)NC(C(C)O)C2OC(SC)C(O)C(O)C2O)N(C)C1,CCCC1CC(C(=O)NC(C(C)O)C2OC(SC)C(O)C(O)C2O)N(C)C1,lincomycin,0,False,27
849,N[C@@H](C(=O)NC1C(=O)N2C(C(=O)O)=C(Cl)CCC12)c1ccccc1.O,N[C@@H](C(=O)NC1C(=O)N2C(C(=O)O)=C(Cl)CCC12)c1ccccc1.O,loracarbef,0,False,25
850,CCCCc1nc(Cl)c(CO)n1Cc1ccc(-c2ccccc2-c2nn[nH]n2)cc1,CCCCc1nc(Cl)c(CO)n1Cc1ccc(-c2ccccc2-c2nn[nH]n2)cc1,losartan,0,False,30
851,CN(C)[C@@H]1C(=O)/C(=C(/N)O)C(=O)[C@@]2(O)C(=O)C3=C(O)c4c(O)ccc(Cl)c4[C@@](C)(O)[C@H]3C[C@@H]12.[Cl-].[H+],CN(C)[C@@H]1C(=O)/C(=C(/N)O)C(=O)[C@@]2(O)C(=O)C3=C(O)c4c(O)ccc(Cl)c4[C@@](C)(O)[C@H]3C[C@@H]12.[Cl-].[H+],lymecycline,0,False,35
852,CC1(C)S[C@@H]2[C@H](N=CN3CCCCCC3)C(=O)N2[C@H]1C(=O)O,CC1(C)S[C@@H]2[C@H](N=CN3CCCCCC3)C(=O)N2[C@H]1C(=O)O,mecillinam,0,False,22
853,CC(CN(C)C)OC(C)(c1ccccc1)c1ccc(Cl)cc1,CC(CN(C)C)OC(C)(c1ccccc1)c1ccc(Cl)cc1,mecloxamine,0,False,22
854,CC1OC(OC2CC(O)(C(=O)CO)Cc3c(O)c4c(c(O)c32)C(=O)c2ccccc2C4=O)CC(N)C1O,CC1OC(OC2CC(O)(C(=O)CO)Cc3c(O)c4c(c(O)c32)C(=O)c2ccccc2C4=O)CC(N)C1O,medorubicin,0,False,37
855,C[C@H](O)C1C(=O)N2C(C(=O)O)=C(S[C@@H]3CN[C@H](C(=O)N(C)C)C3)[C@H](C)C12.O.O.O,C[C@H](O)C1C(=O)N2C(C(=O)O)=C(S[C@@H]3CN[C@H](C(=O)N(C)C)C3)[C@H](C)C12.O.O.O,meropenem,0,False,29
856,C=NC(C(=O)NC1C(=O)N2C1SC(C)(C)C2C(=O)O)c1ccccc1,C=NC(C(=O)NC1C(=O)N2C1SC(C)(C)C2C(=O)O)c1ccccc1,metampicillin,0,False,25
857,C=C1c2cccc(O)c2C(O)=C2C(=O)[C@]3(O)C(=O)/C(=C(/N)O)C(=O)[C@@H](N(C)C)[C@@H]3[C@@H](O)[C@H]12,C=C1c2cccc(O)c2C(O)=C2C(=O)[C@]3(O)C(=O)/C(=C(/N)O)C(=O)[C@@H](N(C)C)[C@@H]3[C@@H](O)[C@H]12,methacycline,0,False,32
858,CNC(C)C(=O)c1ccc(OC)cc1,CNC(C)C(=O)c1ccc(OC)cc1,methoxyphedrine,0,False,14
859,COc1cccc(OC)c1C(=O)N[C@@H]1C(=O)N2[C@@H]1SC(C)(C)[C@@H]2C(=O)O,COc1cccc(OC)c1C(=O)N[C@@H]1C(=O)N2[C@@H]1SC(C)(C)[C@@H]2C(=O)O,meticillin,0,False,26
860,CC1(C)S[C@@H]2[C@H](NC(=O)[C@H](NC(=O)N3CCN(S(C)(=O)=O)C3=O)c3ccccc3)C(=O)N2[C@H]1C(=O)O,CC1(C)S[C@@H]2[C@H](NC(=O)[C@H](NC(=O)N3CCN(S(C)(=O)=O)C3=O)c3ccccc3)C(=O)N2[C@H]1C(=O)O,mezlocillin,0,False,36
861,COCC(=O)O[C@]1(CCN(C)CCCc2nc3ccccc3[nH]2)CCc2cc(F)ccc2[C@@H]1C(C)C,COCC(=O)O[C@]1(CCN(C)CCCc2nc3ccccc3[nH]2)CCc2cc(F)ccc2[C@@H]1C(C)C,mibefradil,0,False,36
862,CCC(=O)OC1CC(=O)OC(C)C/C=C/C=C\C(O)C(C)CC(CC=O)C(O[C@@H]2O[C@H](C)[C@@H](O[C@H]3C[C@@](C)(O)[C@H](OC(=O)CC)[C@@H](C)O3)[C@H](N(C)C)[C@H]2O)C1OC,CCC(=O)OC1CC(=O)OC(C)C/C=C/C=C\C(O)C(C)CC(CC=O)C(O[C@@H]2O[C@H](C)[C@@H](O[C@H]3C[C@@](C)(O)[C@H](OC(=O)CC)[C@@H](C)O3)[C@H](N(C)C)[C@H]2O)C1OC,midecamycin,0,False,57
863,CCC1NC(=O)C(NC(=O)c2ncccc2O)C(C)OC(=O)C(c2ccccc2)NC(=O)C2CC(=O)CCN2C(=O)C(Cc2ccc(N(C)C)cc2)N(C)C(=O)C2CCCN2C1=O,CCC1NC(=O)C(NC(=O)c2ncccc2O)C(C)OC(=O)C(c2ccccc2)NC(=O)C2CC(=O)CCN2C(=O)C(Cc2ccc(N(C)C)cc2)N(C)C(=O)C2CCCN2C1=O,mikamycin,0,False,63
864,CCCCCC1CNC(C(=O)NC(C(C)Cl)C2OC(SC)C(O)C(O)C2O)C1,CCCCCC1CNC(C(=O)NC(C(C)Cl)C2OC(SC)C(O)C(O)C2O)C1,mirincamycin,0,False,28
865,CO[C@@]12[C@H](COC(N)=O)C3=C(C(=O)C(C)=C(N)C3=O)N1C[C@@H]1N[C@@H]12,CO[C@@]12[C@H](COC(N)=O)C3=C(C(=O)C(C)=C(N)C3=O)N1C[C@@H]1N[C@@H]12,mitomycin,0,False,24
866,CO[C@@]1(NC(=O)C(C(=O)O)c2ccc(O)cc2)C(=O)N2C(C(=O)O)=C(CSc3nnnn3C)CO[C@@H]21,CO[C@@]1(NC(=O)C(C(=O)O)c2ccc(O)cc2)C(=O)N2C(C(=O)O)=C(CSc3nnnn3C)CO[C@@H]21,moxalactam,0,False,36
867,NC[C@H]1O[C@H](O[C@H]2[C@H](O)[C@@H](O)[C@H](N)C[C@@H]2N)[C@H](N)[C@@H](O)[C@@H]1O,NC[C@H]1O[C@H](O[C@H]2[C@H](O)[C@@H](O)[C@H](N)C[C@@H]2N)[C@H](N)[C@@H](O)[C@@H]1O,neamine,0,False,22
868,CCN[C@@H]1C[C@H](N)[C@@H](O[C@H]2OC(CN)=CC[C@H]2N)[C@H](O)[C@H]1O[C@H]1OC[C@](C)(O)[C@H](NC)[C@H]1O,CCN[C@@H]1C[C@H](N)[C@@H](O[C@H]2OC(CN)=CC[C@H]2N)[C@H](O)[C@H]1O[C@H]1OC[C@](C)(O)[C@H](NC)[C@H]1O,netilmicin,0,False,33
869,COC(=O)C1=C(C)NC(C)=C(C(=O)OCCN(C)Cc2ccccc2)C1c1cccc([N+](=O)[O-])c1,COC(=O)C1=C(C)NC(C)=C(C(=O)OCCN(C)Cc2ccccc2)C1c1cccc([N+](=O)[O-])c1,nicardipine,0,False,35
870,COC(=O)C1=C(C)NC(C)=C(C(=O)OC)C1c1ccccc1[N+](=O)[O-],COC(=O)C1=C(C)NC(C)=C(C(=O)OC)C1c1ccccc1[N+](=O)[O-],nifedipine,0,False,25
871,CCOC(=O)C1=C(C)NC(C)=C(C(=O)OC)C1c1cccc([N+](=O)[O-])c1,CCOC(=O)C1=C(C)NC(C)=C(C(=O)OC)C1c1cccc([N+](=O)[O-])c1,nitrendipine,0,False,26
872,CN(C)[C@@H]1C(=O)/C(=C(\N)O)C(=O)[C@@]2(O)C(=O)C3=C(O)c4c(O)ccc([N+](=O)[O-])c4C[C@H]3C[C@@H]12,CN(C)[C@@H]1C(=O)/C(=C(\N)O)C(=O)[C@@]2(O)C(=O)C3=C(O)c4c(O)ccc([N+](=O)[O-])c4C[C@H]3C[C@@H]12,nitrocycline,0,False,33
873,CO[C@@H]1[C@@H](OC(N)=O)[C@@H](O)[C@H](Oc2ccc3c(=O)c(NC(=O)c4ccc(O)c(CC=C(C)C)c4)c(O)oc3c2C)OC1(C)C,CO[C@@H]1[C@@H](OC(N)=O)[C@@H](O)[C@H](Oc2ccc3c(=O)c(NC(=O)c4ccc(O)c(CC=C(C)C)c4)c(O)oc3c2C)OC1(C)C,novobiocin,0,False,44
874,COC1CC(O[C@H]2[C@H](C)[C@@H](OC3OC(C)CC(N(C)C)C3O)[C@@H](C)C[C@]3(CO3)C(=O)[C@H](C)[C@@H](O)[C@@H](C)[C@@H](C)OC(=O)[C@@H]2C)OC(C)C1O,COC1CC(O[C@H]2[C@H](C)[C@@H](OC3OC(C)CC(N(C)C)C3O)[C@@H](C)C[C@]3(CO3)C(=O)[C@H](C)[C@@H](O)[C@@H](C)[C@@H](C)OC(=O)[C@@H]2C)OC(C)C1O,oleandomycin,0,False,48
875,CC1(C)S[C@@H]2[C@H]([NH+]3C(=O)C(c4ccc(O)cc4)NC3(C)C)C(=O)N2[C@H]1C(=O)O,CC1(C)S[C@@H]2[C@H]([NH+]3C(=O)C(c4ccc(O)cc4)NC3(C)C)C(=O)N2[C@H]1C(=O)O,oxetacillin,0,False,28
876,CO/N=C(\C(=O)NC1C(=O)N(OCC(=O)O)[C@H]1C)c1csc(N)n1,CO/N=C(\C(=O)NC1C(=O)N(OCC(=O)O)[C@H]1C)c1csc(N)n1,oximonam,0,False,24
877,CC(=O)O[C@H]1C(=O)[C@@]2(C)C([C@H](OC(=O)c3ccccc3)[C@]3(O)C[C@H](OC(=O)[C@H](O)[C@@H](NC(=O)c4ccccc4)c4ccccc4)C(C)=C1C3(C)C)[C@]1(OC(C)=O)CO[C@@H]1C[C@@H]2O,CC(=O)O[C@H]1C(=O)[C@@]2(C)C([C@H](OC(=O)c3ccccc3)[C@]3(O)C[C@H](OC(=O)[C@H](O)[C@@H](NC(=O)c4ccccc4)c4ccccc4)C(C)=C1C3(C)C)[C@]1(OC(C)=O)CO[C@@H]1C[C@@H]2O,paclitaxel,0,False,62
878,CN(C)[C@@H]1C(=O)/C(=C(/O)NCN2CCCC(C(=O)O)C2)C(=O)[C@@]2(O)C(=O)C3=C(O)c4c(O)cccc4[C@@](C)(O)[C@H]3C[C@@H]12,CN(C)[C@@H]1C(=O)/C(=C(/O)NCN2CCCC(C(=O)O)C2)C(=O)[C@@]2(O)C(=O)C3=C(O)c4c(O)cccc4[C@@](C)(O)[C@H]3C[C@@H]12,pecocycline,0,False,42
879,CC(=O)OCOC(=O)C1N2C(=O)C(NC(=O)Cc3ccccc3)C2SC1(C)C,CC(=O)OCOC(=O)C1N2C(=O)C(NC(=O)Cc3ccccc3)C2SC1(C)C,penamecillin,0,False,28
880,CC1(C)SC2C(NC(=O)Cc3ccccc3)C(=O)N2C1C(=O)O.[Na],CC1(C)SC2C(NC(=O)Cc3ccccc3)C(=O)N2C1C(=O)O.[Na],penicillin,0,False,24
881,CN(C)[C@@H]1C(=O)/C(=C(/O)NCNC(C(=O)NC2C(=O)N3C2SC(C)(C)C3C(=O)O)c2ccccc2)C(=O)[C@@]2(O)C(=O)C3=C(O)c4c(O)cccc4[C@@](C)(O)[C@H]3C[C@@H]12,CN(C)[C@@H]1C(=O)/C(=C(/O)NCNC(C(=O)NC2C(=O)N3C2SC(C)(C)C3C(=O)O)c2ccccc2)C(=O)[C@@]2(O)C(=O)C3=C(O)c4c(O)cccc4[C@@](C)(O)[C@H]3C[C@@H]12,penimocycline,0,False,57
882,CC(Oc1ccccc1)C(=O)NC1C(=O)N2C1SC(C)(C)C2C(=O)O,CC(Oc1ccccc1)C(=O)NC1C(=O)N2C1SC(C)(C)C2C(=O)O,phenethicillin,0,False,25
883,CN(C)C1C(=O)/C(=C(/O)NCN2CCN(CCO)CC2)C(=O)C2(O)C(=O)C3=C(O)c4c(O)cccc4C(C)(O)C3CC12,CN(C)C1C(=O)/C(=C(/O)NCN2CCN(CCO)CC2)C(=O)C2(O)C(=O)C3=C(O)c4c(O)cccc4C(C)(O)C3CC12,pipacycline,0,False,42
884,COc1cccc2c1C(=O)c1c(O)c3c(c(O)c1C2=O)C[C@@](O)(C(=O)CO)C[C@@H]3O[C@H]1C[C@H](N)[C@H](O[C@H]2CCCCO2)[C@H](C)O1,COc1cccc2c1C(=O)c1c(O)c3c(c(O)c1C2=O)C[C@@](O)(C(=O)CO)C[C@@H]3O[C@H]1C[C@H](N)[C@H](O[C@H]2CCCCO2)[C@H](C)O1,pirarubicin,0,False,45
885,CC1(C)SC2C(N(C(=N)c3ccncc3)[C@H](C(=O)NC(=O)CN)c3ccccc3)C(=O)N2C1C(=O)O,CC1(C)SC2C(N(C(=N)c3ccncc3)[C@H](C(=O)NC(=O)CN)c3ccccc3)C(=O)N2C1C(=O)O,pirbenicillin,0,False,36
886,CC1(C)S[C@@H]2[C@H](NC(=O)[C@H](NC(=O)c3ccc(-c4ccc(S(=O)(=O)N(CCO)CCO)cc4)[nH]c3=O)c3ccc(O)cc3)C(=O)N2[C@H]1C(=O)[O-].[Na+],CC1(C)S[C@@H]2[C@H](NC(=O)[C@H](NC(=O)c3ccc(-c4ccc(S(=O)(=O)N(CCO)CCO)cc4)[nH]c3=O)c3ccc(O)cc3)C(=O)N2[C@H]1C(=O)[O-].[Na+],piridicillin,0,False,51
887,CC1(C)S[C@@H]2[C@H](NC(=O)[C@H](NC(=O)Nc3cnc(Nc4ccc(S(N)(=O)=O)cc4)[nH]c3=O)c3ccc(O)cc3)C(=O)N2[C@H]1C(=O)O,CC1(C)S[C@@H]2[C@H](NC(=O)[C@H](NC(=O)Nc3cnc(Nc4ccc(S(N)(=O)=O)cc4)[nH]c3=O)c3ccc(O)cc3)C(=O)N2[C@H]1C(=O)O,piroxicillin,0,False,46
888,CC(C)(C)C(=O)OCOC(=O)[C@@H]1N2C(=O)[C@@H](NC(=O)[C@H](N)c3ccccc3)[C@H]2SC1(C)C,CC(C)(C)C(=O)OCOC(=O)[C@@H]1N2C(=O)[C@@H](NC(=O)[C@H](N)c3ccccc3)[C@H]2SC1(C)C,pivampicillin,0,False,32
889,CNCC(O)c1cccc(OC(=O)C(C)(C)C)c1,CNCC(O)c1cccc(OC(=O)C(C)(C)C)c1,pivenfrine,0,False,18
890,Cc1cnn(-c2c(Cl)cccc2Cl)c1C(=O)N[C@@H]1C(=O)N2[C@@H]1SC(C)(C)[C@@H]2C(=O)O,Cc1cnn(-c2c(Cl)cccc2Cl)c1C(=O)N[C@@H]1C(=O)N2[C@@H]1SC(C)(C)[C@@H]2C(=O)O,prazocillin,0,False,30
891,CC1NC(=O)C(NC(=O)c2ncccc2O)C(C)OC(=O)C(c2ccccc2)NC(=O)C2CC(=O)CCN2C(=O)C(Cc2ccc(N(C)C)cc2)N(C)C(=O)C2CCCN2C1=O,CC1NC(=O)C(NC(=O)c2ncccc2O)C(C)OC(=O)C(c2ccccc2)NC(=O)C2CC(=O)CCN2C(=O)C(Cc2ccc(N(C)C)cc2)N(C)C(=O)C2CCCN2C1=O,pristinamycin-ic,0,False,62
892,CCCNCC(O)COc1ccccc1C(=O)CCc1ccccc1,CCCNCC(O)COc1ccccc1C(=O)CCc1ccccc1,propafenone,0,False,25
893,CCC(Oc1ccccc1)C(=O)NC1C(=O)N2C1SC(C)(C)C2C(=O)O,CCC(Oc1ccccc1)C(=O)NC1C(=O)N2C1SC(C)(C)C2C(=O)O,propicillin,0,False,26
894,NCC1OC(OC2C(N)CC(NC(CO)CO)C(OC3OC(CO)C(O)C(N)C3O)C2O)C(N)C(O)C1O,NCC1OC(OC2C(N)CC(NC(CO)CO)C(OC3OC(CO)C(O)C(N)C3O)C2O)C(N)C(O)C1O,propikacin,0,False,38
895,CC1(C)S[C@@H]2[C@H](NC(=O)c3nc4ccccc4nc3C(=O)O)C(=O)N2[C@H]1C(=O)O,CC1(C)S[C@@H]2[C@H](NC(=O)c3nc4ccccc4nc3C(=O)O)C(=O)N2[C@H]1C(=O)O,quinacillin,0,False,29
896,CO[C@H]1/C=C/O[C@@]2(C)Oc3c(C)c(O)c4c(c3C2=O)C2=NC3(CCN(CC(C)C)CC3)NC2=C(NC(=O)/C(C)=C\C=C\[C@H](C)[C@H](O)[C@@H](C)[C@@H](O)[C@@H](C)[C@H](OC(C)=O)[C@@H]1C)C4=O,CO[C@H]1/C=C/O[C@@]2(C)Oc3c(C)c(O)c4c(c3C2=O)C2=NC3(CCN(CC(C)C)CC3)NC2=C(NC(=O)/C(C)=C\C=C\[C@H](C)[C@H](O)[C@@H](C)[C@@H](O)[C@@H](C)[C@H](OC(C)=O)[C@@H]1C)C4=O,rifabutin,0,False,61
897,CCN(CC)C(C)=NN=Cc1c2c(O)c3c(O)c(C)c4c(c3c1O)C(=O)C(C)(OC=CC(OC)C(C)C(OC(C)=O)C(C)C(O)C(C)C(O)C(C)C=CC=C(C)C(=O)N2)O4,CCN(CC)C(C)=NN=Cc1c2c(O)c3c(O)c(C)c4c(c3c1O)C(=O)C(C)(OC=CC(OC)C(C)C(OC(C)=O)C(C)C(O)C(C)C(O)C(C)C=CC=C(C)C(=O)N2)O4,rifametane,0,False,60
898,CCN(CC)c1nc2c(s1)c1c(O)c3c(O)c(C)c4c(c32)C(=O)[C@@](C)(O/C=C/[C@H](OC)[C@@H](C)[C@@H](OC(C)=O)[C@H](C)[C@H](O)[C@H](C)[C@@H](O)[C@@H](C)/C=C/C=C(/C)C(=O)N1)O4,CCN(CC)c1nc2c(s1)c1c(O)c3c(O)c(C)c4c(c32)C(=O)[C@@](C)(O/C=C/[C@H](OC)[C@@H](C)[C@@H](OC(C)=O)[C@H](C)[C@H](O)[C@H](C)[C@@H](O)[C@@H](C)/C=C/C=C(/C)C(=O)N1)O4,rifamexil,0,False,57
899,CCN(CC)C(=O)COc1cc2c(O)c3c(O)c(C)c4c(c13)C(=O)[C@@](C)(O/C=C/[C@H](OC)[C@@H](C)[C@@H](OC(C)=O)[C@H](C)[C@H](O)[C@H](C)[C@@H](O)[C@@H](C)/C=C/C=C(/C)C(=O)N2)O4,CCN(CC)C(=O)COc1cc2c(O)c3c(O)c(C)c4c(c13)C(=O)[C@@](C)(O/C=C/[C@H](OC)[C@@H](C)[C@@H](OC(C)=O)[C@H](C)[C@H](O)[C@H](C)[C@@H](O)[C@@H](C)/C=C/C=C(/C)C(=O)N2)O4,rifamide,0,False,58
900,COC1C=COC2(C)Oc3c(C)c(O)c4c(O)c(c(C=NN5CCN(C)CC5)c(O)c4c3C2=O)NC(=O)C(C)=CC=CC(C)C(O)C(C)C(O)C(C)C(OC(C)=O)C1C,COC1C=COC2(C)Oc3c(C)c(O)c4c(O)c(c(C=NN5CCN(C)CC5)c(O)c4c3C2=O)NC(=O)C(C)=CC=CC(C)C(O)C(C)C(O)C(C)C(OC(C)=O)C1C,rifampin,0,False,59
901,CO[C@H]1/C=C/O[C@@]2(C)Oc3c(C)c(O)c4c(O)c(cc(O)c4c3C2=O)NC(=O)/C(C)=C\C=C\[C@H](C)[C@H](O)[C@@H](C)[C@@H](O)[C@@H](C)[C@H](OC(C)=O)[C@@H]1C,CO[C@H]1/C=C/O[C@@]2(C)Oc3c(C)c(O)c4c(O)c(cc(O)c4c3C2=O)NC(=O)/C(C)=C\C=C\[C@H](C)[C@H](O)[C@@H](C)[C@@H](O)[C@@H](C)[C@H](OC(C)=O)[C@@H]1C,rifamycin,0,False,50
902,CO[C@H]1/C=C/O[C@@]2(C)Oc3c(C)c(O)c4c(c3C2=O)C(=O)/C(=C/NN2CCN(C3CCCC3)CC2)C(=C4O)NC(=O)/C(C)=C\C=C\[C@H](C)[C@H](O)[C@@H](C)[C@@H](O)[C@@H](C)[C@H](OC(C)=O)[C@@H]1C,CO[C@H]1/C=C/O[C@@]2(C)Oc3c(C)c(O)c4c(c3C2=O)C(=O)/C(=C/NN2CCN(C3CCCC3)CC2)C(=C4O)NC(=O)/C(C)=C\C=C\[C@H](C)[C@H](O)[C@@H](C)[C@@H](O)[C@@H](C)[C@H](OC(C)=O)[C@@H]1C,rifapentine,0,False,63
903,CO[C@H]1/C=C/O[C@@]2(C)Oc3c(C)c(O)c4c(O)c(c5c(nc6cc(C)ccn65)c4c3C2=O)NC(=O)/C(C)=C\C=C\[C@H](C)[C@H](O)[C@@H](C)[C@@H](O)[C@@H](C)[C@H](OC(C)=O)[C@@H]1C,CO[C@H]1/C=C/O[C@@]2(C)Oc3c(C)c(O)c4c(O)c(c5c(nc6cc(C)ccn65)c4c3C2=O)NC(=O)/C(C)=C\C=C\[C@H](C)[C@H](O)[C@@H](C)[C@@H](O)[C@@H](C)[C@H](OC(C)=O)[C@@H]1C,rifaximin,0,False,57
904,C[C@@H](O)[C@H]1C(=O)N2C(C(=O)[O-])=C(COC(N)=O)S[C@H]12.[Na+],C[C@@H](O)[C@H]1C(=O)N2C(C(=O)[O-])=C(COC(N)=O)S[C@H]12.[Na+],ritipenem,0,False,20
905,CC[C@@]1(O)C[C@H](O[C@H]2C[C@H](N(C)C)[C@H](O[C@H]3C[C@@H]4O[C@H]5CC(=O)[C@H](C)O[C@H]5O[C@@H]4[C@H](C)O3)[C@H](C)O2)c2c(O)c3c(c(O)c2[C@H]1O[C@H]1C[C@H](N(C)C)[C@H](O)[C@H](C)O1)C(=O)c1cccc(O)c1C3=O,CC[C@@]1(O)C[C@H](O[C@H]2C[C@H](N(C)C)[C@H](O[C@H]3C[C@@H]4O[C@H]5CC(=O)[C@H](C)O[C@H]5O[C@@H]4[C@H](C)O3)[C@H](C)O2)c2c(O)c3c(c(O)c2[C@H]1O[C@H]1C[C@H](N(C)C)[C@H](O)[C@H](C)O1)C(=O)c1cccc(O)c1C3=O,rodorubicin,0,False,67
906,CC1(C)S[C@@H]2[C@H](NC(=O)[C@H](NC(=O)Cc3ccc(C4=NCCCN4)cc3)c3ccccc3)C(=O)N2[C@H]1C(=O)O,CC1(C)S[C@@H]2[C@H](NC(=O)[C@H](NC(=O)Cc3ccc(C4=NCCCN4)cc3)c3ccccc3)C(=O)N2[C@H]1C(=O)O,rotamicillin,0,False,39
907,CC[C@H]1OC(=O)[C@H](C)[C@@H](O[C@H]2C[C@@](C)(OC)[C@@H](O)[C@H](C)O2)[C@H](C)[C@@H](O[C@@H]2O[C@H](C)C[C@H](N(C)C)[C@H]2O)[C@](C)(O)C[C@@H](C)/C(=N/OCOCCOC)[C@H](C)[C@@H](O)[C@]1(C)O,CC[C@H]1OC(=O)[C@H](C)[C@@H](O[C@H]2C[C@@](C)(OC)[C@@H](O)[C@H](C)O2)[C@H](C)[C@@H](O[C@@H]2O[C@H](C)C[C@H](N(C)C)[C@H]2O)[C@](C)(O)C[C@@H](C)/C(=N/OCOCCOC)[C@H](C)[C@@H](O)[C@]1(C)O,roxithromycin,0,False,58
908,COC1CCCC2C1=C(C(=O)[O-])N1C(=O)C(C(C)O)C21,COC1CCCC2C1=C(C(=O)[O-])N1C(=O)C(C(C)O)C21,sanfetrinem,0,False,20
909,COCOC(=O)C1N2C(=O)C(N3C(=O)C(c4ccc(O)cc4)NC3(C)C)C2SC1(C)C,COCOC(=O)C1N2C(=O)C(N3C(=O)C(c4ccc(O)cc4)NC3(C)C)C2SC1(C)C,sarmoxicillin,0,False,31
910,COCOC(=O)[C@@H]1N2C(=O)[C@@H](N3C(=O)C(c4ccccc4)NC3(C)C)[C@H]2SC1(C)C,COCOC(=O)[C@@H]1N2C(=O)[C@@H](N3C(=O)C(c4ccccc4)NC3(C)C)[C@H]2SC1(C)C,sarpicillin,0,False,30
911,CC(=O)OC1/C=C/C(C)=C/CC(O)/C=C/C(C)=C/C(NC(=O)C(C)=O)C2(C)C(=O)OC(C1)C(C)C2=O,CC(=O)OC1/C=C/C(C)=C/CC(O)/C=C/C(C)=C/C(NC(=O)C(C)=O)C2(C)C(=O)OC(C1)C(C)C2=O,sedecamycin,0,False,36
912,CN[C@@H]1[C@@H](O)[C@@H](O[C@@H]2[C@@H](O)[C@H](O[C@H]3OC(CN)=CC[C@H]3N)[C@@H](N)C[C@H]2N)OC[C@]1(C)O,CN[C@@H]1[C@@H](O)[C@@H](O[C@@H]2[C@@H](O)[C@H](O[C@H]3OC(CN)=CC[C@H]3N)[C@@H](N)C[C@H]2N)OC[C@]1(C)O,sisomicin,0,False,31
913,COC1C(O)CC(=O)OC(C)C/C=C/C=C/C(OC2CCC(N(C)C)C(C)O2)C(C)CC(CC=O)C1OC1OC(C)C(OC2CC(C)(O)C(O)C(C)O2)C(N(C)C)C1O,COC1C(O)CC(=O)OC(C)C/C=C/C=C/C(OC2CCC(N(C)C)C(C)O2)C(C)CC(CC=O)C1OC1OC(C)C(OC2CC(C)(O)C(O)C(C)O2)C(N(C)C)C1O,spiramycin,0,False,59
914,CC1(C)S[C@@H]2[C@H](NC(=O)C(c3ccccc3)S(=O)(=O)O)C(=O)N2[C@H]1C(=O)O,CC1(C)S[C@@H]2[C@H](NC(=O)C(c3ccccc3)S(=O)(=O)O)C(=O)N2[C@H]1C(=O)O,sulbenicillin,0,False,27
915,C[C@@H](O)[C@H]1C(=O)N2C(C(=O)O)=C(SC3CCS(=O)C3)S[C@H]12,C[C@@H](O)[C@H]1C(=O)N2C(C(=O)O)=C(SC3CCS(=O)C3)S[C@H]12,sulopenem,0,False,21
916,CC1(C)S[C@@H]2[C@H](NC(=O)[C@H](N)c3ccccc3)C(=O)N2[C@H]1C(=O)O.CC1(C)[C@H](C(=O)O)N2C(=O)C[C@H]2S1(=O)=O,CC1(C)S[C@@H]2[C@H](NC(=O)[C@H](N)c3ccccc3)C(=O)N2[C@H]1C(=O)O.CC1(C)[C@H](C(=O)O)N2C(=O)C[C@H]2S1(=O)=O,sultamicillin,0,False,39
917,CC1(C)S[C@@H]2[C@H](NC(=O)[C@H](NS(=O)(=O)[O-])c3ccccc3)C(=O)N2[C@H]1C(=O)[O-].[Na+].[Na+],CC1(C)S[C@@H]2[C@H](NC(=O)[C@H](NS(=O)(=O)[O-])c3ccccc3)C(=O)N2[C@H]1C(=O)[O-].[Na+].[Na+],suncillin,0,False,30
918,C=CC[C@@H]1/C=C(\C)C[C@H](C)C[C@H](OC)[C@H]2O[C@@](O)(C(=O)C(=O)N3CCCC[C@H]3C(=O)O[C@H](/C(C)=C/[C@@H]3CC[C@@H](O)[C@H](OC)C3)[C@H](C)[C@@H](O)CC1=O)[C@H](C)C[C@@H]2OC,C=CC[C@@H]1/C=C(\C)C[C@H](C)C[C@H](OC)[C@H]2O[C@@](O)(C(=O)C(=O)N3CCCC[C@H]3C(=O)O[C@H](/C(C)=C/[C@@H]3CC[C@@H](O)[C@H](OC)C3)[C@H](C)[C@@H](O)CC1=O)[C@H](C)C[C@@H]2OC,tacrolimus,0,False,57
919,CC1(C)S[C@@H]2[C@H](NC(=O)[C@H](N)c3ccccc3)C(=O)N2[C@H]1C(=O)OC1OC(=O)c2ccccc21,CC1(C)S[C@@H]2[C@H](NC(=O)[C@H](N)c3ccccc3)C(=O)N2[C@H]1C(=O)OC1OC(=O)c2ccccc21,talampicillin,0,False,34
920,C[C@]1(Cn2ccnn2)[C@H](C(=O)O)N2C(=O)C[C@H]2S1(=O)=O,C[C@]1(Cn2ccnn2)[C@H](C(=O)O)N2C(=O)C[C@H]2S1(=O)=O,tazobactam,0,False,20
921,CCCCCCCCCC(=O)N[C@H]1[C@H](Oc2c3cc4cc2Oc2ccc(cc2Cl)[C@@H](O[C@@H]2O[C@H](CO)[C@@H](O)[C@H](O)[C@H]2NC(C)=O)[C@@H]2NC(=O)[C@H](NC(=O)[C@@H]4NC(=O)[C@H]4NC(=O)[C@@H](Cc5ccc(c(Cl)c5)O3)NC(=O)[C@H](N)c3ccc(O)c(c3)Oc3cc(O)cc4c3)c3ccc(O)c(c3)-c3c(O[C@H]4O[C@H](CO)[C@@H](O)[C@H](O)[C@@H]4O)cc(O)cc3[C@H](C(=O)O)NC2=O)O[C@H](CO)[C@@H](O)[C@@H]1O,CCCCCCCCCC(=O)N[C@H]1[C@H](Oc2c3cc4cc2Oc2ccc(cc2Cl)[C@@H](O[C@@H]2O[C@H](CO)[C@@H](O)[C@H](O)[C@H]2NC(C)=O)[C@@H]2NC(=O)[C@H](NC(=O)[C@@H]4NC(=O)[C@H]4NC(=O)[C@@H](Cc5ccc(c(Cl)c5)O3)NC(=O)[C@H](N)c3ccc(O)c(c3)Oc3cc(O)cc4c3)c3ccc(O)c(c3)-c3c(O[C@H]4O[C@H](CO)[C@@H](O)[C@H](O)[C@@H]4O)cc(O)cc3[C@H](C(=O)O)NC2=O)O[C@H](CO)[C@@H](O)[C@@H]1O,teicoplanin,0,False,132
922,CO[C@@]1(NC(=O)C(C(=O)O)c2ccsc2)C(=O)N2[C@@H](C(=O)O)C(C)(C)S[C@@H]21,CO[C@@]1(NC(=O)C(C(=O)O)c2ccsc2)C(=O)N2[C@@H](C(=O)O)C(C)(C)S[C@@H]21,temocillin,0,False,27
923,Cn1c(=O)c2c(ncn2CCNCC(O)c2ccc(O)c(O)c2)n(C)c1=O,Cn1c(=O)c2c(ncn2CCNCC(O)c2ccc(O)c(O)c2)n(C)c1=O,theodrenaline,0,False,27
924,CC1(C)SC2C(NC(=O)CSc3ccccc3)C(=O)N2C1C(=O)O,CC1(C)SC2C(NC(=O)CSc3ccccc3)C(=O)N2C1C(=O)O,thiphencillin,0,False,24
925,CC1(C)[C@H](NC(=O)/C(=N\OCC(=O)O)c2csc(N)n2)C(=O)N1OS(=O)(=O)O,CC1(C)[C@H](NC(=O)/C(=N\OCC(=O)O)c2csc(N)n2)C(=O)N1OS(=O)(=O)O,tigemonam,0,False,28
926,CC(C)C(=O)OCc1cccc(OC(=O)[C@@H]2N3C(=O)[C@@H](NC(=O)Cc4ccccc4)[C@H]3SC2(C)C)c1,CC(C)C(=O)OCc1cccc(OC(=O)[C@@H]2N3C(=O)[C@@H](NC(=O)Cc4ccccc4)[C@H]3SC2(C)C)c1,tobicillin,0,False,36
927,NC[C@H]1O[C@H](O[C@H]2[C@H](O)[C@@H](O[C@H]3O[C@H](CO)[C@@H](O)[C@H](N)[C@H]3O)[C@H](N)C[C@@H]2N)[C@H](N)C[C@@H]1O,NC[C@H]1O[C@H](O[C@H]2[C@H](O)[C@@H](O[C@H]3O[C@H](CO)[C@@H](O)[C@H](N)[C@H]3O)[C@H](N)C[C@@H]2N)[C@H](N)C[C@@H]1O,tobramycin,0,False,32
928,Cc1ccc(C(=O)c2cc(O)c(O)c([N+](=O)[O-])c2)cc1,Cc1ccc(C(=O)c2cc(O)c(O)c([N+](=O)[O-])c2)cc1,tolcapone,0,False,20
929,CO[C@H]1C[C@H](O[C@H]2[C@H](C)[C@@H](O[C@@H]3O[C@H](C)C[C@H](N(C)C)[C@H]3OC(C)=O)[C@@H](C)C[C@@]3(CO3)C(=O)[C@H](C)[C@@H](OC(C)=O)[C@@H](C)[C@@H](C)OC(=O)[C@@H]2C)O[C@@H](C)[C@@H]1OC(C)=O,CO[C@H]1C[C@H](O[C@H]2[C@H](C)[C@@H](O[C@@H]3O[C@H](C)C[C@H](N(C)C)[C@H]3OC(C)=O)[C@@H](C)C[C@@]3(CO3)C(=O)[C@H](C)[C@@H](OC(C)=O)[C@@H](C)[C@@H](C)OC(=O)[C@@H]2C)O[C@@H](C)[C@@H]1OC(C)=O,troleandomycin,0,False,57
930,CCCC[C@@H]1CC(=O)[C@]2(O)O[C@@H]3[C@@H](NC)[C@@H](O)[C@@H](NC)[C@H](O)[C@H]3O[C@@H]2O1,CCCC[C@@H]1CC(=O)[C@]2(O)O[C@@H]3[C@@H](NC)[C@@H](O)[C@@H](NC)[C@H](O)[C@H]3O[C@@H]2O1,trospectomycin,0,False,26
931,Cc1ccc(C(C)C)c(OCC2=NCCN2)c1,Cc1ccc(C(C)C)c(OCC2=NCCN2)c1,tymazoline,0,False,17
932,CC[C@]1(O)C[C@H]2CN(CCc3c([nH]c4ccccc34)[C@@](C(=O)OC)(c3cc4c(cc3OC)N(C)[C@H]3[C@@](O)(C(N)=O)[C@H](O)[C@]5(CC)C=CCN6CC[C@]43[C@@H]65)C2)C1,CC[C@]1(O)C[C@H]2CN(CCc3c([nH]c4ccccc34)[C@@](C(=O)OC)(c3cc4c(cc3OC)N(C)[C@H]3[C@@](O)(C(N)=O)[C@H](O)[C@]5(CC)C=CCN6CC[C@]43[C@@H]65)C2)C1,vindesine,0,False,55
933,CC1=C/C(O)CC(=O)Cc2nc(co2)C(=O)N2CCC=C2C(=O)OC(C(C)C)C(C)/C=C\C(=O)NC/C=C\1,CC1=C/C(O)CC(=O)Cc2nc(co2)C(=O)N2CCC=C2C(=O)OC(C(C)C)C(C)/C=C\C(=O)NC/C=C\1,virginiamycin-factor-m1,0,False,38
934,[C-]#[N+]C(=C\c1ccc(O)cc1)/C(=C/c1ccc(O)cc1)[N+]#[C-],[C-]#[N+]C(=C\c1ccc(O)cc1)/C(=C/c1ccc(O)cc1)[N+]#[C-],xantocillin,0,False,22
935,COc1cccc2c1C(=O)c1c(O)c3c(c(O)c1C2=O)C[C@@](O)(/C(C)=N/NC(=O)c1ccccc1)C[C@@H]3O[C@H]1C[C@H](N)[C@H](O)[C@H](C)O1.[Cl-].[H+],COc1cccc2c1C(=O)c1c(O)c3c(c(O)c1C2=O)C[C@@](O)(/C(C)=N/NC(=O)c1ccccc1)C[C@@H]3O[C@H]1C[C@H](N)[C@H](O)[C@H](C)O1.[Cl-].[H+],zorubicin,0,False,49
936,FC(F)(Cl)C(F)(F)Cl,FC(F)(Cl)C(F)(F)Cl,cryofluorane,1,False,8
937,C[C@H]1CCCC[C@@]1(c1cccs1)N1CCCCC1,C[C@H]1CCCC[C@@]1(c1cccs1)N1CCCCC1,gacyclidine,1,False,18
938,CC(Cc1ccccc1)NCCn1cnc2c1c(=O)n(C)c(=O)n2C.[Cl-].[H+],CC(Cc1ccccc1)NCCn1cnc2c1c(=O)n(C)c(=O)n2C.[Cl-].[H+],fenetylline,1,False,27
939,CC(=O)NCCCN1CCN(c2cc(Cl)ccc2Cl)CC1,CC(=O)NCCCN1CCN(c2cc(Cl)ccc2Cl)CC1,acaprazine,1,False,21
940,CC(=O)OC1CC[C@@]2(C)C([C@@H]1Br)[C@H](Br)C[C@H]1[C@@H]3CC[C@H]([C@H](C)CCCC(C)C)[C@@]3(C)CC[C@@H]12,CC(=O)OC1CC[C@@]2(C)C([C@@H]1Br)[C@H](Br)C[C@H]1[C@@H]3CC[C@H]([C@H](C)CCCC(C)C)[C@@]3(C)CC[C@@H]12,acebrochol,1,False,33
941,CCC(Br)(CC)C(=O)NC(=O)NC(C)=O,CCC(Br)(CC)C(=O)NC(=O)NC(C)=O,acecarbromal,1,False,15
942,CC(=O)OCC(=O)OCC/C(SC(=O)c1ccco1)=C(/C)N(C=O)Cc1cnc(C)nc1N,CC(=O)OCC(=O)OCC/C(SC(=O)c1ccco1)=C(/C)N(C=O)Cc1cnc(C)nc1N,acefurtiamine,1,False,33
943,CC(=O)NC(CCC(N)=O)C(=O)O,CC(=O)NC(CCC(N)=O)C(=O)O,aceglutamide,1,False,13
944,CC(=O)NCC1(c2ccccc2)CCN(CCCC(=O)c2ccc(F)cc2)CC1,CC(=O)NCC1(c2ccccc2)CCN(CCCC(=O)c2ccc(F)cc2)CC1,aceperone,1,False,29
945,CC(=O)Nc1ccc(OC(=O)c2ccccc2O)cc1,CC(=O)Nc1ccc(OC(=O)c2ccccc2O)cc1,acetaminosalol,1,False,20
946,CC(=O)Nc1nnc(S(N)(=O)=O)s1,CC(=O)Nc1nnc(S(N)(=O)=O)s1,acetozalamide,1,False,13
947,CC(=O)OCC/C(SC(C)=O)=C(/C)N(C=O)Cc1cnc(C)nc1N,CC(=O)OCC/C(SC(C)=O)=C(/C)N(C=O)Cc1cnc(C)nc1N,acetiamine,1,False,25
948,CC(=O)SCC(Cc1ccccc1)C(=O)NCC(=O)OCc1ccccc1,CC(=O)SCC(Cc1ccccc1)C(=O)NCC(=O)OCc1ccccc1,acetorphan/racecadotril/ecadotril,1,False,27
949,CCC[C@@](C)(O)[C@H]1CC23C=CC1(OC)[C@H]1Oc4c(OC(C)=O)ccc5c4C12CCN(C)C3C5,CCC[C@@](C)(O)[C@H]1CC23C=CC1(OC)[C@H]1Oc4c(OC(C)=O)ccc5c4C12CCN(C)C3C5,acetorphine,1,False,33
950,CCC(OC(C)=O)C(CC(C)N(C)C)(c1ccccc1)c1ccccc1,CCC(OC(C)=O)C(CC(C)N(C)C)(c1ccccc1)c1ccccc1,acetylmethadol/levacetylmethadol/alphacetylmethadol/betacetylmethadol,1,False,26
951,CC(=O)OCC1=CO[C@@H](OC(=O)CC(C)C)[C@H]2C1=C[C@H](OC(=O)CC(C)(C)OC(C)=O)[C@]21CO1,CC(=O)OCC1=CO[C@@H](OC(=O)CC(C)C)[C@H]2C1=C[C@H](OC(=O)CC(C)(C)OC(C)=O)[C@]21CO1,acevaltrate,1,False,34
952,C=CC1O[C@@H]2CC3C4CCC5=CC(=O)C=CC5(C)C4(F)C(O)CC3(C)[C@]2(C(=O)CO)O1,C=CC1O[C@@H]2CC3C4CCC5=CC(=O)C=CC5(C)C4(F)C(O)CC3(C)[C@]2(C(=O)CO)O1,acrocinonide,1,False,31
953,Nc1nc(=O)c2ncn(COCCO)c2[nH]1,Nc1nc(=O)c2ncn(COCCO)c2[nH]1,Aciclovir,1,False,16
954,O=C(COc1ccc(Cl)cc1)OCCNC12CC3CC(CC(C3)C1)C2,O=C(COc1ccc(Cl)cc1)OCCNC12CC3CC(CC(C3)C1)C2,adafenoxate,1,False,25
955,O=C(NCCN1CCN(c2ncccn2)CC1)C12CC3CC(CC(C3)C1)C2,O=C(NCCN1CCN(c2ncccn2)CC1)C12CC3CC(CC(C3)C1)C2,adatanserin,1,False,27
956,CC(N)C(=O)OC(C)(C)Cc1ccc(Cl)cc1,CC(N)C(=O)OC(C)(C)Cc1ccc(Cl)cc1,alaproclate,1,False,17
957,CCC(=O)OCC(=O)[C@@]1(OC(=O)CC)[C@H](C)C[C@H]2[C@H]3[C@H]([C@@H](O)C[C@@]21C)[C@@]1(C)C=CC(=O)C=C1C[C@H]3Cl,CCC(=O)OCC(=O)[C@@]1(OC(=O)CC)[C@H](C)C[C@H]2[C@H]3[C@H]([C@@H](O)C[C@@]21C)[C@@]1(C)C=CC(=O)C=C1C[C@H]3Cl,alclometasone-dipropionate,1,False,36
958,CCCN(CCC)C1Cc2cccc3cc(O)cc(c23)C1,CCCN(CCC)C1Cc2cccc3cc(O)cc(c23)C1,alentemol,1,False,21
959,CC12CC(=O)[C@H]3C(CC[C@H]4C[C@H](O)CCC43C)[C@@H]1CCC2C(=O)CO,CC12CC(=O)[C@H]3C(CC[C@H]4C[C@H](O)CCC43C)[C@@H]1CCC2C(=O)CO,alfadolone,1,False,25
960,CC(=O)[C@H]1CC[C@H]2[C@@H]3CC[C@H]4C[C@H](O)CC[C@]4(C)[C@H]3C(=O)C[C@]12C,CC(=O)[C@H]1CC[C@H]2[C@@H]3CC[C@H]4C[C@H](O)CC[C@]4(C)[C@H]3C(=O)C[C@]12C,alfaxalone/renanolone,1,False,24
961,CC(=O)C12OC(C)(C)OC1CC1C3CCC4=CC(=O)CCC4(C)C3CCC12C,CC(=O)C12OC(C)(C)OC1CC1C3CCC4=CC(=O)CCC4(C)C3CCC12C,algestone-acetonide,1,False,28
962,COC1(F)C(F)(F)C1(F)Cl,COC1(F)C(F)(F)C1(F)Cl,aliflurane,1,False,10
963,C=CCN1CCC23c4c5ccc(O)c4OC2C2(OC)C=CC3(CC2[C@](C)(O)CCC)C1C5,C=CCN1CCC23c4c5ccc(O)c4OC2C2(OC)C=CC3(CC2[C@](C)(O)CCC)C1C5,alletorphine,1,False,32
964,C=CCN1C(=O)OC(C)C1=O,C=CCN1C(=O)OC(C)C1=O,allomethadione,1,False,11
965,CNC[C@@H]1CN(c2ccc(OCc3cccc(Cl)c3)cc2)C(=O)O1,CNC[C@@H]1CN(c2ccc(OCc3cccc(Cl)c3)cc2)C(=O)O1,almoxatone,1,False,24
966,CCCN(CCCCN1C(=O)CC2(CCCC2)CC1=O)C1COc2cccc(OC)c2C1.[Cl-].[H+],CCCN(CCCCN1C(=O)CC2(CCCC2)CC1=O)C1COc2cccc(OC)c2C1.[Cl-].[H+],alnespirone,1,False,34
967,O=C1CCC2(CCC(=O)c3ccccc32)C(=O)N1,O=C1CCC2(CCC(=O)c3ccccc32)C(=O)N1,alonimid,1,False,18
968,CC(=O)NCCn1c(C)cc(C=O)c1C,CC(=O)NCCn1c(C)cc(C=O)c1C,aloracetam,1,False,15
969,CC(CC#N)N(C)CC(=O)N(C)c1ccc(Cl)cc1C(=O)c1ccccc1F,CC(CC#N)N(C)CC(=O)N(C)c1ccc(Cl)cc1C(=O)c1ccccc1F,alozafone,1,False,28
970,CCC(=O)O[C@]1(c2ccccc2)CCN(C)C[C@@H]1CC,CCC(=O)O[C@]1(c2ccccc2)CCN(C)C[C@@H]1CC,alphameprodine/betameprodine,1,False,20
971,CC[C@@H](O)C(C[C@@H](C)N(C)C)(c1ccccc1)c1ccccc1,CC[C@@H](O)C(C[C@@H](C)N(C)C)(c1ccccc1)c1ccccc1,alphamethadol,1,False,23
972,C=CCN1CCCC1CNC(=O)c1cc(S(=O)(=O)NC)c(N)cc1OC,C=CCN1CCCC1CNC(=O)c1cc(S(=O)(=O)NC)c(N)cc1OC,alpiropride,1,False,26
973,O=C(O)CN1C(=O)c2cccc3cccc(c23)C1=O,O=C(O)CN1C(=O)c2cccc3cccc(c23)C1=O,alrestatin,1,False,19
974,CCC1(CC)O[C@@H]2C[C@H]3C4CCC5=CC(=O)C=CC5(C)[C@@]4(F)[C@@H](O)CC3(C)[C@]2(C(=O)CO)O1,CCC1(CC)O[C@@H]2C[C@H]3C4CCC5=CC(=O)C=CC5(C)[C@@]4(F)[C@@H](O)CC3(C)[C@]2(C(=O)CO)O1,amcinafal,1,False,33
975,CC12C[C@H](O)[C@@]3(F)C(CCC4=CC(=O)C=CC43C)[C@@H]1C[C@H]1O[C@@](C)(c3ccccc3)O[C@]12C(=O)CO,CC12C[C@H](O)[C@@]3(F)C(CCC4=CC(=O)C=CC43C)[C@@H]1C[C@H]1O[C@@](C)(c3ccccc3)O[C@]12C(=O)CO,amcinafide,1,False,36
976,CC(=O)OCC(=O)[C@@]12OC3(CCCC3)O[C@@H]1C[C@H]1[C@@H]3CCC4=CC(=O)C=C[C@]4(C)[C@@]3(F)[C@@H](O)C[C@@]12C,CC(=O)OCC(=O)[C@@]12OC3(CCCC3)O[C@@H]1C[C@H]1[C@@H]3CCC4=CC(=O)C=C[C@]4(C)[C@@]3(F)[C@@H](O)C[C@@]12C,amcinonide,1,False,36
977,CCC(=O)O[C@]1(C(=O)COC)[C@@H](C)C[C@H]2[C@@H]3CCC4=CC(=O)C=C[C@]4(C)[C@@]3(F)[C@@H](O)C[C@@]21C,CCC(=O)O[C@]1(C(=O)COC)[C@@H](C)C[C@H]2[C@@H]3CCC4=CC(=O)C=C[C@]4(C)[C@@]3(F)[C@@H](O)C[C@@]21C,amelometasone,1,False,33
978,Cc1cccc(C)c1NC(=O)c1ccc(N)cc1,Cc1cccc(C)c1NC(=O)c1ccc(N)cc1,ameltolide,1,False,18
979,CC(C)n1cc2c3c(cccc31)C1C[C@@H](C(=O)NC3CCCCC3)CN(C)C1C2,CC(C)n1cc2c3c(cccc31)C1C[C@@H](C(=O)NC3CCCCC3)CN(C)C1C2,amesergide,1,False,29
980,CC(Cc1ccccc1)NC(C#N)c1ccccc1,CC(Cc1ccccc1)NC(C#N)c1ccccc1,amfetaminil,1,False,19
981,O=C(O)CCCCCC[NH2+]C1c2ccccc2CCc2ccccc21.[Cl-],O=C(O)CCCCCC[NH2+]C1c2ccccc2CCc2ccccc21.[Cl-],amineptine,1,False,26
982,CCN1CCCC1CNC(=O)c1cc(S(=O)(=O)CC)c(N)cc1OC,CCN1CCCC1CNC(=O)c1cc(S(=O)(=O)CC)c(N)cc1OC,amisulpride,1,False,25
983,C[N+](C)([O-])CCC=C1c2ccccc2CCc2ccccc21,C[N+](C)([O-])CCC=C1c2ccccc2CCc2ccccc21,amitriptylinoxide,1,False,22
984,CC(C)CCOC(CN1CCCC1)c1ccccc1,CC(C)CCOC(CN1CCCC1)c1ccccc1,amixetrine,1,False,19
985,CCNC(=O)N1CCN(CCCC(c2ccc(F)cc2)c2ccc(F)cc2)CC1,CCNC(=O)N1CCN(CCCC(c2ccc(F)cc2)c2ccc(F)cc2)CC1,amperozide,1,False,29
986,Nc1cccc(-n2ccccc2=O)c1,Nc1cccc(-n2ccccc2=O)c1,amphenidone,1,False,14
987,CN(C)c1cnccn1,CN(C)c1cnccn1,ampyzine,1,False,9
988,CCC(C)(C)O,CCC(C)(C)O,amylene-hydrate,1,False,6
989,CCOC(=O)C1(c2ccccc2)CCN(CCc2ccc(N)cc2)CC1,CCOC(=O)C1(c2ccccc2)CCN(CCc2ccc(N)cc2)CC1,anileridine,1,False,26
990,COc1ccc(C(=O)N2CCCC2=O)cc1,COc1ccc(C(=O)N2CCCC2=O)cc1,aniracetam,1,False,16
991,COc1cc2oc(=O)c(C)c(C)c2cc1OCCCN1CCN(c2ccccc2OC)CC1,COc1cc2oc(=O)c(C)c(C)c2cc1OCCCN1CCN(c2ccccc2OC)CC1,anseculin,1,False,33
992,CCCNC(=O)c1ccc2c(c1)N([C@H](C)CN1CCCC1)c1ccccc1S2,CCCNC(=O)c1ccc2c(c1)N([C@H](C)CN1CCCC1)c1ccccc1S2,apadoline,1,False,28
993,C=CCC1(C(C)C)C(=O)NC(=O)NC1=O,C=CCC1(C(C)C)C(=O)NC(=O)NC1=O,aprobarbital,1,False,15
994,O=C1CCc2ccc(OCCCCN3CCN(c4cccc(Cl)c4Cl)CC3)cc2N1,O=C1CCc2ccc(OCCCCN3CCN(c4cccc(Cl)c4Cl)CC3)cc2N1,aripiprazole,1,False,30
995,O=C1C(O)=C(O)OC1C(O)CO,O=C1C(O)=C(O)OC1C(O)CO,ascorbic-acid,1,False,12
996,CC(=O)Oc1ccccc1C(=O)O,CC(=O)Oc1ccccc1C(=O)O,acetylsalicylate,-1,True,13
997,CCN(CC)c1ccc(NC(=O)c2ccccc2N)c(C)c1,CCN(CC)c1ccc(NC(=O)c2ccccc2N)c(C)c1,atolide,1,False,22
998,CN1C2CCC1CC(OC(=O)C(C)(CO)c1ccccc1)C2,CN1C2CCC1CC(OC(=O)C(C)(CO)c1ccccc1)C2,atromepine,1,False,22
999,C[N+]1([O-])C2CCC1CC(OC(=O)C(CO)c1ccccc1)C2,C[N+]1([O-])C2CCC1CC(OC(=O)C(CO)c1ccccc1)C2,atropine-oxide,1,False,22
1000,CN(C(=O)CNC(=O)[C@@H](N)CCCCN)c1ccc(Cl)cc1C(=O)c1ccccc1,CN(C(=O)CNC(=O)[C@@H](N)CCCCN)c1ccc(Cl)cc1C(=O)c1ccccc1,avizafone,1,False,30
1001,O=c1[nH]c2cc(Cl)ccc2n1C1CCN(CC2COc3ccccc3O2)CC1,O=c1[nH]c2cc(Cl)ccc2n1C1CCN(CC2COc3ccccc3O2)CC1,axamozide,1,False,28
1002,Nc1ccc(S(=O)(=O)N2CC3CCC(CC3)C2)cc1,Nc1ccc(S(=O)(=O)N2CC3CCC(CC3)C2)cc1,azabon,1,False,19
1003,O=C(CCCN1CCN2CCCC2C1)c1ccc(F)cc1,O=C(CCCN1CCN2CCCC2C1)c1ccc(F)cc1,azabuperone,1,False,21
1004,OC(c1ccccc1)(c1ccccc1)C1CCNCC1,OC(c1ccccc1)(c1ccccc1)C1CCNCC1,azacyclonol,1,False,20
1005,O=C1NCCN1C1CCN(CCC2COc3ccccc3O2)CC1,O=C1NCCN1C1CCN(CCC2COc3ccccc3O2)CC1,azaloxan,1,False,24
1006,c1ccc2c(c1)CCN1CCNCC21,c1ccc2c(c1)CCN1CCNCC21,azaquinzole,1,False,14
1007,c1ccc2c(c1)cc1n2CCCNC1,c1ccc2c(c1)cc1n2CCCNC1,azepindole,1,False,14
1008,CN(CCc1cc2cccc3c2n1-c1ccccc1CC3)Cc1ccccc1,CN(CCc1cc2cccc3c2n1-c1ccccc1CC3)Cc1ccccc1,azipramine,1,False,28
1009,O=c1[nH]c2ccccc2c(=O)n1CCN1C[C@H]2C[C@H](c3ccc(F)cc3)[C@H]2C1,O=c1[nH]c2ccccc2c(=O)n1CCN1C[C@H]2C[C@H](c3ccc(F)cc3)[C@H]2C1,balaperidone,1,False,28
1010,CCN(CCO)CCn1c(Cc2ccccc2)nc2c1c(=O)n(C)c(=O)n2C,CCN(CCO)CCn1c(Cc2ccccc2)nc2c1c(=O)n(C)c(=O)n2C,bamifylline,1,False,28
1011,CCC1(CC)C(=O)NC(=O)NC1=O,CCC1(CC)C(=O)NC(=O)NC1=O,barbital,1,False,13
1012,Cc1nc2n(n1)C(N1CCN(C)CC1)=Nc1ccccc1C2,Cc1nc2n(n1)C(N1CCN(C)CC1)=Nc1ccccc1C2,batelapine,1,False,22
1013,O=C(CCCl)NCc1ccccc1,O=C(CCCl)NCc1ccccc1,beclamide,1,False,13
1014,C[C@H]1C[C@H]2[C@@H]3CCC4=CC(=O)C=C[C@]4(C)[C@@]3(Cl)[C@@H](O)C[C@]2(C)[C@@]1(O)C(=O)CO,C[C@H]1C[C@H]2[C@@H]3CCC4=CC(=O)C=C[C@]4(C)[C@@]3(Cl)[C@@H](O)C[C@]2(C)[C@@]1(O)C(=O)CO,beclomethasone/beclometasone,1,False,28
1015,COC[C@H]1CN(c2ccc(OCC[C@@H](O)C(F)(F)F)cc2)C(=O)O1,COC[C@H]1CN(c2ccc(OCC[C@@H](O)C(F)(F)F)cc2)C(=O)O1,befloxatone,1,False,24
1016,CCC1(C)CC(=O)NC(=O)C1,CCC1(C)CC(=O)NC(=O)C1,bemegride,1,False,11
1017,C/C(=C(\CCOP(=O)(O)O)SC(=O)c1ccccc1)N(C=O)Cc1cnc(C)nc1N,C/C(=C(\CCOP(=O)(O)O)SC(=O)c1ccccc1)N(C=O)Cc1cnc(C)nc1N,benfotiamine,1,False,31
1018,CC(=O)Nc1ccc(OC(=O)c2ccccc2OC(C)=O)cc1,CC(=O)Nc1ccc(OC(=O)c2ccccc2OC(C)=O)cc1,benorilate,1,False,23
1019,O=C1CNC(c2ccccc2)=c2c3c(sc2=N1)CCCC3,O=C1CNC(c2ccccc2)=c2c3c(sc2=N1)CCCC3,bentazepam,1,False,21
1020,C/C(=C(\CCOC(=O)c1ccccc1)SC(=O)c1ccccc1)N(C=O)Cc1cnc(C)nc1N,C/C(=C(\CCOC(=O)c1ccccc1)SC(=O)c1ccccc1)N(C=O)Cc1cnc(C)nc1N,bentiamine,1,False,35
1021,C[N+](C)([O-])CC/C=C1/c2ccccc2C=Cc2c(Cl)cccc21,C[N+](C)([O-])CC/C=C1/c2ccccc2C=Cc2c(Cl)cccc21,benzaprinoxide,1,False,23
1022,[Cl].c1ccc(Cn2cc(CCc3ccncc3)c3ccccc32)cc1,[Cl].c1ccc(Cn2cc(CCc3ccncc3)c3ccccc32)cc1,benzindopyrine,1,False,25
1023,OCc1ccccc1,OCc1ccccc1,benzyl-alcohol,1,False,8
1024,CN1CCc2cc(Cl)c(O)cc2[C@@H](c2cc(Br)cc3c2OCC3)C1,CN1CCc2cc(Cl)c(O)cc2[C@@H](c2cc(Br)cc3c2OCC3)C1,berupipam,1,False,24
1025,CCOC(=O)C[C@@H](O)C[C@@H](O)/C=C/C1=C(c2ccc(F)cc2)c2ccccc2OC12CCCC2,CCOC(=O)C[C@@H](O)C[C@@H](O)/C=C/C1=C(c2ccc(F)cc2)c2ccccc2OC12CCCC2,bervastatin,1,False,34
1026,C[C@H]1C[C@H]2[C@@H]3CCC4=CC(=O)C=C[C@]4(C)[C@@]3(F)[C@@H](O)C[C@]2(C)[C@@]1(OC(=O)c1ccccc1)C(=O)CO,C[C@H]1C[C@H]2[C@@H]3CCC4=CC(=O)C=C[C@]4(C)[C@@]3(F)[C@@H](O)C[C@]2(C)[C@@]1(OC(=O)c1ccccc1)C(=O)CO,betamethasone-acibutate,1,False,36
1027,CCCCC(=O)O[C@]1(C(=O)CO)[C@@H](C)C[C@H]2[C@@H]3CCC4=CC(=O)C=C[C@]4(C)[C@@]3(F)[C@@H](O)C[C@@]21C,CCCCC(=O)O[C@]1(C(=O)CO)[C@@H](C)C[C@H]2[C@@H]3CCC4=CC(=O)C=C[C@]4(C)[C@@]3(F)[C@@H](O)C[C@@]21C,betamethasone-benzoate,1,False,34
1028,O=C1CC2(CCCC2)CC(=O)N1CCNCC1COc2ccccc2O1,O=C1CC2(CCCC2)CC(=O)N1CCNCC1COc2ccccc2O1,binospirone,1,False,26
1029,O=C(O)CCCCC1SCC2NC(=O)NC21,O=C(O)CCCCC1SCC2NC(=O)NC21,biotin,1,False,16
1030,O=C1C[C@H]2SC(C3(O)CN4C(=O)C[C@H]4S3)CN12,O=C1C[C@H]2SC(C3(O)CN4C(=O)C[C@H]4S3)CN12,bipenamol,1,False,17
1031,O=C(CCCN1CCN2Cc3[nH]c4ccccc4c3CC2C1)c1ccc(F)cc1,O=C(CCCN1CCN2Cc3[nH]c4ccccc4c3CC2C1)c1ccc(F)cc1,biriperone,1,False,29
1032,C/C(=C(/CCOC(=O)c1ccccc1)SS/C(CCOC(=O)c1ccccc1)=C(\C)N(C=O)Cc1cnc(C)nc1N)N(C=O)Cc1cnc(C)nc1N,C/C(=C(/CCOC(=O)c1ccccc1)SS/C(CCOC(=O)c1ccccc1)=C(\C)N(C=O)Cc1cnc(C)nc1N)N(C=O)Cc1cnc(C)nc1N,bisbentiamine,1,False,54
1033,CC(=O)NCCC[C@H](NC(C)=O)C(=O)O,CC(=O)NCCC[C@H](NC(C)=O)C(=O)O,bisorcic,1,False,15
1034,CCN1CCN(c2cc(-c3ccc(F)cc3)c3c(n2)CCCCCC3)CC1,CCN1CCN(c2cc(-c3ccc(F)cc3)c3c(n2)CCCCCC3)CC1,blonanserin,1,False,27
1035,CC[C@]12CCN(CC3(O)CC3)[C@H](Cc3ccc(O)cc31)C2(C)C,CC[C@]12CCN(CC3(O)CC3)[C@H](Cc3ccc(O)cc31)C2(C)C,bremazocine,1,False,23
1036,CC1(C)OC(=O)Nc2ccc(Br)cc21,CC1(C)OC(=O)Nc2ccc(Br)cc21,brofoxine,1,False,14
1037,CC(C)C(Br)C(=O)NC(N)=O,CC(C)C(Br)C(=O)NC(N)=O,bromisoval,1,False,11
1038,BrC(Br)Br,BrC(Br)Br,bromoform,1,False,4
1039,Cc1cc(Br)cc(C(N)=O)c1O,Cc1cc(Br)cc(C(N)=O)c1O,brosotamide,1,False,12
1040,O=C1CC(c2cccc(Br)c2)C(=O)N1,O=C1CC(c2cccc(Br)c2)C(=O)N1,brosuximide,1,False,14
1041,Cc1nnc2n1-c1sc(Br)cc1C(c1ccccc1Cl)=NC2,Cc1nnc2n1-c1sc(Br)cc1C(c1ccccc1Cl)=NC2,brotizolam,1,False,22
1042,Nc1nc(=O)c2ncn(CC[C@@H](O)CO)c2[nH]1,Nc1nc(=O)c2ncn(CC[C@@H](O)CO)c2[nH]1,buciclovir,1,False,17
1043,CC(=O)Nc1ccc(OC(C)(C)C)cc1,CC(=O)Nc1ccc(OC(C)(C)C)cc1,butacetin,1,False,15
1044,CC(C)(C)[C@]1(O)CCN2C[C@H]3c4ccccc4CCc4cccc(c43)[C@@H]2C1.[Cl-].[H+],CC(C)(C)[C@]1(O)CCN2C[C@H]3c4ccccc4CCc4cccc(c43)[C@@H]2C1.[Cl-].[H+],butaclamol,1,False,29
1045,CCCC(=O)c1ccc2c(c1)N(CCCN1CCN(C)CC1)c1ccccc1S2,CCCC(=O)c1ccc2c(c1)N(CCCN1CCN(C)CC1)c1ccccc1S2,butaperazine,1,False,29
1046,CCCCC(CC)CNC(=O)CC(C)O,CCCCC(CC)CNC(=O)CC(C)O,butoctamide,1,False,15
1047,Oc1ccc2c(c1)[C@@]13CCCC[C@@]1(O)[C@@H](C2)N(CC1CCC1)CC3,Oc1ccc2c(c1)[C@@]13CCCC[C@@]1(O)[C@@H](C2)N(CC1CCC1)CC3,butorphanol,1,False,24
1048,C=CCN1C[C@H](C(=O)N(CCCN(C)C)C(=O)NCC)C[C@@H]2c3cccc4[nH]cc(c34)C[C@H]21,C=CCN1C[C@H](C(=O)N(CCCN(C)C)C(=O)NCC)C[C@@H]2c3cccc4[nH]cc(c34)C[C@H]21,cabergoline,1,False,33
1049,CC(NCCn1cnc2c1c(=O)n(C)c(=O)n2C)C(O)c1ccccc1,CC(NCCn1cnc2c1c(=O)n(C)c(=O)n2C)C(O)c1ccccc1,cafedrine,1,False,26
1050,CN(C)C(=O)OC1N=C(c2ccccc2)c2cc(Cl)ccc2N(C)C1=O,CN(C)C(=O)OC1N=C(c2ccccc2)c2cc(Cl)ccc2N(C)C1=O,camazepam,1,False,26
1051,CC12CCC(CC1=O)C2(C)C,CC12CCC(CC1=O)C2(C)C,camphor,1,False,11
1052,CCCCC/C(=N/OCCN)c1ccc(C)c(N)c1,CCCCC/C(=N/OCCN)c1ccc(C)c(N)c1,caproxamine,1,False,19
1053,CCCCSc1ccc(C(SCCN(C)C)c2ccccc2)cc1,CCCCSc1ccc(C(SCCN(C)C)c2ccccc2)cc1,captodiame,1,False,24
1054,CCCCC1(CCOC(N)=O)C(=O)NC(=O)NC1=O,CCCCC1(CCOC(N)=O)C(=O)NC(=O)NC1=O,carbubarb,1,False,19
1055,CN1C(=O)CN(C(N)=O)C(c2ccccc2)c2cc(Cl)ccc21,CN1C(=O)CN(C(N)=O)C(c2ccccc2)c2cc(Cl)ccc21,carburazepam,1,False,23
1056,C#CC(OC(N)=O)c1ccccc1,C#CC(OC(N)=O)c1ccccc1,carfimate,1,False,13
1057,O=C(O)C1CCN1C12CC3CC(CC(C3)C1)C2,O=C(O)C1CCN1C12CC3CC(CC(C3)C1)C2,carmantadine,1,False,17
1058,NC(=O)CN1Cc2ccccc2OC1=O,NC(=O)CN1Cc2ccccc2OC1=O,caroxazone,1,False,15
1059,CC(C)NC(=O)OC1CCN(CCCC(=O)c2ccc(F)cc2)CC1,CC(C)NC(=O)OC1CCN(CCCC(=O)c2ccc(F)cc2)CC1,carperone,1,False,25
1060,CCC(=O)c1ccc2c(c1)N(CCCN1CCN(CCO)CC1)c1ccccc1S2,CCC(=O)c1ccc2c(c1)N(CCCN1CCN(CCO)CC1)c1ccccc1S2,carphenazine,1,False,30
1061,NS(=O)(=O)c1ccc(C(=O)O)cc1,NS(=O)(=O)c1ccc(C(=O)O)cc1,carzenide,1,False,13
1062,C[C@H](N)C(=O)c1ccccc1,C[C@H](N)C(=O)c1ccccc1,cathinone,1,False,11
1063,O=C1CN(C(=O)CN2CC(c3ccc(Cl)cc3)CC2=O)CCN1,O=C1CN(C(=O)CN2CC(c3ccc(Cl)cc3)CC2=O)CCN1,cebaracetam,1,False,23
1064,OC1OC(COCCOC(O)C(Cl)(Cl)Cl)C(OC2OC(COCCOCCOC(O)C(Cl)(Cl)Cl)CC(OC(O)C(Cl)(Cl)Cl)C2O)C(OCCOCCOC(O)C(Cl)(Cl)Cl)C1O,OC1OC(COCCOC(O)C(Cl)(Cl)Cl)C(OC2OC(COCCOCCOC(O)C(Cl)(Cl)Cl)CC(OC(O)C(Cl)(Cl)Cl)C2O)C(OCCOCCOC(O)C(Cl)(Cl)Cl)C1O,celucloral,1,False,61
1065,COCc1c(C(C)C)nc(C(C)C)c(/C=C/[C@@H](O)C[C@@H](O)CC(=O)O)c1-c1ccc(F)cc1,COCc1c(C(C)C)nc(C(C)C)c(/C=C/[C@@H](O)C[C@@H](O)CC(=O)O)c1-c1ccc(F)cc1,cerivastatin,1,False,33
1066,Cc1cc(C)c(=O)[nH]n1,Cc1cc(C)c(=O)[nH]n1,cetohexazine,1,False,9
1067,CC(=O)c1ccc(C(O)C(CO)NC(=O)C(Cl)Cl)cc1,CC(=O)c1ccc(C(O)C(CO)NC(=O)C(Cl)Cl)cc1,cetophenicol/cetofenicol,1,False,20
1068,CCOC(=O)OCC/C(SC(=O)OCC)=C(\C)N(C=O)Cc1cnc(C)nc1N,CCOC(=O)OCC/C(SC(=O)OCC)=C(\C)N(C=O)Cc1cnc(C)nc1N,cetotiamine,1,False,29
1069,OC[C@@H](O)[C@H]1OC2O[C@H](C(Cl)(Cl)Cl)O[C@@H]2[C@H]1O,OC[C@@H](O)[C@H]1OC2O[C@H](C(Cl)(Cl)Cl)O[C@@H]2[C@H]1O,chloralose,1,False,17
1070,CC(CC(C)(C)O)OC(O)C(Cl)(Cl)Cl,CC(CC(C)(C)O)OC(O)C(Cl)(Cl)Cl,chlorhexadol/chloralodol,1,False,14
1071,CN1C(=O)CCS(=O)(=O)C1c1ccc(Cl)cc1,CN1C(=O)CCS(=O)(=O)C1c1ccc(Cl)cc1,chlormezanone,1,False,17
1072,ClC(Cl)Cl,ClC(Cl)Cl,Trichloromethane,1,False,4
1073,O=C(O)c1cc(=O)c2ccccc2o1,O=C(O)c1cc(=O)c2ccccc2o1,chromocarb,1,False,14
1074,CC(C)C(=O)OCC(=O)[C@@]12O[C@H](C3CCCCC3)O[C@@H]1C[C@H]1[C@@H]3CCC4=CC(=O)C=C[C@]4(C)[C@H]3[C@@H](O)C[C@@]12C,CC(C)C(=O)OCC(=O)[C@@]12O[C@H](C3CCCCC3)O[C@@H]1C[C@H]1[C@@H]3CCC4=CC(=O)C=C[C@]4(C)[C@H]3[C@@H](O)C[C@@]12C,ciclesonide,1,False,39
1075,Clc1ccccc1C1=NCc2nnc(C3CCCCC3)n2-c2sc(Br)cc21,Clc1ccccc1C1=NCc2nnc(C3CCCCC3)n2-c2sc(Br)cc21,ciclotizolam,1,False,27
1076,CC(=O)OCC(=O)[C@@]12OC(C)(C)O[C@@H]1C[C@H]1C3CC(C#N)=C4C=C(OCCCl)CCC4(C)[C@@]3(F)C(O)CC12C,CC(=O)OCC(=O)[C@@]12OC(C)(C)O[C@@H]1C[C@H]1C3CC(C#N)=C4C=C(OCCCl)CCC4(C)[C@@]3(F)C(O)CC12C,cicortonide,1,False,39
1077,CC(C)N[C@H]1C2CCC(CC2)[C@]1(O)c1ccc(Cl)c(Cl)c1,CC(C)N[C@H]1C2CCC(CC2)[C@]1(O)c1ccc(Cl)c(Cl)c1,cilobamine,1,False,21
1078,NNCC1CCCCC1,NNCC1CCCCC1,cimemoxin,1,False,9
1079,CC(C)C(O)C1CCCCC1,CC(C)C(O)C1CCCCC1,cimepanol,1,False,11
1080,COCC1CN(c2ccc(OCc3cccc(C#N)c3)cc2)C(=O)O1,COCC1CN(c2ccc(OCc3cccc(C#N)c3)cc2)C(=O)O1,cimoxatone,1,False,25
1081,COc1cc(/C=C/C(=O)N2CCCCCCC2)cc(OC)c1OC,COc1cc(/C=C/C(=O)N2CCCCCCC2)cc(OC)c1OC,cinoctramide,1,False,24
1082,N#CCCN1C(=O)C(O)N=C(c2ccccc2F)c2cc(Cl)ccc21,N#CCCN1C(=O)C(O)N=C(c2ccccc2F)c2cc(Cl)ccc21,cinolazepam,1,False,25
1083,CN(C(=O)CNC1CC1)c1ccc(Cl)cc1C(=O)c1ccccc1Cl,CN(C(=O)CNC1CC1)c1ccc(Cl)cc1C(=O)c1ccccc1Cl,ciprazafone,1,False,25
1084,CC1(C)O[C@@H]2C[C@H]3C4C[C@H](F)C5=CC(=O)C=C[C@]5(C)[C@@]4(F)[C@@H](O)C[C@]3(C)[C@]2(C(=O)COC(=O)C2CC2)O1,CC1(C)O[C@@H]2C[C@H]3C4C[C@H](F)C5=CC(=O)C=C[C@]5(C)[C@@]4(F)[C@@H](O)C[C@]3(C)[C@]2(C(=O)COC(=O)C2CC2)O1,ciprocinonide,1,False,37
1085,CN1CCC2=C(CC1)c1cc(C#N)ccc1Sc1ccccc12,CN1CCC2=C(CC1)c1cc(C#N)ccc1Sc1ccccc12,citatepine,1,False,23
1086,COc1cc(N)c(Cl)cc1C(=O)NC1CCN(Cc2ccccc2)CC1,COc1cc(N)c(Cl)cc1C(=O)NC1CCN(Cc2ccccc2)CC1,clebopride,1,False,26
1087,Clc1cccc(Cl)c1NC1=NCCO1,Clc1cccc(Cl)c1NC1=NCCO1,clidafidine,1,False,14
1088,C[C@H]1C[C@H]2[C@@H]3CCC4=CC(=O)C=C[C@]4(C)[C@@]3(F)C(=O)C[C@]2(C)[C@@]1(O)C(=O)CCl,C[C@H]1C[C@H]2[C@@H]3CCC4=CC(=O)C=C[C@]4(C)[C@@]3(F)C(=O)C[C@]2(C)[C@@]1(O)C(=O)CCl,clobetasone,1,False,28
1089,CCCC(=O)O[C@]1(C(=O)CCl)[C@@H](C)C[C@H]2[C@@H]3CCC4=CC(=O)C=C[C@]4(C)[C@@]3(F)C(=O)C[C@@]21C,CCCC(=O)O[C@]1(C(=O)CCl)[C@@H](C)C[C@H]2[C@@H]3CCC4=CC(=O)C=C[C@]4(C)[C@@]3(F)C(=O)C[C@@]21C,clobetasone-butyrate,1,False,33
1090,NC(=O)C1(N2CCCCC2)CCN(CCCN2c3ccccc3CCc3ccc(Cl)cc32)CC1,NC(=O)C1(N2CCCCC2)CCN(CCCN2c3ccccc3CCc3ccc(Cl)cc32)CC1,clocapramine,1,False,34
1091,C[C@@H]1CC2C3C[C@H](F)C4=CC(=O)C=CC4(C)[C@@]3(Cl)C(O)CC2(C)C1C(=O)CO,C[C@@H]1CC2C3C[C@H](F)C4=CC(=O)C=CC4(C)[C@@]3(Cl)C(O)CC2(C)C1C(=O)CO,clocortolone,1,False,28
1092,CC(=O)OCC(=O)[C@H]1[C@H](C)C[C@H]2[C@@H]3C[C@H](F)C4=CC(=O)C=C[C@]4(C)C3(Cl)[C@@H](O)C[C@@]21C,CC(=O)OCC(=O)[C@H]1[C@H](C)C[C@H]2[C@@H]3C[C@H](F)C4=CC(=O)C=C[C@]4(C)C3(Cl)[C@@H](O)C[C@@]21C,clocortolone-acetate,1,False,31
1093,C[C@@H]1CC2C3C[C@H](F)C4=CC(=O)C=CC4(C)[C@@]3(Cl)C(O)CC2(C)C1C(=O)COC(=O)C(C)(C)C,C[C@@H]1CC2C3C[C@H](F)C4=CC(=O)C=CC4(C)[C@@]3(Cl)C(O)CC2(C)C1C(=O)COC(=O)C(C)(C)C,clocortolone-pivalate,1,False,34
1094,CN(C)CCCn1c(=O)n(-c2ccccc2)c2cc(Cl)ccc21,CN(C)CCCn1c(=O)n(-c2ccccc2)c2cc(Cl)ccc21,clodazon,1,False,23
1095,CCN(CC)CCOC1(c2ccc(Cl)cc2)CCCCC1,CCN(CC)CCOC1(c2ccc(Cl)cc2)CCCCC1,clofenciclan,1,False,21
1096,O=C(CCCN1CCC(O)(c2ccc(Cl)c(C(F)(F)F)c2)CC1)c1ccc(F)cc1,O=C(CCCN1CCC(O)(c2ccc(Cl)c(C(F)(F)F)c2)CC1)c1ccc(F)cc1,clofluperol,1,False,30
1097,OCCN1CCN(CC/C=C2/c3ccccc3Sc3ccc(Cl)cc32)CC1,OCCN1CCN(CC/C=C2/c3ccccc3Sc3ccc(Cl)cc32)CC1,clopenthixol,1,False,27
1098,O=c1[nH]c2ccccc2c(=O)n1CCCN1CCN(c2cccc(Cl)c2)CC1,O=c1[nH]c2ccccc2c(=O)n1CCCN1CCN(c2cccc(Cl)c2)CC1,cloperidone,1,False,28
1099,C[C@]12C=CC(=O)C=C1C(Cl)=C[C@@H]1[C@@H]2[C@@H](O)C[C@@]2(C)[C@H]1CC[C@]2(O)C(=O)CO,C[C@]12C=CC(=O)C=C1C(Cl)=C[C@@H]1[C@@H]2[C@@H](O)C[C@@]2(C)[C@H]1CC[C@]2(O)C(=O)CO,cloprednol,1,False,27
1100,O=C(OCC(Cl)(Cl)Cl)OCC(Cl)(Cl)Cl,O=C(OCC(Cl)(Cl)Cl)OCC(Cl)(Cl)Cl,clorethate/cloretate,1,False,14
1101,C#CCN(C)CCCOc1ccc(Cl)cc1Cl,C#CCN(C)CCCOc1ccc(Cl)cc1Cl,clorgiline,1,False,17
1102,O=C(CCCN1CCC(C(=O)c2ccc(Cl)cc2)CC1)c1ccc(F)cc1,O=C(CCCN1CCC(C(=O)c2ccc(Cl)cc2)CC1)c1ccc(F)cc1,cloroperone,1,False,27
1103,CN1CCN(C2Cc3ccccc3Sc3ccc(Cl)cc32)CC1,CN1CCN(C2Cc3ccccc3Sc3ccc(Cl)cc32)CC1,clorotepine,1,False,23
1104,CCc1cc2c(s1)N(C)C(=O)CN=C2c1ccccc1Cl,CCc1cc2c(s1)N(C)C(=O)CN=C2c1ccccc1Cl,clotiazepam,1,False,21
1105,CCC(=O)O[C@]1(C(=O)SCCl)[C@H](C)C[C@H]2C3C[C@H](F)C4=CC(=O)C=C[C@]4(C)[C@@]3(F)[C@@H](O)C[C@@]21C,CCC(=O)O[C@]1(C(=O)SCCl)[C@H](C)C[C@H]2C3C[C@H](F)C4=CC(=O)C=C[C@]4(C)[C@@]3(F)[C@@H](O)C[C@@]21C,cloticasone(cloticasone-propionate),1,False,34
1106,CNC(=O)CCN1CCN(CCC=C2c3ccccc3Sc3ccc(Cl)cc32)CC1,CNC(=O)CCN1CCN(CCC=C2c3ccccc3Sc3ccc(Cl)cc32)CC1,clotixamide(clotixamide),1,False,30
1107,CCC12CCN(CC3CCC3)C(Cc3ccc(O)cc31)C2(C)C,CCC12CCN(CC3CCC3)C(Cc3ccc(O)cc31)C2(C)C,cogazocine,1,False,23
1108,CC[C@H]1CC(=O)[C@@H]2Oc3c(OC)ccc4c3[C@@]23CCN(CC2CC2)C(C4)[C@H]13,CC[C@H]1CC(=O)[C@@H]2Oc3c(OC)ccc4c3[C@@]23CCN(CC2CC2)C(C4)[C@H]13,conorphone(conorfone),1,False,27
1109,CC1CC2C3CC(F)(F)C4=CC(=O)C=C[C@]4(C)C3(F)C(O)CC2(C)C1(O)C(=O)CO,CC1CC2C3CC(F)(F)C4=CC(=O)C=C[C@]4(C)C3(F)C(O)CC2(C)C1(O)C(=O)CO,cormetasone,1,False,30
1110,CC12CCC(=O)C=C1CCC1C2CCC2(C)C1CCC2(O)C(=O)CO,CC12CCC(=O)C=C1CCC1C2CCC2(C)C1CCC2(O)C(=O)CO,cortexolone(cortodoxonecortifen),1,False,25
1111,CC(=O)OCC(=O)[C@@]1(O)CC[C@H]2[C@@H]3CCC4=CC(=O)CC[C@]4(C)[C@H]3C(=O)C[C@@]21C,CC(=O)OCC(=O)[C@@]1(O)CC[C@H]2[C@@H]3CCC4=CC(=O)CC[C@]4(C)[C@H]3C(=O)C[C@@]21C,cortisone-acetate,1,False,29
1112,CC1=C[C@@H]2[C@H]([C@@H](O)C[C@@]3(C)[C@H]2C[C@@H](C)[C@]3(O)C(=O)COC(=O)c2cccc(S(=O)(=O)O)c2)[C@@]2(C)Cc3cnn(-c4ccccc4)c3C=C12,CC1=C[C@@H]2[C@H]([C@@H](O)C[C@@]3(C)[C@H]2C[C@@H](C)[C@]3(O)C(=O)COC(=O)c2cccc(S(=O)(=O)O)c2)[C@@]2(C)Cc3cnn(-c4ccccc4)c3C=C12,cortisuzol,1,False,48
1113,CC(=O)OCC(=O)[C@@]1(O)[C@H](C)C[C@H]2[C@@H]3C=C(C)C4=Cc5c(cnn5-c5ccccc5)C[C@]4(C)[C@H]3[C@@H](O)C[C@@]21C,CC(=O)OCC(=O)[C@@]1(O)[C@H](C)C[C@H]2[C@@H]3C=C(C)C4=Cc5c(cnn5-c5ccccc5)C[C@]4(C)[C@H]3[C@@H](O)C[C@@]21C,cortivazol,1,False,39
1114,CN1C(=O)CCC1c1cccnc1,CN1C(=O)CCC1c1cccnc1,cotinine,1,False,13
1115,CN(C)CC(=O)C=C1c2ccccc2CCc2ccccc21,CN(C)CC(=O)C=C1c2ccccc2CCc2ccccc21,cotriptyline,1,False,22
1116,CC1CC(OC(=O)C2CCC(=O)N2)CC(C)(C)C1,CC1CC(OC(=O)C2CCC(=O)N2)CC(C)(C)C1,crilvastatin,1,False,18
1117,C/C=C/C(=O)N(CC)C(CC)C(=O)N(C)C,C/C=C/C(=O)N(CC)C(CC)C(=O)N(C)C,crotetamide,1,False,16
1118,O=C(Nc1ccccc1)OCC1(COC(=O)Nc2ccccc2)CCCC1,O=C(Nc1ccccc1)OCC1(COC(=O)Nc2ccccc2)CCCC1,cyclarbamate,1,False,27
1119,CN(C)C1CCc2[nH]c3ccccc3c2C1,CN(C)C1CCc2[nH]c3ccccc3c2C1,cyclindole(ciclindole),1,False,16
1120,CCC1(C2=CCCCC2)C(=O)NC(=O)NC1=O,CCC1(C2=CCCCC2)C(=O)NC(=O)NC1=O,cyclobarbital,1,False,17
1121,CN(C)CCC=C1c2ccccc2C=Cc2ccccc21,CN(C)CCC=C1c2ccccc2C=Cc2ccccc21,cyclobenzaprine,1,False,21
1122,CC(=O)[C@H]1CC[C@H]2[C@@H]3C[C@@H](O)C45CC4CC[C@]5(C)[C@H]3CC[C@]12C,CC(=O)[C@H]1CC[C@H]2[C@@H]3C[C@@H](O)C45CC4CC[C@]5(C)[C@H]3CC[C@]12C,cyclopregnol,1,False,23
1123,C/C(=C1/CCOC(=O)S1)N(C=O)Cc1cnc(C)nc1N,C/C(=C1/CCOC(=O)S1)N(C=O)Cc1cnc(C)nc1N,cycotiamine,1,False,21
1124,NC(=O)C1c2ccccc2CCc2ccccc21,NC(=O)C1c2ccccc2CCc2ccccc21,cyheptamide,1,False,18
1125,COC12C=CC3(CC1C(C)(C)O)[C@@H]1Cc4ccc(O)c5c4[C@]3(CCN1CC1CC1)[C@@H]2O5,COC12C=CC3(CC1C(C)(C)O)[C@@H]1Cc4ccc(O)c5c4[C@]3(CCN1CC1CC1)[C@@H]2O5,cyprenorphine,1,False,31
1126,CN(C)CCOC(=O)CCC1CCCCC1,CN(C)CCOC(=O)CCC1CCCCC1,cyprodenate,1,False,16
1127,OC(c1ccccc1)(c1ccccc1)C1CC1c1ccncc1,OC(c1ccccc1)(c1ccccc1)C1CC1c1ccncc1,cyprolidol,1,False,23
1128,O=C1NC(=O)C2(c3ccc(Cl)cc3)CC12,O=C1NC(=O)C2(c3ccc(Cl)cc3)CC12,cyproximide(ciproximide),1,False,15
1129,CN(C)CC(=O)N1c2ccccc2Sc2ccccc21,CN(C)CC(=O)N1c2ccccc2Sc2ccccc21,dacemazine,1,False,20
1130,OC(C1=NCCN1)(c1ccc(Cl)cc1)c1ccccn1,OC(C1=NCCN1)(c1ccc(Cl)cc1)c1ccccn1,dazadrol,1,False,20
1131,CCCCCCCCCCOc1c(OC)cc(C(N)=O)cc1OC,CCCCCCCCCCOc1c(OC)cc(C(N)=O)cc1OC,decimemide,1,False,24
1132,Cc1ccc(Cc2ccccc2)c(N2CCNCC2)c1,Cc1ccc(Cc2ccccc2)c(N2CCNCC2)c1,delfaprazine,1,False,20
1133,O=C1CN(O)C(c2ccccc2)=c2cc(Cl)ccc2=N1,O=C1CN(O)C(c2ccccc2)=c2cc(Cl)ccc2=N1,demoxepam,1,False,20
1134,CCCCn1c(=O)c2c(ncn2CC(C)=O)n(CCCC)c1=O,CCCCn1c(=O)c2c(ncn2CC(C)=O)n(CCCC)c1=O,denbufylline,1,False,23
1135,CC(=O)C1(O)CCC2C3CCC4=CC(=O)C=CC4(C)C3C(O)CC21C,CC(=O)C1(O)CCC2C3CCC4=CC(=O)C=CC4(C)C3C(O)CC21C,deprodone,1,False,25
1136,Nc1ncc2ncn(COCCO)c2n1,Nc1ncc2ncn(COCCO)c2n1,desciclovir,1,False,15
1137,CC(=O)[C@@]1(O)[C@H](O)C[C@H]2[C@@H]3CCC4=CC(=O)C=C[C@]4(C)[C@@]3(F)[C@@H](O)C[C@@]21C,CC(=O)[C@@]1(O)[C@H](O)C[C@H]2[C@@H]3CCC4=CC(=O)C=C[C@]4(C)[C@@]3(F)[C@@H](O)C[C@@]21C,descinolone(descinolone-acetonide),1,False,27
1138,CC1(C)O[C@@H]2C[C@H]3C4CCC5=CC(=O)C=CC5(C)[C@H]4C(O)CC3(C)[C@]2(C(=O)CO)O1,CC1(C)O[C@@H]2C[C@H]3C4CCC5=CC(=O)C=CC5(C)[C@H]4C(O)CC3(C)[C@]2(C(=O)CO)O1,desonide,1,False,30
1139,C[C@@H]1C[C@H]2[C@@H]3CCC4=CC(=O)C=C[C@]4(C)[C@@]3(F)[C@@H](O)C[C@]2(C)[C@H]1C(=O)CO,C[C@@H]1C[C@H]2[C@@H]3CCC4=CC(=O)C=C[C@]4(C)[C@@]3(F)[C@@H](O)C[C@]2(C)[C@H]1C(=O)CO,desoximetasone,1,False,27
1140,Cc1cccc(Cc2cnc[nH]2)c1C,Cc1cccc(Cc2cnc[nH]2)c1C,detomidine,1,False,14
1141,CC(=O)OCC(=O)[C@@]1(OC(=O)c2ccco2)[C@H](C)C[C@H]2[C@@H]3CCC4=CC(=O)C=C[C@]4(C)[C@@]3(F)[C@@H](O)C[C@@]21C,CC(=O)OCC(=O)[C@@]1(OC(=O)c2ccco2)[C@H](C)C[C@H]2[C@@H]3CCC4=CC(=O)C=C[C@]4(C)[C@@]3(F)[C@@H](O)C[C@@]21C,dexamethasone-acefurate,1,False,38
1142,c1ccc([C@@H]2CN3CCSC3=N2)cc1,c1ccc([C@@H]2CN3CCSC3=N2)cc1,dexamisole,1,False,14
1143,c1ccc(C2CN=C3NCCN32)cc1,c1ccc(C2CN=C3NCCN32)cc1,deximafen(imafen),1,False,14
1144,c1ccc(C2(c3ccccc3)OC[C@H]([C@@H]3CCCCN3)O2)cc1,c1ccc(C2(c3ccccc3)OC[C@H]([C@@H]3CCCCN3)O2)cc1,dexoxadrol(dioxadrolandlevoxadrol),1,False,23
1145,CC12C=CC(=O)C=C1CCC1C3CC[C@](O)(C(=O)CO)C3(C)CC(Cl)[C@@]12Cl,CC12C=CC(=O)C=C1CCC1C3CC[C@](O)(C(=O)CO)C3(C)CC(Cl)[C@@]12Cl,dichlorisone,1,False,27
1146,CC(=O)OCC(=O)[C@@]1(O)CCC2C3CCC4=CC(=O)C=CC4(C)[C@@]3(Cl)C(Cl)CC21C,CC(=O)OCC(=O)[C@@]1(O)CCC2C3CCC4=CC(=O)C=CC4(C)[C@@]3(Cl)C(Cl)CC21C,dichlorisone-acetate,1,False,30
1147,CCN(CC)CCNC(=O)c1cc(Cl)cc(Cl)c1OC,CCN(CC)CCNC(=O)c1cc(Cl)cc(Cl)c1OC,diclometide,1,False,20
1148,CC(=O)O[C@H]1C[C@@H]2C(COC(=O)CC(C)C)=CO[C@@H](OC(=O)CC(C)C)[C@@H]2[C@@]12CO2,CC(=O)O[C@H]1C[C@@H]2C(COC(=O)CC(C)C)=CO[C@@H](OC(=O)CC(C)C)[C@@H]2[C@@]12CO2,didrovaltrate,1,False,30
1149,CCCCOCC(CN1C(=O)N(CC(COCCCC)OC(N)=O)C(=O)C(CC)(c2ccccc2)C1=O)OC(N)=O,CCCCOCC(CN1C(=O)N(CC(COCCCC)OC(N)=O)C(=O)C(CC)(c2ccccc2)C1=O)OC(N)=O,difebarbamate,1,False,41
1150,Fc1ccc(C(CCCN2CCN(CCNc3ccccc3)CC2)c2ccc(F)cc2)cc1,Fc1ccc(C(CCCN2CCN(CCNc3ccccc3)CC2)c2ccc(F)cc2)cc1,difluanine(difluanazine),1,False,33
1151,C[C@@H]1CC2C3C[C@H](F)C4=CC(=O)C=CC4(C)[C@@]3(F)C(O)CC2(C)C1C(=O)CO,C[C@@H]1CC2C3C[C@H](F)C4=CC(=O)C=CC4(C)[C@@]3(F)C(O)CC2(C)C1C(=O)CO,diflucortolone,1,False,28
1152,C[C@@H]1C[C@H]2[C@@H]3C[C@H](F)C4=CC(=O)C=C[C@]4(C)[C@@]3(F)[C@@H](O)C[C@]2(C)[C@H]1C(=O)COC(=O)C(C)(C)C,C[C@@H]1C[C@H]2[C@@H]3C[C@H](F)C4=CC(=O)C=C[C@]4(C)[C@@]3(F)[C@@H](O)C[C@]2(C)[C@H]1C(=O)COC(=O)C(C)(C)C,diflucortolone-pivalate,1,False,34
1153,CN1CCC(C)(CN2c3ccccc3Sc3ccccc32)C1,CN1CCC(C)(CN2c3ccccc3Sc3ccccc32)C1,dimelazine,1,False,22
1154,CC1(C)OC(=O)NC1=O,CC1(C)OC(=O)NC1=O,dimethadione,1,False,9
1155,CN(C)CCn1cnc2c1c(=O)n(C)c(=O)n2C,CN(C)CCn1cnc2c1c(=O)n(C)c(=O)n2C,dimethazan,1,False,18
1156,CC(Cc1ccccc1)N(C)C,CC(Cc1ccccc1)N(C)C,dimethylamphetamine(dimethamphetamine),1,False,12
1157,O=C1CN2C(=O)CCC2N1,O=C1CN2C(=O)CCC2N1,dimiracetam,1,False,10
1158,CCCCCCCCCC1(C)OCC(COC(N)=O)O1,CCCCCCCCCC1(C)OCC(COC(N)=O)O1,dioxamate,1,False,20
1159,CC(=O)NNC(=O)CC(O)(c1ccccc1)c1ccccc1,CC(=O)NNC(=O)CC(O)(c1ccccc1)c1ccccc1,diphoxazide,1,False,22
1160,CO[C@]12CC[C@@]3(C[C@@H]1C(C)(C)O)[C@H]1Cc4ccc(O)c5c4[C@@]3(CCN1CC1CC1)[C@H]2O5,CO[C@]12CC[C@@]3(C[C@@H]1C(C)(C)O)[C@H]1Cc4ccc(O)c5c4[C@@]3(CCN1CC1CC1)[C@H]2O5,diprenorphine,1,False,31
1161,CCc1c(OC)nc2nc(C(=O)c3ccccc3)cn2c1C,CCc1c(OC)nc2nc(C(=O)c3ccccc3)cn2c1C,divaplon,1,False,22
1162,CC12NC(Cc3ccccc31)c1ccccc12,CC12NC(Cc3ccccc31)c1ccccc12,dizocilpine(MK-801),1,False,17
1163,CCCC(=O)O[C@]1(C(C)=O)CCC[C@H]2[C@@H]3CCC4=CC(=O)C=C[C@]4(C)[C@H]3[C@@H](O)C[C@@]21C,CCCC(=O)O[C@]1(C(C)=O)CCC[C@H]2[C@@H]3CCC4=CC(=O)C=C[C@]4(C)[C@H]3[C@@H](O)C[C@@]21C,domoprednate,1,False,31
1164,COc1cc2c(cc1OC)C(=O)C(CC1CCN(Cc3ccccc3)CC1)C2.[Cl-].[H+],COc1cc2c(cc1OC)C(=O)C(CC1CCN(Cc3ccccc3)CC1)C2.[Cl-].[H+],donepezil,1,False,30
1165,O=C(NCCc1ccc(O)c(O)c1)C12CC3CC(CC(C3)C1)C2,O=C(NCCc1ccc(O)c(O)c1)C12CC3CC(CC(C3)C1)C2,dopamantine,1,False,23
1166,CCN1CC(CCN2CCOCC2)C(c2ccccc2)(c2ccccc2)C1=O,CCN1CC(CCN2CCOCC2)C(c2ccccc2)(c2ccccc2)C1=O,doxapram,1,False,28
1167,COc1ccc2c(c1OC)[C@]13CCN(C)[C@H](C2)[C@]1(O)CC[C@@H](O)C3,COc1ccc2c(c1OC)[C@]13CCN(C)[C@H](C2)[C@]1(O)CC[C@@H](O)C3,drotebanol,1,False,24
1168,CNCCC(Oc1cccc2ccccc12)c1cccs1,CNCCC(Oc1cccc2ccccc12)c1cccs1,duloxetine,1,False,21
1169,O=C(c1ccc(F)cc1)C1CCN(CCCN2c3ccccc3Sc3ccc(C(F)(F)F)cc32)CC1,O=C(c1ccc(F)cc1)C1CCN(CCCN2c3ccccc3Sc3ccc(C(F)(F)F)cc32)CC1,duoperone,1,False,36
1170,O=C(CN1CCCC1=O)NNC(=O)CN1CCCC1=O,O=C(CN1CCCC1=O)NNC(=O)CN1CCCC1=O,dupracetam,1,False,20
1171,CCC(=O)N(c1ccc(Cl)c(Cl)c1)[C@@H]1CCC[C@H]1N(C)C,CCC(=O)N(c1ccc(Cl)c(Cl)c1)[C@@H]1CCC[C@H]1N(C)C,eclanamine,1,False,21
1172,CC1=NN(c2ccccc2)C(=O)C1,CC1=NN(c2ccccc2)C(=O)C1,edaravone,1,False,13
1173,Cc1nccn1C(C)c1ccccc1,Cc1nccn1C(C)c1ccccc1,efetozole,1,False,14
1174,CCN(CC)C/C=C1/c2ccccc2Nc2cc(Cl)ccc21,CCN(CC)C/C=C1/c2ccccc2Nc2cc(Cl)ccc21,elanzepine,1,False,22
1175,CCS(=O)(=O)CCN1C(=O)CN=C(c2ccccc2F)c2cc(Cl)ccc21,CCS(=O)(=O)CCN1C(=O)CN=C(c2ccccc2F)c2cc(Cl)ccc21,elfazepam,1,False,27
1176,Fc1ccc(-c2ccc(CN3CCN(c4cccc5ccoc45)CC3)[nH]2)cc1,Fc1ccc(-c2ccc(CN3CCN(c4cccc5ccoc45)CC3)[nH]2)cc1,elopiprazole,1,False,28
1177,c1cc2c(c(N3CCNCC3)c1)OCCO2,c1cc2c(c(N3CCNCC3)c1)OCCO2,eltoprazine,1,False,16
1178,CCC(CC)(CNC(=O)CCCO)c1cccc(OC)c1,CCC(CC)(CNC(=O)CCCO)c1cccc(OC)c1,embutramide,1,False,21
1179,COc1ccccc1N1CCN(CC(O)COc2cc(OC)c(OC)c(OC)c2)CC1,COc1ccccc1N1CCN(CC(O)COc2cc(OC)c(OC)c(OC)c2)CC1,enciprazine,1,False,31
1180,CCOC(=O)N(Cc1ccccc1)C1CC1,CCOC(=O)N(Cc1ccccc1)C1CC1,encyprate,1,False,16
1181,OC1CCN(c2ccc(-c3ccc(Cl)cc3Cl)nn2)CC1,OC1CCN(c2ccc(-c3ccc(Cl)cc3Cl)nn2)CC1,endixaprine,1,False,21
1182,CCN(CC)C(=O)[C@H]1[C@H](C(=O)N(CC)CC)[C@H]2C=C[C@@H]1C2,CCN(CC)C(=O)[C@H]1[C@H](C(=O)N(CC)CC)[C@H]2C=C[C@@H]1C2,endomide,1,False,21
1183,CC(=O)C1CCC2C3CC(C)C4=CC(=O)C=CC4(C)C3C(O)CC12C,CC(=O)C1CCC2C3CC(C)C4=CC(=O)C=CC4(C)C3C(O)CC12C,endrysone(endrisone),1,False,25
1184,CC1OC2(CCCCC2Oc2cccc(Cl)c2)NC1=O,CC1OC2(CCCCC2Oc2cccc(Cl)c2)NC1=O,enilospirone,1,False,20
1185,CCCCCCCNC(=O)Oc1ccc2c(c1)[C@]1(C)CCN(C)[C@@H]1N2C,CCCCCCCNC(=O)Oc1ccc2c(c1)[C@]1(C)CCN(C)[C@@H]1N2C,eptastigmine,1,False,26
1186,CN1CCC2=C(CC1)c1ccccc1N(C)c1ccccc12,CN1CCC2=C(CC1)c1ccccc1N(C)c1ccccc12,erizepine,1,False,22
1187,CCN1CCCC1CNC(=O)c1cc(C(C)=O)ccc1OC,CCN1CCCC1CNC(=O)c1cc(C(C)=O)ccc1OC,etacepride,1,False,22
1188,CCN(CC)CCn1cnc2c1c(=O)n(C)c(=O)n2C,CCN(CC)CCn1cnc2c1c(=O)n(C)c(=O)n2C,etamiphyllin,1,False,20
1189,CCNC1=Nc2ccc(Cl)cc2C(c2ccccc2)S1,CCNC1=Nc2ccc(Cl)cc2C(c2ccccc2)S1,etasuline,1,False,20
1190,CCOC1c2ccccc2C(=O)N(C)c2ccccc21,CCOC1c2ccccc2C(=O)N(C)c2ccccc21,etazepine,1,False,20
1191,CCCCNCC1COc2cccc(OCC)c2O1.[Cl-].[H+],CCCCNCC1COc2cccc(OCC)c2O1.[Cl-].[H+],ethomoxane,1,False,21
1192,CCCl,CCCl,ethylene(ethene),1,False,3
1193,C=C,C=C,ethyl-loflazepate,1,False,2
1194,CCC1(CC)C(=O)NC=C(C)C1=O,CCC1(CC)C(=O)NC=C(C)C1=O,ethypicone,1,False,13
1195,CCNC1(c2ccccc2)CCCCC1,CCNC1(c2ccccc2)CCCCC1,eticyclidine,1,False,15
1196,CCNC1=Nc2ccc(Cl)cc2C(C)(c2ccccc2)O1.[Cl-].[H+],CCNC1=Nc2ccc(Cl)cc2C(C)(c2ccccc2)O1.[Cl-].[H+],etifoxine,1,False,23
1197,CCC(C(N)=O)N1CCCC1=O,CCC(C(N)=O)N1CCCC1=O,etiracetam(levetiracetam),1,False,12
1198,CCN(CC)S(=O)(=O)N[C@H]1C[C@@H]2c3cccc4[nH]cc(c34)C[C@H]2N(C)C1,CCN(CC)S(=O)(=O)N[C@H]1C[C@@H]2c3cccc4[nH]cc(c34)C[C@H]2N(C)C1,etisulergine,1,False,26
1199,O=C(O)/C=C/C(=O)O.OCCOCCOCCN1CCN(C(c2ccccc2)c2ccc(Cl)cc2)CC1,O=C(O)/C=C/C(=O)O.OCCOCCOCCN1CCN(C(c2ccccc2)c2ccc(Cl)cc2)CC1,etodroxizine,1,False,37
1200,CCc1nn(CCCN2CCN(c3cccc(Cl)c3)CC2)c(=O)n1CC,CCc1nn(CCCN2CCN(c3cccc(Cl)c3)CC2)c(=O)n1CC,etoperidone,1,False,26
1201,CCCC(C)(O)C1CC23C=CC1(OC)C1Oc4c(O)ccc5c4C12CCN(C)C3C5,CCCC(C)(O)C1CC23C=CC1(OC)C1Oc4c(O)ccc5c4C12CCN(C)C3C5,etorphine,1,False,30
1202,CCC1(c2ccccc2)OCC(C2CCCCN2)O1,CCC1(c2ccccc2)OCC(C2CCCCN2)O1,etoxadrol,1,False,19
1203,CC(=O)OCC(CCn1cnc2cnc(N)nc21)COC(C)=O,CC(=O)OCC(CCn1cnc2cnc(N)nc21)COC(C)=O,famciclovir,1,False,23
1204,CN(C)CCCn1c(=O)c2ccccc2c2ccccc21,CN(C)CCCn1c(=O)c2ccccc2c2ccccc21,fantridone,1,False,21
1205,CCc1c(OC)nc2nc(-c3noc(C)n3)cn2c1C,CCc1c(OC)nc2nc(-c3noc(C)n3)cn2c1C,fasiplon,1,False,20
1206,O=C1CC[C@H](C(=O)N2CCCCC2)N1,O=C1CC[C@H](C(=O)N2CCCCC2)N1,fasoracetam,1,False,14
1207,CCCCOCC(CN1C(=O)NC(=O)C(CC)(c2ccccc2)C1=O)OC(N)=O,CCCCOCC(CN1C(=O)NC(=O)C(CC)(c2ccccc2)C1=O)OC(N)=O,febarbamate,1,False,29
1208,NC(=O)OCC(COC(N)=O)c1ccccc1,NC(=O)OCC(COC(N)=O)c1ccccc1,felbamate,1,False,17
1209,COc1ccc(OCC2CN(C)CCC2c2ccccc2)cc1,COc1ccc(OCC2CN(C)CCC2c2ccccc2)cc1,femoxetine,1,False,23
1210,O=C(CCCN1CCN(C(=O)OC2CCCCC2)CC1)c1ccc(F)cc1,O=C(CCCN1CCN(C(=O)OC2CCCCC2)CC1)c1ccc(F)cc1,fenaperone,1,False,27
1211,CCC(C(=O)OCCN1CCOC(c2ccccc2)C1C)c1ccccc1,CCC(C(=O)OCCN1CCOC(c2ccccc2)C1C)c1ccccc1,fenbutrazate,1,False,27
1212,CCNC1C2CCC(C2)C1c1ccccc1,CCNC1C2CCC(C2)C1c1ccccc1,fencamfamin,1,False,16
1213,CCCCN/C(=C1/C=C(Cl)C=CC1=O)c1ccccc1Cl,CCCCN/C(=C1/C=C(Cl)C=CC1=O)c1ccccc1Cl,fengabine,1,False,21
1214,c1ccc(CC2NCCc3c2[nH]c2ccccc32)cc1,c1ccc(CC2NCCc3c2[nH]c2ccccc32)cc1,fenharmane,1,False,20
1215,CCC1C(=O)NC(=O)C1(C)c1ccccc1,CCC1C(=O)NC(=O)C1(C)c1ccccc1,fenimide,1,False,16
1216,Clc1ccc(OCC2=NCCN2)cc1Cl,Clc1ccc(OCC2=NCCN2)cc1Cl,fenmetozole,1,False,15
1217,CC1NC(=O)COC1c1ccccc1,CC1NC(=O)COC1c1ccccc1,fenmetramide,1,False,14
1218,CN1CC(=O)N=C1NC(=O)Nc1cccc(Cl)c1,CN1CC(=O)N=C1NC(=O)Nc1cccc(Cl)c1,fenobam,1,False,18
1219,CCNC1=NC(=O)C(c2ccccc2)O1,CCNC1=NC(=O)C(c2ccccc2)O1,fenozolone,1,False,15
1220,CC(C)(O)CC(C)(O)c1ccc(Cl)cc1,CC(C)(O)CC(C)(O)c1ccc(Cl)cc1,fenpentadiol,1,False,15
1221,Cn1nc(-c2cccnc2)nc1-c1ccccc1CO,Cn1nc(-c2cccnc2)nc1-c1ccccc1CO,fepitrizol,1,False,20
1222,O=C(COc1ccc(Cl)cc1)N1CCN(Cc2ccc3c(c2)OCO3)CC1,O=C(COc1ccc(Cl)cc1)N1CCN(Cc2ccc3c(c2)OCO3)CC1,fipexide,1,False,27
1223,CC(C)(C)NCC(O)c1ccccc1F,CC(C)(C)NCC(O)c1ccccc1F,flerobuterol,1,False,15
1224,CS(=O)(=O)c1ccc([C@@H](O)[C@@H](CF)NC(=O)C(Cl)Cl)cc1,CS(=O)(=O)c1ccc([C@@H](O)[C@@H](CF)NC(=O)C(Cl)Cl)cc1,florfenicol,1,False,21
1225,CCN(CC)CCC(=O)N1c2ccccc2Sc2ccc(C(F)(F)F)cc21,CCN(CC)CCC(=O)N1c2ccccc2Sc2ccc(C(F)(F)F)cc21,fluacizine,1,False,27
1226,CC(=O)OCC(=O)C12N=C(C)OC1CC1C3CCC4=CC(=O)C=CC4(C)[C@@]3(F)C(O)CC12C,CC(=O)OCC(=O)C12N=C(C)OC1CC1C3CCC4=CC(=O)C=CC4(C)[C@@]3(F)C(O)CC12C,fluazacort,1,False,33
1227,CCOC(=O)N(CCN(C)C)c1cccc(C(F)(F)F)c1,CCOC(=O)N(CCN(C)C)c1cccc(C(F)(F)F)c1,flubanilate,1,False,21
1228,COc1ccc(S(N)(=O)=O)cc1C(=O)NCC1CCCN1Cc1ccc(F)cc1,COc1ccc(S(N)(=O)=O)cc1C(=O)NCC1CCCN1Cc1ccc(F)cc1,flubepride,1,False,29
1229,CC1(C)O[C@@H]2CC3C4C[C@H](F)C5=CC(=O)C=CC5(C)[C@@]4(Cl)C(Cl)CC3(C)[C@]2(C(=O)CO)O1,CC1(C)O[C@@H]2CC3C4C[C@H](F)C5=CC(=O)C=CC5(C)[C@@]4(Cl)C(Cl)CC3(C)[C@]2(C(=O)CO)O1,flucloronide(fluclorolone-acetonide),1,False,32
1230,C[C@]12CCC(=O)C=C1CC[C@H]1[C@@H]3CC[C@](O)(C(=O)CO)[C@@]3(C)C[C@H](O)[C@@]12F,C[C@]12CCC(=O)C=C1CC[C@H]1[C@@H]3CC[C@](O)(C(=O)CO)[C@@]3(C)C[C@H](O)[C@@]12F,fludrocortisone,1,False,27
1231,CC(=O)OCC(=O)[C@@]1(O)CC[C@H]2[C@@H]3CCC4=CC(=O)CC[C@]4(C)[C@@]3(F)[C@@H](O)C[C@@]21C,CC(=O)OCC(=O)[C@@]1(O)CC[C@H]2[C@@H]3CCC4=CC(=O)CC[C@]4(C)[C@@]3(F)[C@@H](O)C[C@@]21C,fludrocortisone-acetate,1,False,30
1232,Cc1cc2c(s1)=Nc1ccc(F)cc1NC=2N1CCN(C)CC1,Cc1cc2c(s1)=Nc1ccc(F)cc1NC=2N1CCN(C)CC1,flumezapine,1,False,23
1233,COC(OC)C(=O)[C@@]12OC(C)(C)O[C@@H]1CC1C3C[C@H](F)C4=CC(=O)C=CC4(C)[C@@]3(F)C(O)CC12C,COC(OC)C(=O)[C@@]12OC(C)(C)O[C@@H]1CC1C3C[C@H](F)C4=CC(=O)C=CC4(C)[C@@]3(F)C(O)CC12C,flumoxonide,1,False,35
1234,CC(=O)OCC(=O)[C@@]12OC(C)(C)O[C@@H]1C[C@H]1[C@@H]3C[C@H](F)C4=CC(=O)C=C[C@]4(C)[C@@]3(F)[C@@H](O)C[C@@]12C,CC(=O)OCC(=O)[C@@]12OC(C)(C)O[C@@H]1C[C@H]1[C@@H]3C[C@H](F)C4=CC(=O)C=C[C@]4(C)[C@@]3(F)[C@@H](O)C[C@@]12C,fluocinonide,1,False,35
1235,CCCCOC(=O)C(=O)C1C(C)CC2C3CC(F)C4=CC(=O)C=CC4(C)C3C(O)CC21C,CCCCOC(=O)C(=O)C1C(C)CC2C3CC(F)C4=CC(=O)C=CC4(C)C3C(O)CC21C,fluocortin,1,False,32
1236,CCCCCC(=O)OCC(=O)C1C(C)CC2C3CC(F)C4=CC(=O)C=CC4(C)C3C(O)CC21C,CCCCCC(=O)OCC(=O)C1C(C)CC2C3CC(F)C4=CC(=O)C=CC4(C)C3C(O)CC21C,fluocortolone-caproate,1,False,34
1237,CCS(=O)(=O)c1ccc(F)cc1,CCS(=O)(=O)c1ccc(F)cc1,fluoresone,1,False,12
1238,CC(=O)O[C@]1(C(C)=O)CC[C@H]2[C@@H]3C[C@H](C)C4=CC(=O)C=C[C@]4(C)[C@@]3(F)[C@@H](O)C[C@@]21C,CC(=O)O[C@]1(C(C)=O)CC[C@H]2[C@@H]3C[C@H](C)C4=CC(=O)C=C[C@]4(C)[C@@]3(F)[C@@H](O)C[C@@]21C,fluorometholone-acetate,1,False,30
1239,C[C@H]1c2ccccc2[C@@H](CCCN(C)C)c2cc(C(F)(F)F)ccc21,C[C@H]1c2ccccc2[C@@H](CCCN(C)C)c2cc(C(F)(F)F)ccc21,fluotracen,1,False,25
1240,CNCCC(Oc1ccc(C(F)(F)F)cc1)c1ccccc1,CNCCC(Oc1ccc(C(F)(F)F)cc1)c1ccccc1,fluoxetine,1,False,22
1241,CCCCCCC(=O)OCCN1CCN(CCCN2c3ccccc3Sc3ccc(C(F)(F)F)cc32)CC1,CCCCCCC(=O)OCCN1CCN(CCCN2c3ccccc3Sc3ccc(C(F)(F)F)cc32)CC1,fluphenazine-enanthate,1,False,38
1242,OCCOC1CCN(CCCN2c3ccccc3Sc3ccc(C(F)(F)F)cc32)CC1,OCCOC1CCN(CCCN2c3ccccc3Sc3ccc(C(F)(F)F)cc32)CC1,flupimazine,1,False,31
1243,NC(=O)NCCN1CCN(c2cccc(C(F)(F)F)c2)CC1,NC(=O)NCCN1CCN(c2cccc(C(F)(F)F)c2)CC1,fluprazine,1,False,22
1244,O=C1NCN(c2ccccc2)C12CCN(CCCC(c1ccc(F)cc1)c1ccc(F)cc1)CC2,O=C1NCN(c2ccccc2)C12CCN(CCCC(c1ccc(F)cc1)c1ccc(F)cc1)CC2,fluspirilene,1,False,35
1245,O=C1CN2CCOC2(c2ccccc2F)c2cc(Cl)ccc2N1CCO,O=C1CN2CCOC2(c2ccccc2F)c2cc(Cl)ccc2N1CCO,flutazolam,1,False,26
1246,CN1C(=O)C(O)N=C(c2ccccc2F)c2cc(Cl)ccc21,CN1C(=O)C(O)N=C(c2ccccc2F)c2cc(Cl)ccc21,flutemazepam,1,False,22
1247,CC1CC2C3CC(F)C4=CC(=O)C=CC4(C)C3(F)C(O)CC2(C)C1(O)C(=O)SCF,CC1CC2C3CC(F)C4=CC(=O)C=CC4(C)C3(F)C(O)CC2(C)C1(O)C(=O)SCF,fluticasone,1,False,30
1248,CCC(=O)O[C@]1(C(=O)SCF)[C@H](C)C[C@H]2[C@@H]3C[C@H](F)C4=CC(=O)C=C[C@]4(C)[C@@]3(F)[C@@H](O)C[C@@]21C,CCC(=O)O[C@]1(C(=O)SCF)[C@H](C)C[C@H]2[C@@H]3C[C@H](F)C4=CC(=O)C=C[C@]4(C)[C@@]3(F)[C@@H](O)C[C@@]21C,fluticasone-propionate,1,False,34
1249,OCCN1CCN(CCCN2c3cc(C(F)(F)F)ccc3Sc3sccc32)CC1,OCCN1CCN(CCCN2c3cc(C(F)(F)F)ccc3Sc3sccc32)CC1,flutizenol,1,False,29
1250,CCOC(=O)c1cncn1C(C)c1ccc(F)cc1,CCOC(=O)c1cncn1C(C)c1ccc(F)cc1,flutomidate,1,False,19
1251,OC(CCCN1CCc2c(c3cc(F)ccc3n2-c2ccc(F)cc2)C1)c1ccc(F)cc1,OC(CCCN1CCc2c(c3cc(F)ccc3n2-c2ccc(F)cc2)C1)c1ccc(F)cc1,flutroline,1,False,33
1252,CC(C)n1c(/C=C/[C@@H](O)C[C@H](O)CC(=O)O)c(-c2ccc(F)cc2)c2ccccc21,CC(C)n1c(/C=C/[C@@H](O)C[C@H](O)CC(=O)O)c(-c2ccc(F)cc2)c2ccccc21,fluvastatin,1,False,30
1253,COCCCC/C(=N\OCCN)c1ccc(C(F)(F)F)cc1.O=C(O)/C=C\C(=O)O,COCCCC/C(=N\OCCN)c1ccc(C(F)(F)F)cc1.O=C(O)/C=C\C(=O)O,fluvoxamine,1,False,30
1254,CNC(=O)N1CC(Oc2cccc(C(F)(F)F)c2)C1,CNC(=O)N1CC(Oc2cccc(C(F)(F)F)c2)C1,fluzinamide,1,False,19
1255,Nc1nc(=O)c2nc(CNc3ccc(C(=O)N[C@@H](CCC(=O)O)C(=O)O)cc3)cnc2[nH]1,Nc1nc(=O)c2nc(CNc3ccc(C(=O)N[C@@H](CCC(=O)O)C(=O)O)cc3)cnc2[nH]1,folic-acid,1,False,32
1256,CC(=O)OCC(=O)[C@@]12OC(C)(C)O[C@@H]1CC1C3CC(C=O)=C4C=C(OCCCl)CCC4(C)[C@@]3(F)C(O)CC12C,CC(=O)OCC(=O)[C@@]12OC(C)(C)O[C@@H]1CC1C3CC(C=O)=C4C=C(OCCCl)CCC4(C)[C@@]3(F)C(O)CC12C,formocortal,1,False,39
1257,CP(C)(=O)CN1C(=O)CN=C(c2ccccc2)c2cc(Cl)ccc21,CP(C)(=O)CN1C(=O)CN=C(c2ccccc2)c2cc(Cl)ccc21,fosazepam,1,False,24
1258,NNC(=O)CP(=O)(c1ccccc1)c1ccccc1,NNC(=O)CP(=O)(c1ccccc1)c1ccccc1,fosenazide,1,False,19
1259,C[C@@H]1O[C@@H]1P(=O)(O)O,C[C@@H]1O[C@@H]1P(=O)(O)O,fosfomycin,1,False,8
1260,O=C1NC(c2ccccc2)(c2ccccc2)C(=O)N1COP(=O)(O)O,O=C1NC(c2ccccc2)(c2ccccc2)C(=O)N1COP(=O)(O)O,fosphenytoin,1,False,25
1261,CN1CCN(CCC(=O)N2c3ccccc3Sc3ccc(C(F)(F)F)cc32)CC1,CN1CCN(CCC(=O)N2c3ccccc3Sc3ccc(C(F)(F)F)cc32)CC1,ftormetazine,1,False,29
1262,O=C(CCN1CCN(CCO)CC1)N1c2ccccc2Sc2ccc(C(F)(F)F)cc21,O=C(CCN1CCN(CCO)CC1)N1c2ccccc2Sc2ccc(C(F)(F)F)cc21,ftorpropazine,1,False,31
1263,O=C1OCCC1C1(O)CCN(CCCN2c3ccccc3Sc3ccc(Cl)cc32)CC1,O=C1OCCC1C1(O)CCN(CCCN2c3ccccc3Sc3ccc(Cl)cc32)CC1,furomazine,1,False,31
1264,C/C(=C(/CCO)SSCC1CCCO1)N(C=O)Cc1cnc(C)nc1N,C/C(=C(/CCO)SSCC1CCCO1)N(C=O)Cc1cnc(C)nc1N,fursultiamine,1,False,26
1265,O=c1[nH]oc2c1CCNC2,O=c1[nH]oc2c1CCNC2,gaboxadol,1,False,10
1266,CC(=O)[C@H]1CC[C@H]2[C@@H]3CC[C@H]4C[C@](C)(O)CC[C@]4(C)[C@H]3CC[C@]12C,CC(=O)[C@H]1CC[C@H]2[C@@H]3CC[C@H]4C[C@](C)(O)CC[C@]4(C)[C@H]3CC[C@]12C,ganaxolone,1,False,24
1267,COCc1c(C(=O)OC(C)C)ncc2[nH]c3cccc(Oc4ccc(Cl)cc4)c3c12,COCc1c(C(=O)OC(C)C)ncc2[nH]c3cccc(Oc4ccc(Cl)cc4)c3c12,gedocarnil,1,False,30
1268,CCC12CCN(CC3CC3)C(Cc3ccc(O)cc31)C2(C)C,CCC12CCN(CC3CC3)C(Cc3ccc(O)cc31)C2(C)C,gemazocine,1,False,22
1269,CC1(C)CC(=O)N(CCCCN2CCN(c3ncccn3)CC2)C(=O)C1.[Cl-].[H+],CC1(C)CC(=O)N(CCCCN2CCN(c3ncccn3)CC2)C(=O)C1.[Cl-].[H+],gepirone,1,False,28
1270,Fc1ccc2[nH]c3c(c2c1)CN(CCCc1cccnc1)CC3,Fc1ccc2[nH]c3c(c2c1)CN(CCCc1cccnc1)CC3,gevotroline,1,False,23
1271,COc1cc2c(cc1OC)C(c1cccc(Cl)c1)=NN=C(C)C2,COc1cc2c(cc1OC)C(c1cccc(Cl)c1)=NN=C(C)C2,girisopam,1,False,23
1272,CC1(C)O[C@@H]2C[C@H]3[C@@H]4CCC5=CC(=O)CC[C@]5(C)[C@@]4(F)[C@@H](O)C[C@]3(C)[C@]2(C(=O)CCl)O1,CC1(C)O[C@@H]2C[C@H]3[C@@H]4CCC5=CC(=O)CC[C@]5(C)[C@@]4(F)[C@@H](O)C[C@]3(C)[C@]2(C(=O)CCl)O1,halcinonide,1,False,31
1273,C[C@@H]1C[C@H]2[C@@H]3C[C@H](F)C4=CC(=O)C=C[C@]4(C)C3(Cl)[C@@H](F)C[C@]2(C)[C@H]1C(=O)CO,C[C@@H]1C[C@H]2[C@@H]3C[C@H](F)C4=CC(=O)C=C[C@]4(C)C3(Cl)[C@@H](F)C[C@]2(C)[C@H]1C(=O)CO,halocortolone,1,False,28
1274,O=C(NCCN1CCC(n2c(=O)[nH]c3cc(Cl)ccc32)CC1)c1ccc(F)cc1,O=C(NCCN1CCC(n2c(=O)[nH]c3cc(Cl)ccc32)CC1)c1ccc(F)cc1,halopemide,1,False,29
1275,CCCCCCCCCC(=O)OC1(c2ccc(Cl)cc2)CCN(CCCC(=O)c2ccc(F)cc2)CC1,CCCCCCCCCC(=O)OC1(c2ccc(Cl)cc2)CCN(CCCC(=O)c2ccc(F)cc2)CC1,haloperidol-decanoate,1,False,37
1276,C[C@]12C=C(Br)C(=O)C=C1[C@H](F)C[C@H]1[C@@H]3CCC(O)(C(=O)CO)[C@@]3(C)C[C@H](O)C12F,C[C@]12C=C(Br)C(=O)C=C1[C@H](F)C[C@H]1[C@@H]3CCC(O)(C(=O)CO)[C@@]3(C)C[C@H](O)C12F,halopredone(halopredone-acetate),1,False,29
1277,O=C1CN2CCOC2(c2ccccc2F)c2cc(Br)ccc2N1,O=C1CN2CCOC2(c2ccccc2F)c2cc(Br)ccc2N1,haloxazolam,1,False,23
1278,CCCCCC(N)C(O)(c1ccccc1)c1ccccc1,CCCCCC(N)C(O)(c1ccccc1)c1ccccc1,hexapradol,1,False,21
1279,OCCN1C=CN(CCCN2c3ccccc3C=Cc3ccccc32)C=CC1,OCCN1C=CN(CCCN2c3ccccc3C=Cc3ccccc32)C=CC1,homopipramol,1,False,28
1280,CCC(C)(O)C1CC23C=CC1(OC)C1Oc4c(OC)ccc5c4C12CCN(CC1CC1)C3C5,CCC(C)(O)C1CC23C=CC1(OC)C1Oc4c(OC)ccc5c4C12CCN(CC1CC1)C3C5,homprenorphine,1,False,33
1281,CC(C)(CO)[C@@H](O)C(=O)NCCCC(=O)O,CC(C)(CO)[C@@H](O)C(=O)NCCCC(=O)O,hopantenic-acid,1,False,16
1282,CCN(CC)CC(=O)OCC(=O)[C@@]1(O)CC[C@H]2[C@@H]3CCC4=CC(=O)CC[C@]4(C)[C@H]3[C@@H](O)C[C@@]21C,CCN(CC)CC(=O)OCC(=O)[C@@]1(O)CC[C@H]2[C@@H]3CCC4=CC(=O)CC[C@]4(C)[C@H]3[C@@H](O)C[C@@]21C,hydrocortamate,1,False,34
1283,CCC(=O)O[C@]1(C(=O)COC(C)=O)CC[C@H]2[C@@H]3CCC4=CC(=O)CC[C@]4(C)[C@H]3[C@@H](O)C[C@@]21C,CCC(=O)O[C@]1(C(=O)COC(C)=O)CC[C@H]2[C@@H]3CCC4=CC(=O)CC[C@]4(C)[C@H]3[C@@H](O)C[C@@]21C,hydrocortisone-aceponate,1,False,33
1284,C[C@]12CCC(=O)C=C1CC[C@@H]1[C@@H]2[C@@H](O)C[C@@]2(C)[C@H]1CC[C@]2(O)C(=O)COC(=O)CCC(=O)O.O,C[C@]12CCC(=O)C=C1CC[C@@H]1[C@@H]2[C@@H](O)C[C@@]2(C)[C@H]1CC[C@]2(O)C(=O)COC(=O)CCC(=O)O.O,hydrocortisonecypionate(hydrocortisone-cipionate),1,False,34
1285,CCCCC(=O)O[C@]1(C(=O)CO)CCC2C3CCC4=CC(=O)CCC4(C)C3C(O)CC21C,CCCCC(=O)O[C@]1(C(=O)CO)CCC2C3CCC4=CC(=O)CCC4(C)C3C(O)CC21C,hydrocortisone-hemisuccinate,1,False,32
1286,CC12CCC(=O)C=C1CCC1C2C(O)CC2(C)C1CCC2(O)C(=O)COC(=O)CCC1CCCC1,CC12CCC(=O)C=C1CCC1C2C(O)CC2(C)C1CCC2(O)C(=O)COC(=O)CCC1CCCC1,hydrocortisone-valerate,1,False,35
1287,CN1CC[C@]23c4c5ccc(O)c4O[C@H]2[C@@H](O)CC[C@@]3(O)[C@H]1C5,CN1CC[C@]23c4c5ccc(O)c4O[C@H]2[C@@H](O)CC[C@@]3(O)[C@H]1C5,hydromorphinol,1,False,22
1288,COc1ccc(Cn2c(C)c(CCN)c3cc(O)ccc32)cc1,COc1ccc(Cn2c(C)c(CCN)c3cc(O)ccc32)cc1,hydroxindasol,1,False,23
1289,CCC(Br)(C(N)=O)C(C)C,CCC(Br)(C(N)=O)C(C)C,ibrotamide,1,False,10
1290,O=C1CN=C(c2ccccc2)c2cc(Cl)ccc2N1CCOCC1CC1,O=C1CN=C(c2ccccc2)c2cc(Cl)ccc2N1CCOCC1CC1,iclazepam,1,False,26
1291,Cc1cccc(O[C@H]2CCNC[C@H]2O)c1C,Cc1cccc(O[C@H]2CCNC[C@H]2O)c1C,ifoxetine,1,False,16
1292,O=C(/C=C/c1ccc2c(c1)OCO2)N1CCCCC1,O=C(/C=C/c1ccc2c(c1)OCO2)N1CCCCC1,ilepcimide,1,False,19
1293,COc1cc(C(C)=O)ccc1OCCCN1CCC(c2noc3cc(F)ccc23)CC1,COc1cc(C(C)=O)ccc1OCCCN1CCC(c2noc3cc(F)ccc23)CC1,iloperidone,1,False,31
1294,CN1CCN(CCN2CCN(CCCN3c4ccccc4Sc4ccc(Cl)cc43)CC2)C1=O,CN1CCN(CCN2CCN(CCCN3c4ccccc4Sc4ccc(Cl)cc43)CC2)C1=O,imiclopazine,1,False,33
1295,CN(C)CCN1CCN(c2cccc(Cl)c2)C1=O,CN(C)CCN1CCN(c2cccc(Cl)c2)C1=O,imidoline,1,False,18
1296,C[N+](C)([O-])CCCN1c2ccccc2CCc2ccccc21,C[N+](C)([O-])CCCN1c2ccccc2CCc2ccccc21,imipraminoxide,1,False,22
1297,CN[C@@H]1C[C@@H](c2ccc(Cl)c(Cl)c2)c2ccccc21.[Cl-].[H+],CN[C@@H]1C[C@@H](c2ccc(Cl)c(Cl)c2)c2ccccc21.[Cl-].[H+],indatraline,1,False,21
1298,C1=Cc2cccc(OCC3CNCCO3)c2C1,C1=Cc2cccc(OCC3CNCCO3)c2C1,indeloxazine,1,False,17
1299,COc1ccc2c(c1)c(CC(=O)O)c(C)n2C(=O)c1ccc(Cl)cc1,COc1ccc2c(c1)c(CC(=O)O)c(C)n2C(=O)c1ccc(Cl)cc1,indomethacin,-1,True,25
1300,CN(C)CCC1(c2ccccc2)C=Cc2ccccc21,CN(C)CCC1(c2ccccc2)C=Cc2ccccc21,indriline,1,False,20
1301,CC(C)NNC(=O)COc1ccc(Cl)cc1,CC(C)NNC(=O)COc1ccc(Cl)cc1,iproclozide,1,False,16
1302,CSc1c(Cl)nc(NC(C)C)nc1N1CCN(C)CC1,CSc1c(Cl)nc(NC(C)C)nc1N1CCN(C)CC1,iprozilamine,1,False,20
1303,O=C1c2ccccc2S(=O)(=O)N1CCCCN1CCN(c2ncccn2)CC1.[Cl-].[H+],O=C1c2ccccc2S(=O)(=O)N1CCCCN1CCN(c2ncccn2)CC1.[Cl-].[H+],ipsapirone,1,False,30
1304,Cc1cc(C(=O)NNCc2ccccc2)no1,Cc1cc(C(=O)NNCc2ccccc2)no1,isocarboxazid,1,False,17
1305,CC12C=CC(=O)C=C1CCC1C3CCC(O)(C(=O)CO)C3(C)CC(O)C12F,CC12C=CC(=O)C=C1CCC1C3CCC(O)(C(=O)CO)C3(C)CC(O)C12F,isoflupredone,1,False,27
1306,CC(=O)OCC(=O)[C@@]1(O)CC[C@H]2[C@@H]3CCC4=CC(=O)C=C[C@]4(C)[C@@]3(F)[C@@H](O)C[C@@]21C,CC(=O)OCC(=O)[C@@]1(O)CC[C@H]2[C@@H]3CCC4=CC(=O)C=C[C@]4(C)[C@@]3(F)[C@@H](O)C[C@@]21C,isoflupredone-acetate,1,False,30
1307,CCC[C@@H]1O[C@@H]2C[C@H]3[C@@H]4C[C@H](F)C5=CC(=O)C=C[C@]5(C)C4(F)[C@@H](O)C[C@]3(C)[C@]2(C(=O)O[C@H](C)OC(=O)OCC)O1,CCC[C@@H]1O[C@@H]2C[C@H]3[C@@H]4C[C@H](F)C5=CC(=O)C=C[C@]5(C)C4(F)[C@@H](O)C[C@]3(C)[C@]2(C(=O)O[C@H](C)OC(=O)OCC)O1,itrocinonide,1,False,40
1308,C=C[C@@H]1CNCC[C@H]1CCCc1ccnc2ccc(OC)cc12,C=C[C@@H]1CNCC[C@H]1CCCc1ccnc2ccc(OC)cc12,ivoqualine,1,False,23
1309,CC1[C@H]2C(=O)c3ccc(O)cc3[C@]1(C)CCN2CC1CC1,CC1[C@H]2C(=O)c3ccc(O)cc3[C@]1(C)CCN2CC1CC1,ketazocine,1,False,21
1310,CC1=CC(=O)N2CC(=O)N(C)c3ccc(Cl)cc3C2(c2ccccc2)O1,CC1=CC(=O)N2CC(=O)N(C)c3ccc(Cl)cc3C2(c2ccccc2)O1,ketazolam,1,False,26
1311,CCC(=O)C1(c2cccc(O)c2)CCN(C)CC1,CCC(=O)C1(c2cccc(O)c2)CCN(C)CC1,ketobemidone,1,False,18
1312,Clc1cnn(CCCCN2CCN(c3ncccn3)CC2)c1,Clc1cnn(CCCCN2CCN(c3ncccn3)CC2)c1,lesopitron,1,False,22
1313,O=C(CN1CCC23CCCCC2C1Cc1ccc(O)cc13)c1ccccc1,O=C(CN1CCC23CCCCC2C1Cc1ccc(O)cc13)c1ccccc1,levophenacylmorphan,1,False,27
1314,O=C1N(c2ccccc2)c2ccccc2C1(Cc1ccncc1)Cc1ccncc1,O=C1N(c2ccccc2)c2ccccc2C1(Cc1ccncc1)Cc1ccncc1,linopirdine,1,False,30
1315,CCN(CC)C(=O)N[C@H]1C=C2c3cccc4[nH]cc(c34)C[C@H]2N(C)C1,CCN(CC)C(=O)N[C@H]1C=C2c3cccc4[nH]cc(c34)C[C@H]2N(C)C1,lisuride,1,False,25
1316,CNCCC=C1c2ccccc2C(C)(C)c2ccccc21,CNCCC=C1c2ccccc2C(C)(C)c2ccccc21,litracen,1,False,21
1317,O=C1CCNc2ccc(Cl)cc2N1c1ccccc1,O=C1CCNc2ccc(Cl)cc2N1c1ccccc1,lofendazam,1,False,19
1318,CCC(=O)N(c1ccccc1)[C@]1(C(=O)OC)CCN(CCc2ccccc2)C[C@@H]1C,CCC(=O)N(c1ccccc1)[C@]1(C(=O)OC)CCN(CCc2ccccc2)C[C@@H]1C,lofentanil,1,False,30
1319,CN(CCCN1c2ccccc2CCc2ccccc21)CC(=O)c1ccc(Cl)cc1.[Cl-].[H+],CN(CCCN1c2ccccc2CCc2ccccc21)CC(=O)c1ccc(Cl)cc1.[Cl-].[H+],lofepramine,1,False,32
1320,COc1ccc(Cl)c2c1CCCC2N(C)C,COc1ccc(Cl)c2c1CCCC2N(C)C,lometraline,1,False,16
1321,O=C1Nc2ccc(Cl)nc2C(c2ccccc2Cl)=NC1O,O=C1Nc2ccc(Cl)nc2C(c2ccccc2Cl)=NC1O,lopirazepam,1,False,21
1322,CN1CCN(/C=C2\N=C3CN=C(c4ccccc4Cl)c4cc([N+](=O)[O-])ccc4N3C2=O)CC1,CN1CCN(/C=C2\N=C3CN=C(c4ccccc4Cl)c4cc([N+](=O)[O-])ccc4N3C2=O)CC1,loprazolam,1,False,33
1323,CCOC(=O)N1CCC(=C2c3ccc(Cl)cc3CCc3cccnc32)CC1,CCOC(=O)N1CCC(=C2c3ccc(Cl)cc3CCc3cccnc32)CC1,loratadine,-1,True,27
1324,CN1C(=O)C(O)N=C(c2ccccc2Cl)c2cc(Cl)ccc21,CN1C(=O)C(O)N=C(c2ccccc2Cl)c2cc(Cl)ccc21,lormetazepam,1,False,22
1325,FC(F)(F)c1cccc(N2CCN(CCc3nnc4n3C[C@H]3CCC[C@@H]43)CC2)c1,FC(F)(F)c1cccc(N2CCN(CCc3nnc4n3C[C@H]3CCC[C@@H]43)CC2)c1,lorpiprazole,1,False,29
1326,CN1CC[C@]23NC(=O)CC(c4cc(Cl)ccc4O2)C3C1,CN1CC[C@]23NC(=O)CC(c4cc(Cl)ccc4O2)C3C1,lortalamine,1,False,20
1327,CN(C(=O)CNC(=O)CN)c1ccc(Cl)cc1C(=O)c1ccccc1Cl.O,CN(C(=O)CNC(=O)CN)c1ccc(Cl)cc1C(=O)c1ccccc1Cl.O,lorzafone,1,False,27
1328,COC1=CC(=O)OC1C(O)c1ccccc1Cl,COC1=CC(=O)OC1C(O)c1ccccc1Cl,losigamone,1,False,17
1329,CCOC(=O)OC1(C(=O)OCCl)CCC2C3CCC4=CC(=O)C=CC4(C)C3C(O)CC21C,CCOC(=O)OC1(C(=O)OCCl)CCC2C3CCC4=CC(=O)C=CC4(C)C3C(O)CC21C,loteprednol(loteprednol-etabonate),1,False,32
1330,CN1CCN(C2=Nc3ccccc3Oc3ccc(Cl)cc32)CC1,CN1CCN(C2=Nc3ccccc3Oc3ccc(Cl)cc32)CC1,loxapine,1,False,23
1331,CN1c2cc(F)ccc2C(c2ccccc2)=NCC1CNC(=O)c1ccoc1,CN1c2cc(F)ccc2C(c2ccccc2)=NCC1CNC(=O)c1ccoc1,lufuradom,1,False,28
1332,OC1(c2ccc(Cl)cc2)c2ccccc2C2=NCCN21,OC1(c2ccc(Cl)cc2)c2ccccc2C2=NCCN21,mazindol,1,False,20
1333,CN1CCN(CC(=O)[C@@]2(O)CC[C@H]3[C@@H]4CCC5=CC(=O)C=C[C@]5(C)[C@H]4[C@@H](O)C[C@@]32C)CC1,CN1CCN(CC(=O)[C@@]2(O)CC[C@H]3[C@@H]4CCC5=CC(=O)C=C[C@]5(C)[C@H]4[C@@H](O)C[C@@]32C)CC1,mazipredone,1,False,32
1334,CC(NN)c1ccccc1,CC(NN)c1ccccc1,mebanazine,1,False,10
1335,CCC(C)C(C)(COC(N)=O)COC(N)=O,CCC(C)C(C)(COC(N)=O)COC(N)=O,mebutamate,1,False,16
1336,C[C@@H]1N=C(c2ccccc2Cl)c2cc([N+](=O)[O-])ccc2NC1=O,C[C@@H]1N=C(c2ccccc2Cl)c2cc([N+](=O)[O-])ccc2NC1=O,meclonazepam,1,False,23
1337,CNC(=O)NC(O)C(Cl)(Cl)Cl,CNC(=O)NC(O)C(Cl)(Cl)Cl,mecloralurea,1,False,11
1338,C[C@@H]1CC2C3CCC4=CC(=O)C=CC4(C)[C@@]3(Cl)C(Cl)CC2(C)[C@@]1(O)C(=O)CO,C[C@@H]1CC2C3CCC4=CC(=O)C=CC4(C)[C@@]3(Cl)C(Cl)CC2(C)[C@@]1(O)C(=O)CO,meclorisone(meclorisone-dibutyrate),1,False,28
1339,CC(=O)[C@H]1CC[C@H]2[C@@H]3C[C@H](C)C4=CC(=O)CC[C@]4(C)[C@H]3[C@@H](O)C[C@]12C,CC(=O)[C@H]1CC[C@H]2[C@@H]3C[C@H](C)C4=CC(=O)CC[C@]4(C)[C@H]3[C@@H](O)C[C@]12C,medrysone,1,False,25
1340,CCN(CC)CCNC(=O)COc1ccc(OC)cc1.[Cl-].[H+],CCN(CC)CCNC(=O)COc1ccc(OC)cc1.[Cl-].[H+],mefexamide,1,False,22
1341,CN(C)CCC=C1c2ccccc2C(C)(C)c2ccccc21,CN(C)CCC=C1c2ccccc2C(C)(C)c2ccccc21,melitracen,1,False,22
1342,CC1CCN(CCCC(=O)c2ccc(F)cc2)CC1,CC1CCN(CCCC(=O)c2ccc(F)cc2)CC1,melperone,1,False,19
1343,CC12CC3CC(C)(C1)CC(N)(C3)C2,CC12CC3CC(C)(C1)CC(N)(C3)C2,memantine,1,False,13
1344,COc1ccccc1OCC1CNC(=O)O1,COc1ccccc1OCC1CNC(=O)O1,mephenoxalone,1,False,16
1345,COc1ccc2c(c1)C(O)(CCCN(C)C)c1ccccc1S2,COc1ccc2c(c1)C(O)(CCCN(C)C)c1ccccc1S2,meprotixol,1,False,23
1346,c1ccc2c(c1)Sc1ccccc1N2CC1CN2CCC1CC2,c1ccc2c(c1)Sc1ccccc1N2CC1CN2CCC1CC2,mequitazine,-1,True,23
1347,CN1C[C@@H](NS(=O)(=O)N(C)C)C[C@@H]2c3cccc4c3c(cn4C)C[C@H]21,CN1C[C@@H](NS(=O)(=O)N(C)C)C[C@@H]2c3cccc4c3c(cn4C)C[C@H]21,mesulergine,1,False,25
1348,CC(=O)Nc1cccc(O)c1,CC(=O)Nc1cccc(O)c1,metacetamol,1,False,11
1349,CC(C)(O)C(C)(O)c1cccc(Cl)c1,CC(C)(O)C(C)(O)c1cccc(Cl)c1,metaglycodol,1,False,14
1350,CN(C)CCN(Cc1cccs1)c1ccccn1,CN(C)CCN(Cc1cccs1)c1ccccn1,methapyrilene,1,False,18
1351,CCC1(CC)C(=O)NC(=O)N(C)C1=O,CCC1(CC)C(=O)NC(=O)N(C)C1=O,metharbital,1,False,14
1352,CCCC(C)C1(CCSC)C(=O)NC(=S)NC1=O,CCCC(C)C1(CCSC)C(=O)NC(=S)NC1=O,methitural,1,False,18
1353,CC1=CCC2C3Cc4ccc(O)c5c4C2(CCN3C)C1O5,CC1=CCC2C3Cc4ccc(O)c5c4C2(CCN3C)C1O5,methyldesorphine,1,False,21
1354,CO[C@H]1CC[C@H]2[C@H]3Cc4ccc(O)c5c4[C@@]2(CCN3C)[C@H]1O5,CO[C@H]1CC[C@H]2[C@H]3Cc4ccc(O)c5c4[C@@]2(CCN3C)[C@H]1O5,methyldihydromorphine,1,False,22
1355,CCC(=O)O[C@]1(C(=O)COC(C)=O)CC[C@H]2[C@@H]3C[C@H](C)C4=CC(=O)C=C[C@]4(C)[C@H]3[C@@H](O)C[C@@]21C,CCC(=O)O[C@]1(C(=O)COC(C)=O)CC[C@H]2[C@@H]3C[C@H](C)C4=CC(=O)C=C[C@]4(C)[C@H]3[C@@H](O)C[C@@]21C,methylprednisolone21hemisuccinate(methylprednisolone-hemisuccinate),1,False,34
1356,Cc1ccc2c(c1)C(N1CCN(C)CC1)=Nc1ccccc1S2,Cc1ccc2c(c1)C(N1CCN(C)CC1)=Nc1ccccc1S2,metiapine,1,False,23
1357,COc1cc(C(=O)OCCN2CCN(CCCN3c4ccccc4Sc4ccc(Cl)cc43)CC2)cc(OC)c1OC,COc1cc(C(=O)OCCN2CCN(CCCN3c4ccccc4Sc4ccc(Cl)cc43)CC2)cc(OC)c1OC,metofenazate,1,False,41
1358,CS(=O)(=O)c1ccc2c(c1)N(CCCN1CCC(C(N)=O)CC1)c1ccccc1S2,CS(=O)(=O)c1ccc2c(c1)N(CCCN1CCC(C(N)=O)CC1)c1ccccc1S2,metopimazine,1,False,30
1359,CN1CC[C@]23c4c5ccc(O)c4O[C@@]2(C)C(=O)CC[C@H]3[C@H]1C5,CN1CC[C@]23c4c5ccc(O)c4O[C@@]2(C)C(=O)CC[C@H]3[C@H]1C5,metopon,1,False,22
1360,COC(=O)C1C2CC3c4[nH]c5cc(OC)ccc5c4CCN3CC2CC(OC)C1OC,COC(=O)C1C2CC3c4[nH]c5cc(OC)ccc5c4CCN3CC2CC(OC)C1OC,metoserpate,1,False,31
1361,COc1ccc2c(c1)C(N1CCN(C)CC1)=Cc1ccccc1O2,COc1ccc2c(c1)C(N1CCN(C)CC1)=Cc1ccccc1O2,metoxepin,1,False,24
1362,COc1ccc2c(c1)c1c3n2CCN(C)C3=NCC1,COc1ccc2c(c1)c1c3n2CCN(C)C3=NCC1,metralindole,1,False,19
1363,CC[C@H](C)C(=O)O[C@H]1CCC=C2C=C[C@H](C)[C@H](CC[C@@H]3C[C@@H](O)CC(=O)O3)[C@H]21,CC[C@H](C)C(=O)O[C@H]1CCC=C2C=C[C@H](C)[C@H](CC[C@@H]3C[C@@H](O)CC(=O)O3)[C@H]21,mevastatin,1,False,28
1364,CC1COC2(c3ccccc3Cl)c3cc(Cl)ccc3NC(=O)CN12,CC1COC2(c3ccccc3Cl)c3cc(Cl)ccc3NC(=O)CN12,mexazolam,1,False,24
1365,CNc1nc(Cl)c(SC)c(N2CCN(C)CC2)n1,CNc1nc(Cl)c(SC)c(N2CCN(C)CC2)n1,mezilamine,1,False,18
1366,Clc1ccc(COC(Cn2ccnc2)c2ccc(Cl)cc2Cl)c(Cl)c1,Clc1ccc(COC(Cn2ccnc2)c2ccc(Cl)cc2Cl)c(Cl)c1,Miconazole,-1,True,25
1367,NC1=NC(C(F)(F)F)(C(F)(F)F)NC1(C(F)(F)F)C(F)(F)F,NC1=NC(C(F)(F)F)(C(F)(F)F)NC1(C(F)(F)F)C(F)(F)F,midaflur,1,False,22
1368,CCCCCNCC(N)=O,CCCCCNCC(N)=O,milacemide,1,False,10
1369,CO/N=C/C1=CCCN(C)C1,CO/N=C/C1=CCCN(C)C1,milameline,1,False,11
1370,Cc1cc(-c2ccccc2)nnc1NCCN1CCOCC1,Cc1cc(-c2ccccc2)nnc1NCCN1CCOCC1,minaprine,1,False,22
1371,CCO[C@H]1C[C@@]2(C)[C@@H](CC[C@@H]3[C@@H]2[C@H](N(C)C)C[C@]2(C)[C@@H](C(C)=O)CC[C@@H]32)C[C@@H]1O,CCO[C@H]1C[C@@]2(C)[C@@H](CC[C@@H]3[C@@H]2[C@H](N(C)C)C[C@]2(C)[C@@H](C(C)=O)CC[C@@H]32)C[C@@H]1O,minaxolone,1,False,29
1372,CN1[C@@H]2CC[C@H]1CC(NC(=O)c1cn(C3CCCCC3)c3ccccc3c1=O)C2,CN1[C@@H]2CC[C@H]1CC(NC(=O)c1cn(C3CCCCC3)c3ccccc3c1=O)C2,mirisetron,1,False,29
1373,O=C(NCCN1CCOCC1)c1ccc(Cl)cc1,O=C(NCCN1CCOCC1)c1ccc(Cl)cc1,Moclobemide,1,False,18
1374,NC(=O)CS(=O)C(c1ccccc1)c1ccccc1,NC(=O)CS(=O)C(c1ccccc1)c1ccccc1,modafinil,1,False,19
1375,C[C@@H]1C[C@H]2[C@@H]3CCC4=CC(=O)C=C[C@]4(C)[C@@]3(Cl)[C@@H](O)C[C@]2(C)[C@@]1(O)C(=O)CCl,C[C@@H]1C[C@H]2[C@@H]3CCC4=CC(=O)C=C[C@]4(C)[C@@]3(Cl)[C@@H](O)C[C@]2(C)[C@@]1(O)C(=O)CCl,mometasone(mometasone-furoate),1,False,28
1376,CNCCCN1c2ccccc2C(C)(C)c2ccccc21,CNCCCN1c2ccccc2C(C)(C)c2ccccc21,monometacrine,1,False,21
1377,CC1(c2ccccc2)CC(=O)N(CN2CCOCC2)C1=O,CC1(c2ccccc2)CC(=O)N(CN2CCOCC2)C1=O,morsuximide,1,False,21
1378,O=C1NC2CCCCN2C12CCN(CCCN1c3ccccc3CCc3ccc(Cl)cc31)CC2,O=C1NC2CCCCN2C12CCN(CCCN1c3ccccc3CCc3ccc(Cl)cc31)CC2,mosapramine,1,False,34
1379,COCN1C(=O)CN=C(c2ccccc2)c2cc([N+](=O)[O-])ccc21,COCN1C(=O)CN=C(c2ccccc2)c2cc([N+](=O)[O-])ccc21,motrazepam,1,False,24
1380,CNC(=O)O[C@H]1OC(=O)[C@@]2(C)[C@@H]1[C@H]1C=C[C@@H]2C1,CNC(=O)O[C@H]1OC(=O)[C@@]2(C)[C@@H]1[C@H]1C=C[C@@H]2C1,moxadolen,1,False,17
1381,CC1=CC(=C2C=CC(=O)C=C2)NN=C1NCCN1CCOCC1,CC1=CC(=C2C=CC(=O)C=C2)NN=C1NCCN1CCOCC1,moxiraprine,1,False,23
1382,CCCCCCCCCCCCCC(=O)O[C@H]1C=C[C@H]2[C@H]3Cc4ccc(OCc5ccccc5)c5c4[C@@]2(CCN3C)[C@H]1O5,CCCCCCCCCCCCCC(=O)O[C@H]1C=C[C@H]2[C@H]3Cc4ccc(OCc5ccccc5)c5c4[C@@]2(CCN3C)[C@H]1O5,myrophine,1,False,43
1383,CCCCCC(C)C(C)c1cc(OC(=O)CCCN2CCCCCC2)c2c(c1)OC(C)(C)C1=C2CC(C)CC1,CCCCCC(C)C(C)c1cc(OC(=O)CCCN2CCCCCC2)c2c(c1)OC(C)(C)C1=C2CC(C)CC1,nabazenil,1,False,39
1384,CCCCCCC(C)(C)c1cc(O)c2c(c1)OC(C)(C)[C@@H]1CCC(=O)C[C@@H]21,CCCCCCC(C)(C)c1cc(O)c2c(c1)OC(C)(C)[C@@H]1CCC(=O)C[C@@H]21,nabilone,1,False,27
1385,O=C(Cn1ccnc1)c1ccc2ccccc2c1,O=C(Cn1ccnc1)c1ccc2ccccc2c1,nafimidone,1,False,18
1386,C[C@]12C=CC(=O)C=C1CC[C@H]1[C@@H]3C[C@H]4Cc5ccccc5C[C@@]4(C(=O)CO)[C@@]3(C)C[C@H](O)[C@@]12F.O,C[C@]12C=CC(=O)C=C1CC[C@H]1[C@@H]3C[C@H]4Cc5ccccc5C[C@@]4(C(=O)CO)[C@@]3(C)C[C@H](O)[C@@]12F.O,naflocort,1,False,35
1387,Oc1ccc2c3c1OC1C(O)CCC4(O)C(C2)N(CC2CCC2)CCC314,Oc1ccc2c3c1OC1C(O)CCC4(O)C(C2)N(CC2CCC2)CCC314,nalbuphine,1,False,26
1388,C=C1CC[C@@]2(O)[C@H]3Cc4ccc(O)c5c4[C@@]2(CCN3CC2CC2)[C@H]1O5,C=C1CC[C@@]2(O)[C@H]3Cc4ccc(O)c5c4[C@@]2(CCN3CC2CC2)[C@H]1O5,nalmefene,1,False,25
1389,CC(C)=CCN1CC[C@]23c4c5ccc(O)c4O[C@H]2C(=O)CC[C@@]3(O)[C@H]1C5,CC(C)=CCN1CC[C@]23c4c5ccc(O)c4O[C@H]2C(=O)CC[C@@]3(O)[C@H]1C5,nalmexone,1,False,26
1390,CN=C(Cc1ccc2ccccc2c1)[NH2+]C.[Cl-],CN=C(Cc1ccc2ccccc2c1)[NH2+]C.[Cl-],napactadine,1,False,17
1391,C1=C(CC2=NCNC2)CCc2ccccc21,C1=C(CC2=NCNC2)CCc2ccccc21,napamezole,1,False,16
1392,CC(Oc1cccc2ccccc12)/C(N)=N/O,CC(Oc1cccc2ccccc12)/C(N)=N/O,naprodoxime,1,False,17
1393,CCc1nn(CCCN2CCN(c3cccc(Cl)c3)CC2)c(=O)n1CCOc1ccccc1.[Cl-].[H+],CCc1nn(CCCN2CCN(c3cccc(Cl)c3)CC2)c(=O)n1CCOc1ccccc1.[Cl-].[H+],nefazodone,1,False,35
1394,Cc1cccc(C)c1NC(=O)CN1CCCC1=O,Cc1cccc(C)c1NC(=O)CN1CCCC1=O,nefiracetam,1,False,18
1395,O=c1[nH]c2ccccc2n1C1CCN(CCCc2noc3cc(F)ccc23)CC1,O=c1[nH]c2ccccc2n1C1CCN(CCCc2noc3cc(F)ccc23)CC1,neflumozide,1,False,29
1396,O=C(CCNNC(=O)c1ccncc1)NCc1ccccc1,O=C(CCNNC(=O)c1ccncc1)NCc1ccccc1,nialamide,1,False,22
1397,CC(CCN1CCN(c2ccc(F)cc2)CC1)NC(=O)c1cccnc1,CC(CCN1CCN(c2ccc(F)cc2)CC1)NC(=O)c1cccnc1,niaprazine,1,False,26
1398,C/C=C\C1O[C@]2(C(=O)COC(=O)c3ccncc3)CC[C@@]3(O1)[C@@H]1CCC4=CC(=O)CC[C@]4(C)[C@H]1[C@@H](O)C[C@]23C,C/C=C\C1O[C@]2(C(=O)COC(=O)c3ccncc3)CC[C@@]3(O1)[C@@H]1CCC4=CC(=O)CC[C@]4(C)[C@H]1[C@@H](O)C[C@]23C,nicocortonide,1,False,39
1399,CN1CC[C@]23c4c5ccc(OC(=O)c6cccnc6)c4O[C@H]2[C@@H](OC(=O)c2cccnc2)C=C[C@H]3[C@H]1C5,CN1CC[C@]23c4c5ccc(OC(=O)c6cccnc6)c4O[C@H]2[C@@H](OC(=O)c2cccnc2)C=C[C@H]3[C@H]1C5,nicomorphine,1,False,37
1400,O=C(c1cccnc1)N1CCOCC1,O=C(c1cccnc1)N1CCOCC1,nicopholine,1,False,14
1401,NC(=O)c1cccnc1,NC(=O)c1cccnc1,nicotinamide,1,False,9
1402,CCN(CC)C(=O)c1cccnc1,CCN(CC)C(=O)c1cccnc1,nikethamide,1,False,13
1403,CN1C(=O)CN=C(c2ccccc2)c2cc([N+](=O)[O-])ccc21,CN1C(=O)CN=C(c2ccccc2)c2cc([N+](=O)[O-])ccc21,nimetazepam,1,False,22
1404,CCC(C)C(C)(COC(N)=O)COC(=O)NC(C)C,CCC(C)C(C)(COC(N)=O)COC(=O)NC(C)C,nisobamate,1,False,19
1405,CNCCC(Oc1ccccc1OC)c1ccccc1,CNCCC(Oc1ccccc1OC)c1ccccc1,nisoxetine,1,False,20
1406,N=C(N)c1ccc(-c2ccccc2[N+](=O)[O-])o1,N=C(N)c1ccc(-c2ccccc2[N+](=O)[O-])o1,nitrafudam,1,False,17
1407,C#C[C@]1(O)CC[C@H]2C3CCC4=Cc5c(cnn5-c5ccc(F)cc5)CC4(C)[C@H]3CCC21C,C#C[C@]1(O)CC[C@H]2C3CCC4=Cc5c(cnn5-c5ccc(F)cc5)CC4(C)[C@H]3CCC21C,nivazol(nivacortol),1,False,32
1408,CNC/C=C(/c1ccc(Br)cc1)c1cccnc1,CNC/C=C(/c1ccc(Br)cc1)c1cccnc1,nomelidine,1,False,18
1409,CN1Cc2c(N)cccc2C(c2ccccc2)C1,CN1Cc2c(N)cccc2C(c2ccccc2)C1,nomifensine,1,False,18
1410,CCCCCCCCCNc1ncnc2[nH]ccc12,CCCCCCCCCNc1ncnc2[nH]ccc12,nonapyrimine,1,False,19
1411,FCC(F)(F)F,FCC(F)(F)F,norflurane,1,False,6
1412,Oc1ccc2c(c1)C13CCCCC1C(C2)NCC3,Oc1ccc2c(c1)C13CCCCC1C(C2)NCC3,norlevorphanol,1,False,18
1413,Oc1ccc2c3c1OC1C(O)C=CC4C(C2)NCCC341,Oc1ccc2c3c1OC1C(O)C=CC4C(C2)NCCC341,normorphine,1,False,20
1414,O=C1CN=C(C2=CCCCC2)c2cc(Cl)ccc2N1,O=C1CN=C(C2=CCCCC2)c2cc(Cl)ccc2N1,nortetrazepam,1,False,19
1415,COc1ccc2c(c1OC)C(=O)O[C@@H]2[C@H]1c2c(cc3c(c2OC)OCO3)CCN1C,COc1ccc2c(c1OC)C(=O)O[C@@H]2[C@H]1c2c(cc3c(c2OC)OCO3)CCN1C,noscapine,1,False,30
1416,CN(C)CCON=C1c2ccccc2CCc2ccccc21,CN(C)CCON=C1c2ccccc2CCc2ccccc21,noxiptiline,1,False,22
1417,Clc1ccc2c(c1)/C(=C/C1CN3CCC1CC3)c1ccccc1S2,Clc1ccc2c(c1)/C(=C/C1CN3CCC1CC3)c1ccccc1S2,nuclotixene,1,False,24
1418,Cc1nc2c(C)cccn2c(=O)c1CCN1CCC(c2noc3cc(F)ccc23)CC1,Cc1nc2c(C)cccn2c(=O)c1CCN1CCC(c2noc3cc(F)ccc23)CC1,ocaperidone,1,False,31
1419,O=C(c1ccccn1)c1cnn2c(-c3ccncc3)ccnc12,O=C(c1ccccn1)c1cnn2c(-c3ccncc3)ccnc12,ocinaplon,1,False,23
1420,CCCCCCC(C)NN,CCCCCCC(C)NN,octamoxin,1,False,10
1421,CNCCC=C1c2ccccc2C2CC2c2ccccc21,CNCCC=C1c2ccccc2C2CC2c2ccccc21,octriptyline,1,False,21
1422,O=C(CN1CC[C@H](c2ccc(F)cc2)[C@@H](COc2ccc3c(c2)OCO3)C1)c1ccc(F)cc1,O=C(CN1CC[C@H](c2ccc(F)cc2)[C@@H](COc2ccc3c(c2)OCO3)C1)c1ccc(F)cc1,omiloxetine,1,False,34
1423,CC(C)N1CCOC(c2ccc(C(F)(F)F)cc2)C1,CC(C)N1CCOC(c2ccc(C(F)(F)F)cc2)C1,oxaflozane,1,False,19
1424,NC(=O)N1c2ccccc2CC(=O)c2ccccc21,NC(=O)N1c2ccccc2CC(=O)c2ccccc21,oxcarbazepine,1,False,19
1425,CC(Cc1ccccc1)[N+](C)([O-])Cc1ccccc1,CC(Cc1ccccc1)[N+](C)([O-])Cc1ccccc1,oxifentorex,1,False,19
1426,NC(=O)CN1CC(O)CC1=O,NC(=O)CN1CC(O)CC1=O,oxiracetam,1,False,11
1427,COC(=O)[C@@]1(O)CC[C@H]2C3CCC(=O)C4C(=O)C=CC4(C)[C@H]3C(O)CC21C,COC(=O)[C@@]1(O)CC[C@H]2C3CCC(=O)C4C(=O)C=CC4(C)[C@H]3C(O)CC21C,oxisopred,1,False,27
1428,NC(Cc1c[nH]c2ccc(O)cc12)C(=O)O,NC(Cc1c[nH]c2ccc(O)cc12)C(=O)O,oxitriptan,1,False,16
1429,CN(C)C(=O)COC1c2ccccc2CCc2ccccc21,CN(C)C(=O)COC1c2ccccc2CCc2ccccc21,oxitriptyline,1,False,22
1430,CC(C)CCC(=O)CC1c2ccccc2C(=O)N1c1ccc2ccc(Cl)nc2n1,CC(C)CCC(=O)CC1c2ccccc2C(=O)N1c1ccc2ccc(Cl)nc2n1,pagoclone,1,False,29
1431,CC(C)n1c(=O)c2c(-c3noc(C4CC4)n3)ncn2c2ccccc21,CC(C)n1c(=O)c2c(-c3noc(C4CC4)n3)ncn2c2ccccc21,panadiplon,1,False,25
1432,COc1ccc(N2C[C@H](CN3CCC(O)(c4ccc5c(c4)OCO5)CC3)OC2=O)cc1,COc1ccc(N2C[C@H](CN3CCC(O)(c4ccc5c(c4)OCO5)CC3)OC2=O)cc1,panamesine,1,False,31
1433,Nc1cc(OCC2CC2)c(C(=O)NC2CN3CCC2CC3)cc1Cl,Nc1cc(OCC2CC2)c(C(=O)NC2CN3CCC2CC3)cc1Cl,pancopride,1,False,24
1434,O=C(NC(=O)c1ccccc1)NC1CCN(Cc2ccc3ccccc3c2)CC1,O=C(NC(=O)c1ccccc1)NC1CCN(Cc2ccc3ccccc3c2)CC1,panuramine,1,False,29
1435,CC1OC(C)OC(C)O1,CC1OC(C)OC(C)O1,paraldehyde,1,False,9
1436,CC(=O)OCC(=O)[C@@]1(O)[C@H](C)C[C@H]2[C@@H]3C[C@H](F)C4=CC(=O)C=C[C@]4(C)[C@H]3[C@@H](O)C[C@@]21C,CC(=O)OCC(=O)[C@@]1(O)[C@H](C)C[C@H]2[C@@H]3C[C@H](F)C4=CC(=O)C=C[C@]4(C)[C@H]3[C@@H](O)C[C@@]21C,paramethasone-acetate,1,False,31
1437,C#CCN(C)Cc1ccccc1,C#CCN(C)Cc1ccccc1,pargyline,1,False,12
1438,Fc1ccc([C@@H]2CCNC[C@H]2COc2ccc3c(c2)OCO3)cc1,Fc1ccc([C@@H]2CCNC[C@H]2COc2ccc3c(c2)OCO3)cc1,paroxetine,1,False,24
1439,O=C(CC1c2ccccc2C(=O)N1c1ccc2ccc(Cl)nc2n1)N1CCC2(CC1)OCCO2,O=C(CC1c2ccccc2C(=O)N1c1ccc2ccc(Cl)nc2n1)N1CCC2(CC1)OCCO2,pazinaclone,1,False,34
1440,OC1(c2ccc(Cl)c(C(F)(F)F)c2)CCN(CCCC(c2ccc(F)cc2)c2ccc(F)cc2)CC1,OC1(c2ccc(Cl)c(C(F)(F)F)c2)CCN(CCCC(c2ccc(F)cc2)c2ccc(F)cc2)CC1,penfluridol,1,False,36
1441,CC(OC(N)=O)C(C)C(C)OC(N)=O,CC(OC(N)=O)C(C)C(C)OC(N)=O,pentabamate,1,False,14
1442,CCCCCN[C@@]12C=CC(=O)[C@@H]3Oc4c(O)ccc5c4[C@@]31CCN(C)[C@@H]2C5,CCCCCN[C@@]12C=CC(=O)[C@@H]3Oc4c(O)ccc5c4[C@@]31CCN(C)[C@@H]2C5,pentamorphone,1,False,27
1443,OCC1(CO)COC(C(Cl)(Cl)Cl)OC1,OCC1(CO)COC(C(Cl)(Cl)Cl)OC1,penthrichloral,1,False,14
1444,CN1CCN(C2=Nc3ccccc3Sc3nccn32)CC1,CN1CCN(C2=Nc3ccccc3Sc3nccn32)CC1,pentiapine,1,False,21
1445,c1ccc(-c2nc(N3CCNCC3)cc3ccccc23)cc1,c1ccc(-c2nc(N3CCNCC3)cc3ccccc23)cc1,perafensine,1,False,22
1446,O=C1[C@H]2CCCC[C@H]2C(=O)N1CCCCN1CCN(c2nsc3ccccc23)CC1,O=C1[C@H]2CCCC[C@H]2C(=O)N1CCCCN1CCN(c2nsc3ccccc23)CC1,perospirone,1,False,30
1447,OCCN1CCN(CCCN2c3ccccc3Sc3ccc(Cl)cc32)CC1,OCCN1CCN(CCCN2c3ccccc3Sc3ccc(Cl)cc32)CC1,perphenazine-HCl,1,False,27
1448,OC(OCC(COC(O)C(Cl)(Cl)Cl)(COC(O)C(Cl)(Cl)Cl)COC(O)C(Cl)(Cl)Cl)C(Cl)(Cl)Cl,OC(OCC(COC(O)C(Cl)(Cl)Cl)(COC(O)C(Cl)(Cl)Cl)COC(O)C(Cl)(Cl)Cl)C(Cl)(Cl)Cl,petrichloral,1,False,33
1449,NC(=O)NC(=O)Cc1ccccc1,NC(=O)NC(=O)Cc1ccccc1,phenacemide,1,False,13
1450,CC1C2Cc3ccc(O)cc3C1(C)CCN2CCc1ccccc1,CC1C2Cc3ccc(O)cc3C1(C)CCN2CCc1ccccc1,phenazocine,1,False,24
1451,CCC(C(=O)NC(N)=O)c1ccccc1,CCC(C(=O)NC(N)=O)c1ccccc1,pheneturide,1,False,15
1452,CC1NCCOC1c1ccccc1,CC1NCCOC1c1ccccc1,phenmetrazine,1,False,13
1453,CC(COc1ccccc1)NN,CC(COc1ccccc1)NN,phenoxypropazine(fenoxypropazine),1,False,12
1454,CN1C(=O)CC(c2ccccc2)C1=O,CN1C(=O)CC(c2ccccc2)C1=O,phensuximide,1,False,14
1455,O=C([O-])c1ccccc1Oc1ccccc1,O=C([O-])c1ccccc1Oc1ccccc1,phenyl-salicylate,1,False,16
1456,O=C1NC(=O)C(c2ccccc2)(c2ccccc2)N1,O=C1NC(=O)C(c2ccccc2)(c2ccccc2)N1,diphenhylhydantoin,1,False,19
1457,CCC1(CC)C(=O)NC(=O)N(c2ccccc2)C1=O,CCC1(CC)C(=O)NC(=O)N(c2ccccc2)C1=O,phetharbital,1,False,19
1458,O=C(c1ccccn1)N1CCN(Cc2ccccc2)CC1,O=C(c1ccccn1)N1CCN(Cc2ccccc2)CC1,piberaline,1,False,21
1459,CCC[C@]1(c2cccc(O)c2)CCN(C)C[C@@H]1C,CCC[C@]1(c2cccc(O)c2)CCN(C)C[C@@H]1C,picenadol,1,False,18
1460,CC(=O)Nc1ccc(OC(=O)[C@@H]2CCC(=O)N2)cc1,CC(=O)Nc1ccc(OC(=O)[C@@H]2CCC(=O)N2)cc1,pidolacetamol,1,False,19
1461,c1ccc(-c2cc(CCC3CCNCC3)c3ccccc3n2)cc1,c1ccc(-c2cc(CCC3CCNCC3)c3ccccc3n2)cc1,pipequaline,1,False,24
1462,CC(=O)c1ccc2c(c1)N(CCCN1CCC(CCO)CC1)c1ccccc1S2,CC(=O)c1ccc2c(c1)N(CCCN1CCC(CCO)CC1)c1ccccc1S2,piperacetazine,1,False,29
1463,O=C(OCCN1CCCCC1)C(O)(c1ccccc1)c1ccccc1,O=C(OCCN1CCCCC1)C(O)(c1ccccc1)c1ccccc1,piperilate(pipethanate),1,False,25
1464,CN1CCN(c2cc3c(nn2)Oc2ccccc2N3C)CC1,CN1CCN(c2cc3c(nn2)Oc2ccccc2N3C)CC1,pipofezine,1,False,22
1465,CCCCCCCCCCCCCCCC(=O)OCCC1CCN(CCCN2c3ccccc3Sc3ccc(S(=O)(=O)N(C)C)cc32)CC1,CCCCCCCCCCCCCCCC(=O)OCCC1CCN(CCCN2c3ccccc3Sc3ccc(S(=O)(=O)N(C)C)cc32)CC1,pipotiazine-palmitate,1,False,49
1466,CCc1c(C)[nH]c2c1C(=O)[C@@H]1CN(C)CC[C@H]1C2,CCc1c(C)[nH]c2c1C(=O)[C@@H]1CN(C)CC[C@H]1C2,piquindone,1,False,18
1467,NC(=O)CN1CCCC1=O,NC(=O)CN1CCCC1=O,piracetam,1,False,10
1468,CN(C)CCC1(C)OCCC2=C1c1ccccc1C2,CN(C)CCC1(C)OCCC2=C1c1ccccc1C2,pirandamine,1,False,19
1469,Cc1ccccc1-n1c(/C=C/c2ccccn2)nc2ccccc2c1=O,Cc1ccccc1-n1c(/C=C/c2ccccn2)nc2ccccc2c1=O,piriqualone,1,False,26
1470,N#CC(CCN1CCC(C(N)=O)(N2CCCCC2)CC1)(c1ccccc1)c1ccccc1,N#CC(CCN1CCC(C(N)=O)(N2CCCCC2)CC1)(c1ccccc1)c1ccccc1,piritramide,1,False,32
1471,Cc1ccc2c(c1)c1c3n2CCNC3CCC1.[Cl-].[H+],Cc1ccc2c(c1)c1c3n2CCNC3CCC1.[Cl-].[H+],pirlindole,1,False,19
1472,CC(C)(C)C(=O)NCCCC(=O)O,CC(C)(C)C(=O)NCCCC(=O)O,pivagabine,1,False,13
1473,CC(C)(C)C(=O)OC1N=C(c2ccccc2)c2cc(Cl)ccc2NC1=O,CC(C)(C)C(=O)OC1N=C(c2ccccc2)c2cc(Cl)ccc2NC1=O,pivoxazepam,1,False,26
1474,CC(C)N(CCNC(=O)CN1CCCC1=O)C(C)C,CC(C)N(CCNC(=O)CN1CCCC1=O)C(C)C,pramiracetam,1,False,19
1475,O=C1NC(=O)C(CC2CCCCN2)(c2ccccc2)C(=O)N1,O=C1NC(=O)C(CC2CCCCN2)(c2ccccc2)C(=O)N1,prazitone,1,False,22
1476,CCOC(=O)O[C@]1(C(=O)COC(=O)CC)CC[C@H]2[C@@H]3CCC4=CC(=O)C=C[C@]4(C)[C@H]3[C@@H](O)C[C@@]21C,CCOC(=O)O[C@]1(C(=O)COC(=O)CC)CC[C@H]2[C@@H]3CCC4=CC(=O)C=C[C@]4(C)[C@H]3[C@@H](O)C[C@@]21C,prednicarbate,1,False,35
1477,CCN(CC)CC(=O)OCC(=O)C1(O)CCC2C3CCC4=CC(=O)C=CC4(C)C3C(O)CC21C,CCN(CC)CC(=O)OCC(=O)C1(O)CCC2C3CCC4=CC(=O)C=CC4(C)C3C(O)CC21C,prednisolamate,1,False,34
1478,CCCCCCCCCCCCCCCCCC(=O)OCC(=O)OCC(=O)[C@@]1(O)CC[C@H]2[C@@H]3CCC4=CC(=O)C=C[C@]4(C)[C@H]3[C@@H](O)C[C@@]21C,CCCCCCCCCCCCCCCCCC(=O)OCC(=O)OCC(=O)[C@@]1(O)CC[C@H]2[C@@H]3CCC4=CC(=O)C=C[C@]4(C)[C@H]3[C@@H](O)C[C@@]21C,prednisolone-steaglate,1,False,49
1479,CC(C)(C)CC(=O)OCC(=O)[C@@]1(O)CC[C@H]2[C@@H]3CCC4=CC(=O)C=C[C@]4(C)[C@H]3[C@@H](O)C[C@@]21C,CC(C)(C)CC(=O)OCC(=O)[C@@]1(O)CC[C@H]2[C@@H]3CCC4=CC(=O)C=C[C@]4(C)[C@H]3[C@@H](O)C[C@@]21C,prednisolone-tebutate,1,False,33
1480,C=C1CC2C3CCC4=CC(=O)C=CC4(C)C3C(O)CC2(C)C1(O)C(=O)CO,C=C1CC2C3CCC4=CC(=O)C=CC4(C)C3C(O)CC2(C)C1(O)C(=O)CO,prednylidene,1,False,27
1481,CC(C)C[C@H](CN)CC(=O)O,CC(C)C[C@H](CN)CC(=O)O,pregabalin,1,False,11
1482,CC(=O)C1CCC2C3CC=C4CC(OC(=O)CCC(=O)O)CCC4(C)C3CCC12C,CC(=O)C1CCC2C3CC=C4CC(OC(=O)CCC(=O)O)CCC4(C)C3CCC12C,pregnenolone-succinate,1,False,30
1483,CCN1CCC(=C(c2ccccc2)c2ccccc2)C1.[Cl-].[H+],CCN1CCC(=C(c2ccccc2)c2ccccc2)C1.[Cl-].[H+],pridefine,1,False,22
1484,CNNCc1ccc(C(=O)NC(C)C)cc1,CNNCc1ccc(C(=O)NC(C)C)cc1,procarbazine,1,False,16
1485,CCC(OC(N)=O)C1CCCCC1,CCC(OC(N)=O)C1CCCCC1,procymate,1,False,13
1486,O=C1CN=C(c2ccccc2F)c2cc(Cl)ccc2N1CC(O)CO,O=C1CN=C(c2ccccc2F)c2cc(Cl)ccc2N1CC(O)CO,proflazepam,1,False,25
1487,NC(=O)CCCN/C(=C1\C=C(F)C=CC1=O)c1ccc(Cl)cc1,NC(=O)CCCN/C(=C1\C=C(F)C=CC1=O)c1ccc(Cl)cc1,progabide,1,False,23
1488,CCCC(Cc1ccccc1)N1CCCC1,CCCC(Cc1ccccc1)N1CCCC1,prolintane,1,False,16
1489,CC(C)C1(C(C)C)OCC(CO)O1,CC(C)C1(C(C)C)OCC(CO)O1,promoxolane,1,False,13
1490,CCN(CC)CC(=O)Oc1ccc(NC(C)=O)cc1,CCN(CC)CC(=O)Oc1ccc(NC(C)=O)cc1,propacetamol,1,False,19
1491,[CH2-][CH-]C,[CH2-][CH-]C,propanidid,1,False,3
1492,CC(CN1C(=O)c2cccnc2Nc2ccccc21)N(C)C,CC(CN1C(=O)c2cccnc2Nc2ccccc21)N(C)C,propizepine,1,False,22
1493,CC(C)c1cccc(C(C)C)c1O,CC(C)c1cccc(C(C)C)c1O,propofol,1,False,13
1494,CCC(=O)C1(N2CCCCC2)CCN(CCCC(=O)c2ccc(F)cc2)CC1,CCC(=O)C1(N2CCCCC2)CCN(CCCC(=O)c2ccc(F)cc2)CC1,propyperone,1,False,28
1495,CN(C)CCC=C1c2ccccc2Sc2ccccc21,CN(C)CCC=C1c2ccccc2Sc2ccccc21,prothixene,1,False,20
1496,C=CCC1(CC(C)O)C(=O)NC(=O)NC1=O,C=CCC1(CC(C)O)C(=O)NC(=O)NC1=O,proxibarbal,1,False,16
1497,Oc1ccc2c(c1)C13CCN(CC4CC4)C(C2)C1CCOC3,Oc1ccc2c(c1)C13CCN(CC4CC4)C(C2)C1CCOC3,proxorphan,1,False,22
1498,CC(O)Cn1cnc2c1c(=O)n(C)c(=O)n2C,CC(O)Cn1cnc2c1c(=O)n(C)c(=O)n2C,proxyphylline,1,False,17
1499,CN(C)CCc1c[nH]c2cccc(OP(=O)(O)O)c12,CN(C)CCc1c[nH]c2cccc(OP(=O)(O)O)c12,psilocybine,1,False,19
1500,c1ccc2oc(-c3ccncc3)cc2c1,c1ccc2oc(-c3ccncc3)cc2c1,pyridarone,1,False,15
1501,Cc1ncc(CSSCc2cnc(C)c(O)c2CO)c(CO)c1O,Cc1ncc(CSSCc2cnc(C)c(O)c2CO)c(CO)c1O,pyritinol,1,False,24
1502,OCCOCCN1CCN(C2=Nc3ccccc3Sc3ccccc32)CC1,OCCOCCN1CCN(C2=Nc3ccccc3Sc3ccccc32)CC1,quetiapine,1,False,27
1503,CN1CC[C@@]2(C)c3cc(OC(=O)N4CCc5ccccc5C4)ccc3N(C)[C@@H]12,CN1CC[C@@]2(C)c3cc(OC(=O)N4CCc5ccccc5C4)ccc3N(C)[C@@H]12,quilostigmine,1,False,28
1504,CCCN1CC(NS(=O)(=O)N(CC)CC)CC2Cc3c(O)cccc3CC21,CCCN1CC(NS(=O)(=O)N(CC)CC)CC2Cc3c(O)cccc3CC21,quinagolide,1,False,27
1505,CN(C)CCOC1(Cc2ccccc2)CC2CCC1(C)C2(C)C,CN(C)CCOC1(Cc2ccccc2)CC2CCC1(C)C2(C)C,ramciclane,1,False,23
1506,C#CCN[C@@H]1CCc2ccccc21,C#CCN[C@@H]1CCc2ccccc21,rasagiline,1,False,13
1507,O=C1COC(N2CCN=C(c3ccccc3Cl)c3cc(Cl)ccc32)=N1,O=C1COC(N2CCN=C(c3ccccc3Cl)c3cc(Cl)ccc32)=N1,reclazepam,1,False,25
1508,CC(Cc1ccccc1)(NC(=O)CN)c1ccccc1,CC(Cc1ccccc1)(NC(=O)CN)c1ccccc1,remacemide,1,False,20
1509,CCC(=O)N(c1ccccc1)C1(C(=O)OC)CCN(CCC(=O)OC)CC1,CCC(=O)N(c1ccccc1)C1(C(=O)OC)CCN(CCC(=O)OC)CC1,remifentanil,1,False,27
1510,CCC(=O)C1(O)CCC2C3CCC4=CC(=O)CCC4(C)C3C(O)CC21C,CCC(=O)C1(O)CCC2C3CCC4=CC(=O)CCC4(C)C3C(O)CC21C,resocortol,1,False,26
1511,CCOC(=O)Nc1ccc(NCc2ccc(F)cc2)cc1N,CCOC(=O)Nc1ccc(NCc2ccc(F)cc2)cc1N,retigabine,1,False,22
1512,CN1[C@@H]2CC[C@H]1CC(NC(=O)N1CC(C)(C)c3ccccc31)C2,CN1[C@@H]2CC[C@H]1CC(NC(=O)N1CC(C)(C)c3ccccc31)C2,ricasetron,1,False,23
1513,CN(C)C(=O)c1nc(CNC(=O)CN)n(-c2ccc(Cl)cc2C(=O)c2ccccc2Cl)n1,CN(C)C(=O)c1nc(CNC(=O)CN)n(-c2ccc(Cl)cc2C(=O)c2ccccc2Cl)n1,rilmazafone,1,False,32
1514,CC1CN(CCCn2c3ccccc3c3ccccc32)CC(C)N1,CC1CN(CCCn2c3ccccc3c3ccccc32)CC(C)N1,rimcazole,1,False,24
1515,CCC(=O)[C@@]1(C)[C@H](C)C[C@H]2[C@@H]3CCC4=CC(=O)C=C[C@]4(C)[C@H]3[C@@H](O)C[C@@]21C,CCC(=O)[C@@]1(C)[C@H](C)C[C@H]2[C@@H]3CCC4=CC(=O)C=C[C@]4(C)[C@H]3[C@@H](O)C[C@@]21C,rimexolone,1,False,27
1516,CCn1nc(C)c2c1C(c1ccccc1)=NCC(=O)N2,CCn1nc(C)c2c1C(c1ccccc1)=NCC(=O)N2,ripazepam,1,False,20
1517,CCN(C)C(=O)Oc1cccc([C@H](C)N(C)C)c1,CCN(C)C(=O)Oc1cccc([C@H](C)N(C)C)c1,rivastigmine,1,False,18
1518,NC(=O)c1ccc(F)c2c1C[C@@H](N(C1CCC1)C1CCC1)CO2,NC(=O)c1ccc(F)c2c1C[C@@H](N(C1CCC1)C1CCC1)CO2,robalzotan,1,False,23
1519,CC(C)OCC(COC(C)C)OCn1cnc2cnc(N)nc21,CC(C)OCC(COC(C)C)OCn1cnc2cnc(N)nc21,rociclovir,1,False,23
1520,O=C1CCN=C2CC(c3ccccc3)CN12,O=C1CCN=C2CC(c3ccccc3)CN12,rofelodine,1,False,16
1521,CCC[C@@H]1O[C@@H]2C[C@H]3[C@@H]4C[C@H](F)C5=CC(=O)CC[C@]5(C)[C@@]4(F)[C@@H](O)C[C@]3(C)[C@]2(C(=O)CO)O1,CCC[C@@H]1O[C@@H]2C[C@H]3[C@@H]4C[C@H](F)C5=CC(=O)CC[C@]5(C)[C@@]4(F)[C@@H](O)C[C@]3(C)[C@]2(C(=O)CO)O1,rofleponide,1,False,33
1522,O=C1CCC(C(=O)NC2CC2c2ccccc2)N1,O=C1CCC(C(=O)NC2CC2c2ccccc2)N1,rolicyprine,1,False,18
1523,COc1ccc(C2CNC(=O)C2)cc1OC1CCCC1,COc1ccc(C2CNC(=O)C2)cc1OC1CCCC1,rolipram,1,False,20
1524,CN1C[C@H](CN2CC(=O)NC(=O)C2)C=C2c3cccc4[nH]cc(c34)C[C@H]21,CN1C[C@H](CN2CC(=O)NC(=O)C2)C=C2c3cccc4[nH]cc(c34)C[C@H]21,romergoline,1,False,26
1525,Fc1cccc(Br)c1NC1=NCCN1,Fc1cccc(Br)c1NC1=NCCN1,romifidine,1,False,14
1526,CCCN(CCC)CCc1cccc2c1CC(=O)N2,CCCN(CCC)CCc1cccc2c1CC(=O)N2,SKF101468,1,False,19
1527,CN1C(=O)CC2(CCN(CCCC(=O)c3ccc(F)cc3)CC2)C1=O,CN1C(=O)CC2(CCN(CCCC(=O)c3ccc(F)cc3)CC2)C1=O,roxoperone,1,False,25
1528,CON=C(C#N)C1CN2CCC1CC2,CON=C(C#N)C1CN2CCC1CC2,sabcomeline,1,False,14
1529,OCc1ccccc1O[C@@H]1O[C@H](CO)[C@@H](O)[C@H](O)[C@H]1O,OCc1ccccc1O[C@@H]1O[C@H](CO)[C@@H](O)[C@H](O)[C@H]1O,salicin,1,False,20
1530,NC(=O)c1ccccc1O,NC(=O)c1ccccc1O,salicylamide,1,False,10
1531,O=C(Oc1ccccc1C(=O)O)c1ccccc1O,O=C(Oc1ccccc1C(=O)O)c1ccccc1O,salsalate(salsalic-acid),1,False,19
1532,CCCCCCN1CCC(C(=O)N(C)CC)(c2ccccc2)CC1,CCCCCCN1CCC(C(=O)N(C)CC)(c2ccccc2)CC1,sameridine,1,False,24
1533,CCCC(=O)N(C)Cc1c(-c2ccc(Cl)cc2)nc2ccccn12,CCCC(=O)N(C)Cc1c(-c2ccc(Cl)cc2)nc2ccccn12,saripidem,1,False,24
1534,N#Cc1ccc2c(c1)C1=C(CCN(CC3CCCC3)CC1)c1ccccc1O2,N#Cc1ccc2c(c1)C1=C(CCN(CC3CCCC3)CC1)c1ccccc1O2,savoxepin,1,False,28
1535,C#CCN(C)[C@H](C)Cc1ccccc1,C#CCN(C)[C@H](C)Cc1ccccc1,selegiline,1,False,14
1536,COCCN1CC[C@]23c4c5ccc(O)c4O[C@H]2C(=O)CC[C@@]3(O)[C@H]1C5,COCCN1CC[C@]23c4c5ccc(O)c4O[C@H]2C(=O)CC[C@@]3(O)[C@H]1C5,semorphone,1,False,25
1537,O=C1NCCN1CCN1CCC(c2cn(-c3ccc(F)cc3)c3ccc(Cl)cc23)CC1,O=C1NCCN1CCN1CCC(c2cn(-c3ccc(F)cc3)c3ccc(Cl)cc23)CC1,sertindole,1,False,31
1538,CN1CCC2=C(C1)c1ccccc1Cc1ccccc12,CN1CCC2=C(C1)c1ccccc1Cc1ccccc12,setiptiline,1,False,20
1539,O.c1cncc(CC2(Cc3ccncc3)c3cccnc3-c3ncccc32)c1,O.c1cncc(CC2(Cc3ccncc3)c3cccnc3-c3ncccc32)c1,sibopirdine,1,False,28
1540,CC(C)CC(N(C)C)C1(c2ccc(Cl)cc2)CCC1,CC(C)CC(N(C)C)C1(c2ccc(Cl)cc2)CCC1,sibutramine,1,False,19
1541,CN1CCN(c2ccccc2Cc2ccccc2)CC1,CN1CCN(c2ccccc2Cc2ccccc2)CC1,sifaprazine,1,False,20
1542,CCC(C)(C)C(=O)O[C@H]1C[C@@H](C)C=C2C=C[C@H](C)[C@H](CC[C@@H]3C[C@@H](O)CC(=O)O3)[C@H]21,CCC(C)(C)C(=O)O[C@H]1C[C@@H](C)C=C2C=C[C@H](C)[C@H](CC[C@@H]3C[C@@H](O)CC(=O)O3)[C@H]21,simvastatin,1,False,30
1543,Cc1cc(NC(=O)c2c(C)cccc2C)no1,Cc1cc(NC(=O)c2c(C)cccc2C)no1,soretolide,1,False,17
1544,O=C(CCCN1CCC2(CC1)C(=O)NCN2c1ccccc1)c1ccc(F)cc1,O=C(CCCN1CCC2(CC1)C(=O)NCN2c1ccccc1)c1ccc(F)cc1,spiperone,1,False,29
1545,CN(C(=O)Cc1ccc(Cl)c(Cl)c1)[C@H]1CC[C@@]2(CCCO2)C[C@@H]1N1CCCC1,CN(C(=O)Cc1ccc(Cl)c(Cl)c1)[C@H]1CC[C@@]2(CCCO2)C[C@@H]1N1CCCC1,spiradoline,1,False,28
1546,O=C1NCN(c2ccccc2)C12CCN(CCCOc1ccc(F)cc1)CC2,O=C1NCN(c2ccccc2)C12CCN(CCCOc1ccc(F)cc1)CC2,spiramide,1,False,28
1547,C/C(=C/CCN1CCC2(CC1)C(=O)NCN2c1ccccc1)c1ccc(F)cc1,C/C(=C/CCN1CCC2(CC1)C(=O)NCN2c1ccccc1)c1ccc(F)cc1,spirilene,1,False,29
1548,CN(C)CC1COC2(O1)c1ccccc1COc1ccccc12,CN(C)CC1COC2(O1)c1ccccc1COc1ccccc12,spiroxepin,1,False,23
1549,CCN(CC)C(=O)N1CCN(CCCc2nc3c(c(=O)n(C)c(=O)n3C)n2C)CC1,CCN(CC)C(=O)N1CCN(CCCc2nc3c(c(=O)n(C)c(=O)n3C)n2C)CC1,stacofylline,1,False,30
1550,CC(C)(C)C(O)/C=C/c1ccc2c(c1)OCO2,CC(C)(C)C(O)/C=C/c1ccc2c(c1)OCO2,stiripentol,1,False,17
1551,NS(=O)(=O)c1ccc(N2C(=O)CC(c3ccccc3)C2=O)c(Cl)c1,NS(=O)(=O)c1ccc(N2C(=O)CC(c3ccccc3)C2=O)c(Cl)c1,suclofenide,1,False,24
1552,Cc1cc(NS(=O)(=O)c2ccc(N)cc2)no1,Cc1cc(NS(=O)(=O)c2ccc(N)cc2)no1,Sulfamethoxazole,1,False,17
1553,CCS(=O)(=O)C(C)(C)S(=O)(=O)CC,CCS(=O)(=O)C(C)(C)S(=O)(=O)CC,sulfonmethane,1,False,13
1554,COc1ccc(S(N)(=O)=O)cc1C(=O)NCC1CCCN1C,COc1ccc(S(N)(=O)=O)cc1C(=O)NCC1CCCN1C,sulmepride,1,False,22
1555,NS(=O)(=O)c1ccc(N2CCCCS2(=O)=O)cc1,NS(=O)(=O)c1ccc(N2CCCCS2(=O)=O)cc1,sulthiame(sultiame),1,False,18
1556,CCN1CCCC1CNC(=O)c1cc(S(=O)(=O)CC)ccc1OC,CCN1CCCC1CNC(=O)c1cc(S(=O)(=O)CC)ccc1OC,sultopride,1,False,24
1557,CSCC[C@H](NC(C)=O)C(=O)Oc1ccc(NC(C)=O)cc1,CSCC[C@H](NC(C)=O)C(=O)Oc1ccc(NC(C)=O)cc1,sumacetamol,1,False,22
1558,O=C1CCC(=O)N1CC1CCC2CN(c3ncccn3)CCN2C1,O=C1CCC(=O)N1CC1CCC2CN(c3ncccn3)CCN2C1,sunepitron,1,False,24
1559,CCC(=O)N1CCN(C(=O)OC2C3=C(SCCS3)C(=O)N2c2ccc3ccc(Cl)nc3n2)CC1,CCC(=O)N1CCN(C(=O)OC2C3=C(SCCS3)C(=O)N2c2ccc3ccc(Cl)nc3n2)CC1,suproclone,1,False,34
1560,CN1CCN(C(=O)OC2C3=C(SCCS3)C(=O)N2c2ccc3ccc(Cl)nc3n2)CC1,CN1CCN(C(=O)OC2C3=C(SCCS3)C(=O)N2c2ccc3ccc(Cl)nc3n2)CC1,suriclone,1,False,31
1561,Cn1nc(-c2cccc(F)c2)n(C)c1=S,Cn1nc(-c2cccc(F)c2)n(C)c1=S,suritozole,1,False,15
1562,O=C1CCC(N2C(=O)C3C4CCC(C4)C3C2=O)C(=O)N1,O=C1CCC(N2C(=O)C3C4CCC(C4)C3C2=O)C(=O)N1,taglutimide(biglumide),1,False,20
1563,CNCCCC1(c2ccccc2)OC(C)(C)c2ccccc21,CNCCCC1(c2ccccc2)OC(C)(C)c2ccccc21,talopram,1,False,22
1564,CNCCCC1(c2ccccc2)SC(C)(C)c2ccccc21,CNCCCC1(c2ccccc2)SC(C)(C)c2ccccc21,talsupram,1,False,22
1565,CC(C)NS(=O)(=O)CCN1C(=O)c2ccccc2C1=O,CC(C)NS(=O)(=O)CCN1C(=O)c2ccccc2C1=O,taltrimide,1,False,20
1566,Cn1c(=O)c2c(ncn2CCN2CCC(c3c[nH]c4ccccc34)CC2)n(C)c1=O,Cn1c(=O)c2c(ncn2CCN2CCC(c3c[nH]c4ccccc34)CC2)n(C)c1=O,tameridone,1,False,30
1567,CNC1CCC(c2ccccc2)c2ccccc21,CNC1CCC(c2ccccc2)c2ccccc21,tametraline,1,False,18
1568,CCNCc1c(CSC)cnc(C)c1O,CCNCc1c(CSC)cnc(C)c1O,tamitinol,1,False,15
1569,COc1ccc(C(O)CN2CCN(C(c3ccccc3)c3ccccc3)CC2)cc1OC,COc1ccc(C(O)CN2CCN(C(c3ccccc3)c3ccccc3)CC2)cc1OC,tamolarizine,1,False,32
1570,CN(C)CCCN1c2ccccc2C(c2ccccc2)=Nc2cccnc21,CN(C)CCCN1c2ccccc2C(c2ccccc2)=Nc2cccnc21,tampramine,1,False,27
1571,CCn1c2c(c3ccccc31)CCSC2(C)CCN(C)C,CCn1c2c(c3ccccc31)CCSC2(C)CCN(C)C,tandamine,1,False,21
1572,O=C(O)CC(O)(CC(=O)O)C(=O)O.O=C1[C@@H]2[C@H]3CC[C@H](C3)[C@@H]2C(=O)N1CCCCN1CCN(c2ncccn2)CC1,O=C(O)CC(O)(CC(=O)O)C(=O)O.O=C1[C@@H]2[C@H]3CC[C@H](C3)[C@@H]2C(=O)N1CCCCN1CCN(c2ncccn2)CC1,tandospirone,1,False,41
1573,COc1nc2nc(-c3noc(C)n3)cn2c2c1CCCC2,COc1nc2nc(-c3noc(C)n3)cn2c2c1CCCC2,taniplon,1,False,21
1574,Cc1nc(C)c2c(n1)N(Cc1ccc(-c3ccccc3-c3nn[nH]n3)cc1)C(=O)CC2,Cc1nc(C)c2c(n1)N(Cc1ccc(-c3ccccc3-c3nn[nH]n3)cc1)C(=O)CC2,tasosartan,1,False,31
1575,CCCCCCSc1nsnc1C1=CCCN(C)C1,CCCCCCSc1nsnc1C1=CCCN(C)C1,tazomeline,1,False,19
1576,OCCN1CCN([C@@H]2C[C@@H](c3ccc(F)cc3)c3ccc(C(F)(F)F)cc32)CC1,OCCN1CCN([C@@H]2C[C@@H](c3ccc(F)cc3)c3ccc(C(F)(F)F)cc32)CC1,tefludazine,1,False,29
1577,OCCN1CCN(CCCC2c3ccc(F)cc3Sc3ccc(C(F)(F)F)cc32)CC1,OCCN1CCN(CCCC2c3ccc(F)cc3Sc3ccc(C(F)(F)F)cc32)CC1,teflutixol,1,False,31
1578,O=C1NCCNC1c1cccs1,O=C1NCCNC1c1cccs1,tenilsetam,1,False,12
1579,CCCN1CC=C(c2c[nH]c3ccc(Cl)cc23)CC1,CCCN1CC=C(c2c[nH]c3ccc(Cl)cc23)CC1,tepirindole,1,False,19
1580,CCN(CC)C(=O)N[C@H]1C[C@@H]2c3cccc4[nH]cc(c34)C[C@H]2N(C)C1,CCN(CC)C(=O)N[C@H]1C[C@@H]2c3cccc4[nH]cc(c34)C[C@H]2N(C)C1,terguride,1,False,25
1581,CCCC(CC)C1(CC)C(=O)NC(=O)NC1=O,CCCC(CC)C1(CC)C(=O)NC(=O)NC1=O,tetrabarbital,1,False,17
1582,COc1cc2c(cc1OC)C1CC(=O)C(CC(C)C)CN1CC2,COc1cc2c(cc1OC)C1CC(=O)C(CC(C)C)CN1CC2,tetrabenzine,1,False,23
1583,O=C1NC(=O)C2(CCc3ccccc3C2)N1,O=C1NC(=O)C2(CCc3ccccc3C2)N1,tetrantoin,1,False,16
1584,O=C1CCC(N2C(=O)c3ccccc3C2=O)C(=O)N1,O=C1CCC(N2C(=O)c3ccccc3C2=O)C(=O)N1,thalidomide,1,False,19
1585,COc1ccc2c3c1OC1C(OC(C)=O)=CCC4C(C2)N(C)CCC314,COc1ccc2c3c1OC1C(OC(C)=O)=CCC4C(C2)N(C)CCC314,thebacon,1,False,25
1586,C=CCC1(C2C=CCCC2)C(=O)NC(=S)NC1=O,C=CCC1(C2C=CCCC2)C(=O)NC(=S)NC1=O,thialbarbital,1,False,18
1587,C=CCC1(C(C)CCC)C(=O)NC(=S)NC1=O,C=CCC1(C(C)CCC)C(=O)NC(=S)NC1=O,thiamylal,1,False,17
1588,CN(C)CCN1C(=O)CC(c2ccccc2)Sc2ccccc21,CN(C)CCN1C(=O)CC(c2ccccc2)Sc2ccccc21,thiazesim(tiazesim),1,False,23
1589,CC(=O)OCCN1CCN(CCCN2c3ccccc3Sc3ccc(Cl)cc32)CC1,CC(=O)OCCN1CCN(CCCN2c3ccccc3Sc3ccc(Cl)cc32)CC1,thiopropazate,1,False,30
1590,CN1CCN(CCCN2c3ccccc3Sc3ccc(S(=O)(=O)N(C)C)cc32)CC1,CN1CCN(CCCN2c3ccccc3Sc3ccc(S(=O)(=O)N(C)C)cc32)CC1,thioproperazine,1,False,30
1591,CN(C)C1=NC(=O)C(c2ccccc2)O1,CN(C)C1=NC(=O)C(c2ccccc2)O1,thozalinone(tozalinone),1,False,15
1592,Cc1ccsc1C(=CCCN1CCC[C@@H](C(=O)O)C1)c1sccc1C,Cc1ccsc1C(=CCCN1CCC[C@@H](C(=O)O)C1)c1sccc1C,tiagabine,1,False,25
1593,CN1c2ccccc2C(NCCCCCCC(=O)O)c2ccc(Cl)cc2S1(=O)=O,CN1c2ccccc2C(NCCCCCCC(=O)O)c2ccc(Cl)cc2S1(=O)=O,tianeptine,1,False,29
1594,Cc1csc2ccc3[nH]c4c(c3c12)CN(C)CC4,Cc1csc2ccc3[nH]c4c(c3c12)CN(C)CC4,tienocarbine,1,False,18
1595,S=C1NCCC(COc2ccccc2)O1,S=C1NCCC(COc2ccccc2)O1,tifemoxone,1,False,15
1596,CCOC(=O)C1(c2ccccc2)CCC=CC1N(C)C.[Cl-].[H+],CCOC(=O)C1(c2ccccc2)CCC=CC1N(C)C.[Cl-].[H+],tilidine,1,False,22
1597,CN1CCN2c3cc(F)ccc3C(c3cccs3)=NCC2C1,CN1CCN2c3cc(F)ccc3C(c3cccs3)=NCC2C1,timelotem,1,False,22
1598,O=C(CCCN1CCC(n2c(=S)[nH]c3ccccc32)CC1)c1ccc(F)cc1,O=C(CCCN1CCC(n2c(=S)[nH]c3ccccc32)CC1)c1ccc(F)cc1,timiperone,1,False,28
1599,N=C1SCCN1c1ccc(Cl)cc1N,N=C1SCCN1c1ccc(Cl)cc1N,timirdine,1,False,14
1600,CSC(=O)C1(OC(C)=O)[C@@H](C)C[C@H]2[C@@H]3CCC4=CC(=O)C=C[C@]4(C)C3(F)[C@@H](O)C[C@@]21C,CSC(=O)C1(OC(C)=O)[C@@H](C)C[C@H]2[C@@H]3CCC4=CC(=O)C=C[C@]4(C)C3(F)[C@@H](O)C[C@@]21C,timobesone-acetate,1,False,31
1601,CCS(=O)(=O)CCn1c([N+](=O)[O-])cnc1C,CCS(=O)(=O)CCn1c([N+](=O)[O-])cnc1C,tinidazole,1,False,16
1602,CN1CC(CSc2ccccn2)C=C2c3cccc4[nH]cc(c34)CC21,CN1CC(CSc2ccccn2)C=C2c3cccc4[nH]cc(c34)CC21,tiomergine,1,False,25
1603,CCCSc1ccccc1N1CCN(CCCCn2c(=O)[nH]c3ccccc3c2=O)CC1,CCCSc1ccccc1N1CCN(CCCCn2c(=O)[nH]c3ccccc3c2=O)CC1,tioperidone,1,False,32
1604,O=C1CC2(CCCC2)CC(=O)N1CCCCN1CCN(c2nsc3ccccc23)CC1,O=C1CC2(CCCC2)CC(=O)N1CCCCN1CCN(c2nsc3ccccc23)CC1,tiospirone,1,False,31
1605,CCS[C@]1(SC)CC[C@H]2[C@@H]3CCC4=CC(=O)C=C[C@]4(C)[C@@]3(F)[C@@H](O)C[C@@]21C,CCS[C@]1(SC)CC[C@H]2[C@@H]3CCC4=CC(=O)C=C[C@]4(C)[C@@]3(F)[C@@H](O)C[C@@]21C,tipredane,1,False,27
1606,COc1cc2c(cc1OC)S(=O)(=O)OC(C(=O)NC(C)CC(C)(C)N(C)C)C2,COc1cc2c(cc1OC)S(=O)(=O)OC(C(=O)NC(C)CC(C)(C)N(C)C)C2,tisocromide,1,False,28
1607,CC(Cc1ccccc1)NCCC1c2ccccc2Sc2ccccc21,CC(Cc1ccccc1)NCCC1c2ccccc2Sc2ccccc21,tixadil,1,False,26
1608,C[C@]12CCC(=O)C=C1CC[C@@H]1[C@@H]2[C@@H](O)C[C@@]2(C)[C@H]1CC[C@]2(O)C(=O)CS,C[C@]12CCC(=O)C=C1CC[C@@H]1[C@@H]2[C@@H](O)C[C@@]2(C)[C@H]1CC[C@]2(O)C(=O)CS,tixocortol,1,False,26
1609,CC(C)(C)C(=O)SCC(=O)[C@@]1(O)CC[C@H]2[C@@H]3CCC4=CC(=O)CC[C@]4(C)[C@H]3[C@@H](O)C[C@@]21C,CC(C)(C)C(=O)SCC(=O)[C@@]1(O)CC[C@H]2[C@@H]3CCC4=CC(=O)CC[C@]4(C)[C@H]3[C@@H](O)C[C@@]21C,tixocortol-pivalate,1,False,32
1610,CNCCOC(c1ccccc1)c1ccccc1C,CNCCOC(c1ccccc1)c1ccccc1C,tofenacin,1,False,19
1611,CCC1C(C)=NN=C(c2ccc(OC)c(OC)c2)c2cc(OC)c(OC)cc21,CCC1C(C)=NN=C(c2ccc(OC)c(OC)c2)c2cc(OC)c(OC)cc21,tofisopam,1,False,28
1612,Cc1ccccc1OCC(COC(O)C(Cl)(Cl)Cl)OC(O)C(Cl)(Cl)Cl,Cc1ccccc1OCC(COC(O)C(Cl)(Cl)Cl)OC(O)C(Cl)(Cl)Cl,toloxychlorinol,1,False,25
1613,Cc1cccc(N2CCN(CCc3cc(C)[nH]n3)CC2)c1,Cc1cccc(N2CCN(CCc3cc(C)[nH]n3)CC2)c1,tolpiprazole,1,False,21
1614,CCC1(O)CCN2CCc3ccc(C)cc3C2C1,CCC1(O)CCN2CCc3ccc(C)cc3C2C1,tolquinzole,1,False,18
1615,Cc1ccc(S(=O)(=O)CCN2C(=O)CN=C(c3ccccc3Cl)c3cc(Cl)ccc32)cc1,Cc1ccc(S(=O)(=O)CCN2C(=O)CN=C(c3ccccc3Cl)c3cc(Cl)ccc32)cc1,tolufazepam,1,False,32
1616,CCCCCC(=O)CC[C@]1(C)[C@@H]2Cc3ccc(O)cc3[C@@]1(C)CCN2C,CCCCCC(=O)CC[C@]1(C)[C@@H]2Cc3ccc(O)cc3[C@@]1(C)CCN2C,tonazocine,1,False,26
1617,CC1(C)O[C@@H]2[C@@H](CO[C@@]3(COS(N)(=O)=O)OC(C)(C)O[C@@H]23)O1,CC1(C)O[C@@H]2[C@@H](CO[C@@]3(COS(N)(=O)=O)OC(C)(C)O[C@@H]23)O1,topiramate,1,False,22
1618,CCCCNc1c(C(=O)OCC)c(C)nc2c1cnn2CC,CCCCNc1c(C(=O)OCC)c(C)nc2c1cnn2CC,tracazolate,1,False,22
1619,CC1(C)O[C@@H]2CC3C4C[C@H](F)C5=CC(=O)C=CC5(C)[C@@]4(Cl)[C@@H](Cl)CC3(C)[C@]2(C(=O)CF)O1,CC1(C)O[C@@H]2CC3C4C[C@H](F)C5=CC(=O)C=CC5(C)[C@@]4(Cl)[C@@H](Cl)CC3(C)[C@]2(C(=O)CF)O1,tralonide,1,False,32
1620,COc1cccc([C@@]2(O)CCCC[C@@H]2CN(C)C)c1.[Cl-].[H+],COc1cccc([C@@]2(O)CCCC[C@@H]2CN(C)C)c1.[Cl-].[H+],tramadol,1,False,21
1621,CC1Oc2ccccc2CC1N(C)C,CC1Oc2ccccc2CC1N(C)C,trebenzomine,1,False,14
1622,CCC(=O)N(c1ccccc1F)C1(c2ccccc2)CCN(CCn2nnn(CC)c2=O)CC1.[Cl-].[H+],CCC(=O)N(c1ccccc1F)C1(c2ccccc2)CCN(CCn2nnn(CC)c2=O)CC1.[Cl-].[H+],trefentanil,1,False,36
1623,CC(CNC(=O)c1ccccc1)C(=O)OCC(=O)[C@@]12OC(C)(C)O[C@@H]1C[C@H]1[C@@H]3CCC4=CC(=O)C=C[C@]4(C)[C@@]3(F)[C@@H](O)C[C@@]12C,CC(CNC(=O)c1ccccc1)C(=O)OCC(=O)[C@@]12OC(C)(C)O[C@@H]1C[C@H]1[C@@H]3CCC4=CC(=O)C=C[C@]4(C)[C@@]3(F)[C@@H](O)C[C@@]12C,triamcinolone-benetonide,1,False,45
1624,CC1(C)O[C@@H]2C[C@H]3[C@@H]4CCC5=CC(=O)C=C[C@]5(C)[C@@]4(F)[C@@H](O)C[C@]3(C)[C@]2(C(=O)COC(=O)c2cc3ccccc3o2)O1,CC1(C)O[C@@H]2C[C@H]3[C@@H]4CCC5=CC(=O)C=C[C@]5(C)[C@@]4(F)[C@@H](O)C[C@]3(C)[C@]2(C(=O)COC(=O)c2cc3ccccc3o2)O1,triamcinolone-furetonide,1,False,42
1625,OC(Br)(Br)CBr,OC(Br)(Br)CBr,tribromoethanol,1,False,6
1626,CCN(CC)C(=O)CNC(=O)c1cc(OC)c(OC)c(OC)c1,CCN(CC)C(=O)CNC(=O)c1cc(OC)c(OC)c(OC)c1,tricetamide,1,False,23
1627,O=C1N(C(O)C(Cl)(Cl)Cl)CNC1(c1ccccc1)c1ccccc1,O=C1N(C(O)C(Cl)(Cl)Cl)CNC1(c1ccccc1)c1ccccc1,triclodazol,1,False,24
1628,O=P(O)(O)OCC(Cl)(Cl)Cl,O=P(O)(O)OCC(Cl)(Cl)Cl,triclofos,1,False,10
1629,CC1(C)O[C@@H]2C[C@H]3C4C[C@H](F)C5=CC(=O)C=CC5(C)[C@@]4(Cl)[C@@H](Cl)CC3(C)[C@]2(C(=O)CCl)O1,CC1(C)O[C@@H]2C[C@H]3C4C[C@H](F)C5=CC(=O)C=CC5(C)[C@@]4(Cl)[C@@H](Cl)CC3(C)[C@]2(C(=O)CCl)O1,triclonide,1,False,32
1630,COc1cc(NCc2ccc3nc(N)nc(N)c3c2C)cc(OC)c1OC,COc1cc(NCc2ccc3nc(N)nc(N)c3c2C)cc(OC)c1OC,Trimetrexate,-1,True,27
1631,N/C(N=O)=C1\NNc2ccccc2N(Cc2ccccc2)C1=O,N/C(N=O)=C1\NNc2ccccc2N(Cc2ccccc2)C1=O,trizoxime,1,False,23
1632,COc1cc(C(=O)N2CCCCCCC2)cc(OC)c1OC,COc1cc(C(=O)N2CCCCCCC2)cc(OC)c1OC,trocimine,1,False,22
1633,N[C@@H](Cc1c[nH]c2ccccc12)C(=O)O,N[C@@H](Cc1c[nH]c2ccccc12)C(=O)O,tryptophan(l-tryptophan),1,False,15
1634,C=CCONC1=Nc2ccc(Cl)cc2C(c2ccccc2Cl)=NC1,C=CCONC1=Nc2ccc(Cl)cc2C(c2ccccc2Cl)=NC1,uldazepam,1,False,24
1635,CCCCN1C(=O)C2C(=O)N(CCCCN3CCN(c4ccccc4OC)CC3)C(=O)C(C1=O)C2(C)C,CCCCN1C(=O)C2C(=O)N(CCCCN3CCN(c4ccccc4OC)CC3)C(=O)C(C1=O)C2(C)C,umespirone,1,False,37
1636,CCOC(N)=O,CCOC(N)=O,urethane,1,False,6
1637,CC(C)[C@H](N)C(=O)OCCOCn1cnc2c(=O)nc(N)[nH]c21,CC(C)[C@H](N)C(=O)OCCOCn1cnc2c(=O)nc(N)[nH]c21,valaciclovir,1,False,23
1638,CCCC(CCC)(CCC)C(N)=O,CCCC(CCC)(CCC)C(N)=O,valdipromide,1,False,13
1639,CC(C)[C@H](N)C(=O)OCC(CO)OCn1cnc2c(=O)nc(N)[nH]c21,CC(C)[C@H](N)C(=O)OCC(CO)OCn1cnc2c(=O)nc(N)[nH]c21,valganciclovir(RS790702),1,False,25
1640,CCCC(CCC)C(=O)OCOC(=O)C(C)(C)C,CCCC(CCC)C(=O)OCOC(=O)C(C)(C)C,valproatepivoxil,1,False,18
1641,CC(=O)OCC1=CO[C@@H](OC(=O)CC(C)C)[C@H]2C1=C[C@H](OC(=O)CC(C)C)[C@]21CO1,CC(=O)OCC1=CO[C@@H](OC(=O)CC(C)C)[C@H]2C1=C[C@H](OC(=O)CC(C)C)[C@]21CO1,valtrate,1,False,30
1642,Nc1c2c(nc3ccccc13)CCCC2O,Nc1c2c(nc3ccccc13)CCCC2O,velnacrine,1,False,16
1643,COc1ccc(C(CN(C)C)C2(O)CCCCC2)cc1,COc1ccc(C(CN(C)C)C2(O)CCCCC2)cc1,venlafaxine,1,False,20
1644,C=CCN1CCCC1CNC(=O)c1cc(S(N)(=O)=O)cc(OC)c1OC,C=CCN1CCCC1CNC(=O)c1cc(S(N)(=O)=O)cc(OC)c1OC,veralipride,1,False,26
1645,C=CC(N)CCC(=O)O,C=CC(N)CCC(=O)O,vigabatrin,1,False,9
1646,CCOc1ccccc1OCC1CNCCO1,CCOc1ccccc1OCC1CNCCO1,viloxazine,1,False,17
1647,C=COC=C,C=COC=C,Divinylether,1,False,5
1648,Cc1c(C)c2c(c(C)c1O)CC[C@@](C)(CCC[C@H](C)CCC[C@H](C)CCCC(C)C)O2,Cc1c(C)c2c(c(C)c1O)CC[C@@](C)(CCC[C@H](C)CCC[C@H](C)CCCC(C)C)O2,vitamine(alpha-tocopherol),1,False,31
1649,FC(F)(F)c1cccc(C2=CCN(CCc3ccc4ccccc4c3)CC2)c1,FC(F)(F)c1cccc(C2=CCN(CCc3ccc4ccccc4c3)CC2)c1,xaliproden,1,False,28
1650,OCCCN1CCN(CCCC2c3ccccc3Sc3ccc(Cl)cc32)CC1,OCCCN1CCN(CCCC2c3ccccc3Sc3ccc(Cl)cc32)CC1,xanthiol,1,False,28
1651,C=C1C[C@H](C)[C@H]2[C@H]3Cc4ccc(O)cc4[C@@]2(CCN3CC2CCC2)C1,C=C1C[C@H](C)[C@H]2[C@H]3Cc4ccc(O)cc4[C@@]2(CCN3CC2CCC2)C1,xorphanol,1,False,25
1652,Cc1cccc(C)c1NC1=NCCCS1,Cc1cccc(C)c1NC1=NCCCS1,xylazine,1,False,15
1653,CC(C)C(CCCCCC(=O)O)NCc1ccc(F)cc1,CC(C)C(CCCCCC(=O)O)NCc1ccc(F)cc1,zafuleptine,1,False,21
1654,O=C1[C@@H]2[C@@H]3C=C[C@@H]([C@H]4C=C[C@H]43)[C@@H]2C(=O)N1CCCCN1CCN(c2ncccn2)CC1,O=C1[C@@H]2[C@@H]3C=C[C@@H]([C@H]4C=C[C@H]43)[C@@H]2C(=O)N1CCCCN1CCN(c2ncccn2)CC1,zalospirone,1,False,31
1655,CC1(C)CN(CCN2CCN(c3cccc(Cl)c3)C2=O)C1,CC1(C)CN(CCN2CCN(c3cccc(Cl)c3)C2=O)C1,zetidoline,1,False,21
1656,O=C1Cc2cc(CCN3CCN(c4nsc5ccccc45)CC3)c(Cl)cc2N1,O=C1Cc2cc(CCN3CCN(c4nsc5ccccc45)CC3)c(Cl)cc2N1,ziprasidone,1,False,28
1657,Cc1nn(C)c2c1C(c1ccccc1F)=NCC(=O)N2C,Cc1nn(C)c2c1C(c1ccccc1F)=NCC(=O)N2C,zolazepam,1,False,21
1658,COc1ccccc1N1CCN(CCc2oc(=O)[nH]c2-c2ccc(F)cc2)CC1,COc1ccccc1N1CCN(CCc2oc(=O)[nH]c2-c2ccc(F)cc2)CC1,zoloperone,1,False,29
1659,CC(c1noc2ccc(Cl)cc12)n1ccnc1,CC(c1noc2ccc(Cl)cc12)n1ccnc1,zoniclezole,1,False,17
1660,CN1CCN(C(=O)OC2c3nccnc3C(=O)N2c2ccc(Cl)cn2)CC1,CN1CCN(C(=O)OC2c3nccnc3C(=O)N2c2ccc(Cl)cn2)CC1,zopiclone,1,False,27
1661,CN(C)CCOC1=Cc2ccccc2Sc2ccc(Cl)cc21,CN(C)CCOC1=Cc2ccccc2Sc2ccc(Cl)cc21,zotepine,1,False,22
1662,CCN[C@H](Cc1ccccc1)[C@H]1CCCO1,CCN[C@H](Cc1ccccc1)[C@H]1CCCO1,zylofuramine,1,False,16
1663,CC(=O)c1ccc2c(c1)N(CC(C)N(C)C)c1ccccc1S2,CC(=O)c1ccc2c(c1)N(CC(C)N(C)C)c1ccccc1S2,aceprometazine,1,False,23
1664,CN(C)Cc1nnc2n1-c1ccc(Cl)cc1C(c1ccccc1)=NC2,CN(C)Cc1nnc2n1-c1ccc(Cl)cc1C(c1ccccc1)=NC2,adinazolam,1,False,25
1665,C=CCN1C(=O)C(CC(C)C)NC1=S,C=CCN1C(=O)C(CC(C)C)NC1=S,albutoin,1,False,14
1666,C[C@@H]1C[C@H]2[C@H]3[C@H]([C@@H](O)C[C@]2(C)[C@@]1(O)C(=O)CO)[C@@]1(C)C=CC(=O)C=C1C[C@H]3Cl,C[C@@H]1C[C@H]2[C@H]3[C@H]([C@@H](O)C[C@]2(C)[C@@]1(O)C(=O)CO)[C@@]1(C)C=CC(=O)C=C1C[C@H]3Cl,alclometasone,1,False,28
1667,C=CCC(N)Cc1ccccc1,C=CCC(N)Cc1ccccc1,aletamine(alfetamine),1,False,12
1668,CC(=O)[C@@]1(O)[C@H](O)C[C@H]2[C@@H]3CCC4=CC(=O)CC[C@]4(C)[C@H]3CC[C@@]21C,CC(=O)[C@@]1(O)[C@H](O)C[C@H]2[C@@H]3CCC4=CC(=O)CC[C@]4(C)[C@H]3CC[C@@]21C,algestone,1,False,25
1669,CC(CN(C)C)CN1c2ccccc2Sc2ccccc21,CC(CN(C)C)CN1c2ccccc2Sc2ccccc21,alimemazine,1,False,21
1670,CCOC(=O)c1[nH]c2cc(OC)c(OC)cc2c1CCN1CCN(c2ccccc2)CC1,CCOC(=O)c1[nH]c2cc(OC)c(OC)cc2c1CCN1CCN(c2ccccc2)CC1,alpertine,1,False,32
1671,CCC(=O)OC1(c2ccccc2)CCN(C)CC1C,CCC(=O)OC1(c2ccccc2)CCN(C)CC1C,alphaprodine(betaprodine),1,False,19
1672,CCCN(CCC)C(=O)Cc1c(-c2ccc(Cl)cc2)nc2ccc(Cl)cn12,CCCN(CCC)C(=O)Cc1c(-c2ccc(Cl)cc2)nc2ccc(Cl)cn12,alpidem,1,False,27
1673,CCCC(=O)O[C@]1(C(=O)COC(C)=O)CC[C@H]2[C@@H]3C[C@H](C)C4=CC(=O)CC[C@]4(C)[C@H]3[C@@H](O)C[C@@]21C,CCCC(=O)O[C@]1(C(=O)COC(C)=O)CC[C@H]2[C@@H]3C[C@H](C)C4=CC(=O)CC[C@]4(C)[C@H]3[C@@H](O)C[C@@]21C,amebucort,1,False,35
1674,CNCCCC1(C)C(=O)N(c2ccccc2)c2ccccc21,CNCCCC1(C)C(=O)N(c2ccccc2)c2ccccc21,amedalin,1,False,22
1675,CCn1cc(C(=O)O)c(=O)c2ccc(Cc3ccccc3)nc21,CCn1cc(C(=O)O)c(=O)c2ccc(Cc3ccccc3)nc21,amfonelic-acid,1,False,23
1676,Cc1cc(N(C)C)ccc1C[C@H](C)N.O=C(O)[C@H](O)[C@@H](O)C(=O)O,Cc1cc(N(C)C)ccc1C[C@H](C)N.O=C(O)[C@H](O)[C@@H](O)C(=O)O,amiflamine,1,False,24
1677,CCC1(c2ccc(N)cc2)CCC(=O)NC1=O,CCC1(c2ccc(N)cc2)CCC(=O)NC1=O,aminoglutethimide,1,False,17
1678,CN(C)CC(CN1c2ccccc2Sc2ccccc21)N(C)C,CN(C)CC(CN1c2ccccc2Sc2ccccc21)N(C)C,aminopromazine,1,False,23
1679,CN(C)C(=O)C1(c2ccc(Cl)cc2)CCN(CCCC(=O)c2ccc(F)cc2)CC1,CN(C)C(=O)C1(c2ccc(Cl)cc2)CCN(CCCC(=O)c2ccc(F)cc2)CC1,amiperone,1,False,30
1680,Clc1ccc2c(c1)C(N1CCNCC1)=Nc1ccccc1O2,Clc1ccc2c(c1)C(N1CCNCC1)=Nc1ccccc1O2,amoxapine,1,False,22
1681,COc1ccccc1N1CCN(CCCC(O)c2ccc(F)cc2)CC1,COc1ccccc1N1CCN(CCCC(O)c2ccc(F)cc2)CC1,anisopirol,1,False,26
1682,CN1CCN2c3ccccc3Cn3cccc3C2C1.O=C(O)/C=C\C(=O)O,CN1CCN2c3ccccc3Cn3cccc3C2C1.O=C(O)/C=C\C(=O)O,aptazapine,1,False,27
1683,CCOC(=O)N1CCC(=O)N(c2ccccc2)c2cc(Cl)ccc21,CCOC(=O)N1CCC(=O)N(c2ccccc2)c2cc(Cl)ccc21,arfendazam,1,False,24
1684,CN(C(=O)C(c1ccccc1)c1ccccc1)[C@H](CN1CC[C@H](O)C1)c1ccccc1,CN(C(=O)C(c1ccccc1)c1ccccc1)[C@H](CN1CC[C@H](O)C1)c1ccccc1,asimadoline,1,False,31
1685,Cc1c(C)c2ccc(OCc3nnc(C(C)C)s3)cc2oc1=O,Cc1c(C)c2ccc(OCc3nnc(C(C)C)s3)cc2oc1=O,atibeprone,1,False,23
1686,CN1C2CCC1CC(OC(=O)C(CO)c1ccccc1)C2,CN1C2CCC1CC(OC(=O)C(CO)c1ccccc1)C2,atropine,-1,True,21
1687,N#Cc1cc(-c2ccccc2)nnc1NCCN1CCOCC1,N#Cc1cc(-c2ccccc2)nnc1NCCN1CCOCC1,bazinaprine,1,False,23
1688,CCC(=O)OCC(=O)[C@@]1(OC(=O)CC)[C@@H](C)C[C@H]2[C@@H]3CCC4=CC(=O)C=C[C@]4(C)[C@@]3(Cl)[C@@H](O)C[C@@]21C,CCC(=O)OCC(=O)[C@@]1(OC(=O)CC)[C@@H](C)C[C@H]2[C@@H]3CCC4=CC(=O)C=C[C@]4(C)[C@@]3(Cl)[C@@H](O)C[C@@]21C,beclomethasonedipropionate(beclometasone-dipropionate),1,False,36
1689,O=C(c1cc2ccccc2o1)N1CCN(Cc2ccccc2)CC1,O=C(c1cc2ccccc2o1)N1CCN(Cc2ccccc2)CC1,befuraline,1,False,24
1690,Cc1cccc2c1Oc1ccccc1[C@@]1(O)CCN(C)C[C@@H]21,Cc1cccc2c1Oc1ccccc1[C@@]1(O)CCN(C)C[C@@H]21,beloxepin,1,False,22
1691,CC(NNC(=O)c1ccccc1)c1ccccc1,CC(NNC(=O)c1ccccc1)c1ccccc1,benmoxin,1,False,18
1692,CCC1(c2ccccc2)C(=O)NC(=O)N(C(=O)c2ccccc2)C1=O,CCC1(c2ccccc2)C(=O)NC(=O)N(C(=O)c2ccccc2)C1=O,benzobarbital,1,False,25
1693,O=C(OC1CN2CCC1CC2)c1ccccc1,O=C(OC1CN2CCC1CC2)c1ccccc1,benzoclidine,1,False,17
1694,CNCC12CCC(c3ccccc31)c1ccccc12,CNCC12CCC(c3ccccc31)c1ccccc12,benzoctamine,1,False,19
1695,CC(Cc1ccccc1)N(C)Cc1ccccc1,CC(Cc1ccccc1)N(C)Cc1ccccc1,benzphetamine(benzfetamine),1,False,18
1696,CCCN(c1ccncc1)n1ccc2ccccc21.[Cl-].[H+],CCCN(c1ccncc1)n1ccc2ccccc21.[Cl-].[H+],besipirdine,1,False,21
1697,CCC(O)C(CC(C)N(C)C)(c1ccccc1)c1ccccc1,CCC(O)C(CC(C)N(C)C)(c1ccccc1)c1ccccc1,betamethadol,1,False,23
1698,CC(=O)OCC(=O)[C@@]1(OC(=O)C(C)C)[C@@H](C)C[C@H]2[C@@H]3CCC4=CC(=O)C=C[C@]4(C)[C@@]3(F)[C@@H](O)C[C@@]21C,CC(=O)OCC(=O)[C@@]1(OC(=O)C(C)C)[C@@H](C)C[C@H]2[C@@H]3CCC4=CC(=O)C=C[C@]4(C)[C@@]3(F)[C@@H](O)C[C@@]21C,betamethasone-acetate(dexamethasone-acetate),1,False,36
1699,CC(=O)OCC(=O)[C@@]1(O)[C@@H](C)C[C@H]2[C@@H]3CCC4=CC(=O)C=C[C@]4(C)[C@@]3(F)[C@@H](O)C[C@@]21C,CC(=O)OCC(=O)[C@@]1(O)[C@@H](C)C[C@H]2[C@@H]3CCC4=CC(=O)C=C[C@]4(C)[C@@]3(F)[C@@H](O)C[C@@]21C,betamethasone-dipropionate(dexamethasone-dipropionate),1,False,31
1700,CCC(=O)OCC(=O)[C@@]1(OC(=O)CC)[C@@H](C)C[C@H]2[C@@H]3CCC4=CC(=O)C=C[C@]4(C)[C@@]3(F)[C@@H](O)C[C@@]21C,CCC(=O)OCC(=O)[C@@]1(OC(=O)CC)[C@@H](C)C[C@H]2[C@@H]3CCC4=CC(=O)C=C[C@]4(C)[C@@]3(F)[C@@H](O)C[C@@]21C,betamethasone-valerate,1,False,36
1701,CNCCCCOc1ccccc1Cc1ccccc1.[Cl-].[H+],CNCCCCOc1ccccc1Cc1ccccc1.[Cl-].[H+],bifemelane,1,False,22
1702,CN(C)CCN(C)n1cc(-c2ccccc2)c2ccccc21,CN(C)CCN(C)n1cc(-c2ccccc2)c2ccccc21,binedaline,1,False,22
1703,C=CCC1(CC(=C)Br)C(=O)NC(=O)NC1=O,C=CCC1(CC(=C)Br)C(=O)NC(=O)NC1=O,brallobarbital,1,False,16
1704,CCn1nnn(CCN2CC[C@H](N(C(=O)COC)c3ccccc3F)[C@H](C)C2)c1=O,CCn1nnn(CCN2CC[C@H](N(C(=O)COC)c3ccccc3F)[C@H](C)C2)c1=O,brifentanil,1,False,30
1705,COc1cc(Br)c2oc(C3CCNCC3)cc2c1,COc1cc(Br)c2oc(C3CCNCC3)cc2c1,brofaromine,1,False,18
1706,CN(C)C(=O)CCNc1ccc(Br)cc1,CN(C)C(=O)CCNc1ccc(Br)cc1,bromamid,1,False,15
1707,CN(C)CCOC(c1ccccc1)c1ccc(Br)cc1,CN(C)CCOC(c1ccccc1)c1ccc(Br)cc1,bromodiphenhydramine(bromazine),1,False,20
1708,CCN(CC)CCNC(=O)c1cc(Br)c(N)cc1OC,CCN(CC)CCNC(=O)c1cc(Br)c(N)cc1OC,bromopride,1,False,20
1709,CCCCCCCCCC(=O)OC1(c2ccc(Br)cc2)CCN(CCCC(=O)c2ccc(F)cc2)CC1,CCCCCCCCCC(=O)OC1(c2ccc(Br)cc2)CCN(CCCC(=O)c2ccc(F)cc2)CC1,bromperidol-decanoate,1,False,37
1710,CCCC1O[C@@H]2C[C@H]3[C@@H]4CCC5=CC(=O)C=C[C@]5(C)[C@H]4[C@@H](O)C[C@]3(C)[C@]2(C(=O)CO)O1,CCCC1O[C@@H]2C[C@H]3[C@@H]4CCC5=CC(=O)C=C[C@]5(C)[C@H]4[C@@H](O)C[C@]3(C)[C@]2(C(=O)CO)O1,budesonide,1,False,31
1711,CC(C)(C)N1CCC(c2ccccc2)(c2ccccc2)CC1,CC(C)(C)N1CCC(c2ccccc2)(c2ccccc2)CC1,budipine,1,False,22
1712,CN(C)CCOC(c1ccccc1)c1ccccc1C(C)(C)C,CN(C)CCOC(c1ccccc1)c1ccccc1C(C)(C)C,bufenadrine,1,False,23
1713,O=C1CC2(CCCC2)CC(=O)N1CCCCN1CCN(c2ncccn2)CC1,O=C1CC2(CCCC2)CC(=O)N1CCCCN1CCN(c2ncccn2)CC1,buspirone,1,False,28
1714,C=CCC1(CC(C)C)C(=O)NC(=O)NC1=O,C=CCC1(CC(C)C)C(=O)NC(=O)NC1=O,butalbital,1,False,16
1715,CCCCNCC1COc2ccccc2O1,CCCCNCC1COc2ccccc2O1,butamoxane,1,False,16
1716,CC(CC1c2ccccc2CCc2ccccc21)CN(C)C,CC(CC1c2ccccc2CCc2ccccc21)CN(C)C,butriptyline,1,False,22
1717,CCOC(=O)NNC(C)c1ccccc1,CCOC(=O)NNC(C)c1ccccc1,carbenzide,1,False,15
1718,CCOC(=O)NC(O)C(Cl)(Cl)Cl,CCOC(=O)NC(O)C(Cl)(Cl)Cl,carbocloral,1,False,12
1719,CCC(Br)(CC)C(=O)NC(N)=O,CCC(Br)(CC)C(=O)NC(N)=O,carbromal,1,False,12
1720,CCC(=O)N(c1ccccc1)C1(C(=O)OC)CCN(CCc2ccccc2)CC1,CCC(=O)N(c1ccccc1)C1(C(=O)OC)CCN(CCc2ccccc2)CC1,carfentanil,1,False,29
1721,NC(=O)C1(N2CCCCC2)CCN(CCCN2c3ccccc3CCc3ccccc32)CC1,NC(=O)C1(N2CCCCC2)CCN(CCCN2c3ccccc3CCc3ccccc32)CC1,carpipramine,1,False,33
1722,Fc1ccc2[nH]c3c(c2c1)CN(CCc1ccncc1)CC3,Fc1ccc2[nH]c3c(c2c1)CN(CCc1ccncc1)CC3,carvotroline,1,False,22
1723,CN(C)C(C)(CO)Cc1ccc(Cl)c(Cl)c1.[Cl-].[H+],CN(C)C(C)(CO)Cc1ccc(Cl)c(Cl)c1.[Cl-].[H+],cericlamine,1,False,18
1724,CN1CCN(C(c2ccccc2)c2ccc(Cl)cc2)CC1,CN1CCN(C(c2ccccc2)c2ccc(Cl)cc2)CC1,chlorcyclizine,1,False,21
1725,CCCC(O)Cl,CCCC(O)Cl,chlorobutanol,1,False,6
1726,CC(=O)OCC(=O)[C@@]1(O)CC[C@H]2[C@@H]3C[C@H](Cl)C4=CC(=O)C=C[C@]4(C)[C@H]3C(=O)C[C@@]21C,CC(=O)OCC(=O)[C@@]1(O)CC[C@H]2[C@@H]3C[C@H](Cl)C4=CC(=O)C=C[C@]4(C)[C@H]3C(=O)C[C@@]21C,chloroprednisone,1,False,30
1727,COC(=O)[C@H]1[C@H]2C[C@@H]3c4[nH]c5ccc(Cl)cc5c4CCN3C[C@H]2C[C@@H](OC(=O)c2cc(OC)c(OC)c(OC)c2)[C@@H]1OC,COC(=O)[C@H]1[C@H]2C[C@@H]3c4[nH]c5ccc(Cl)cc5c4CCN3C[C@H]2C[C@@H](OC(=O)c2cc(OC)c(OC)c(OC)c2)[C@@H]1OC,chloroserpidine,1,False,43
1728,NC(=O)OCC(O)COc1ccc(Cl)cc1,NC(=O)OCC(O)COc1ccc(Cl)cc1,chlorphenesin-carbamate,1,False,16
1729,CN(C)CCOC(C)(c1ccccc1)c1ccc(Cl)cc1,CN(C)CCOC(C)(c1ccccc1)c1ccc(Cl)cc1,chlorphenoxamine,1,False,21
1730,O=C1NC(CCCl)Oc2ccccc21,O=C1NC(CCCl)Oc2ccccc21,chlorthenoxazine,1,False,14
1731,CN(C)CCCN1c2ccccc2CCc2ccc(C#N)cc21,CN(C)CCCN1c2ccccc2CCc2ccc(C#N)cc21,cianopramine,1,False,23
1732,OC1(c2cccc(Cl)c2)C2=NCCCN2c2ccccc21,OC1(c2cccc(Cl)c2)C2=NCCCN2c2ccccc21,ciclazindol,1,False,21
1733,CNC1CCN2c3ccccc3CCc3cccc1c32,CNC1CCN2c3ccccc3CCc3cccc1c32,ciclopramine,1,False,20
1734,CN(C)CCC=C1c2ccccc2COc2ccccc21,CN(C)CCC=C1c2ccccc2COc2ccccc21,cidoxepin,1,False,21
1735,COc1ccc([C@H](O)CN2CCN(c3cccccc3=O)CC2)cc1OC,COc1ccc([C@H](O)CN2CCN(c3cccccc3=O)CC2)cc1OC,ciladopa,1,False,27
1736,CN(C/C=C/c1ccccc1)CCOC(c1ccccc1)c1ccccc1,CN(C/C=C/c1ccccc1)CCOC(c1ccccc1)c1ccccc1,cinfenine,1,False,27
1737,CCOc1cc(N)c([N+](=O)[O-])cc1C(=O)NC1CCN(CC2CC=CCC2)CC1,CCOc1cc(N)c([N+](=O)[O-])cc1C(=O)NC1CCN(CC2CC=CCC2)CC1,cinitapride,1,False,29
1738,O=C1CCC(c2ccccc2)(C2CCN(C/C=C/c3ccccc3)CC2)C(=O)N1,O=C1CCC(c2ccccc2)(C2CCN(C/C=C/c3ccccc3)CC2)C(=O)N1,cinperene,1,False,29
1739,CCNC(=O)/C=C/c1cccc(Br)c1,CCNC(=O)/C=C/c1cccc(Br)c1,cinromide,1,False,14
1740,COc1cc(/C=C/C(N)=O)cc(OC)c1OC,COc1cc(/C=C/C(N)=O)cc(OC)c1OC,cintriamide(cintramide),1,False,17
1741,O=C(CCCN1CCN(c2cc3ccccc3cn2)CC1)c1ccc(F)cc1,O=C(CCCN1CCN(c2cc3ccccc3cn2)CC1)c1ccc(F)cc1,cinuperone,1,False,28
1742,CN(C)CCCC1(c2ccc(F)cc2)OCc2cc(C#N)ccc21,CN(C)CCCC1(c2ccc(F)cc2)OCc2cc(C#N)ccc21,citalopram,1,False,24
1743,NC(=O)C1c2ccccc2C=Cc2ccccc21,NC(=O)C1c2ccccc2C=Cc2ccccc21,citenamide,1,False,18
1744,CN1C(=O)CN2CCc3ccccc3C2c2cc(Cl)ccc21,CN1C(=O)CN2CCc3ccccc3C2c2cc(Cl)ccc21,clazolam,1,False,22
1745,CN(C)CC(O)C(c1ccccc1)c1ccc(Cl)cc1,CN(C)CC(O)C(c1ccccc1)c1ccc(Cl)cc1,clemeprol,1,False,20
1746,Cc1ncc2n1-c1ccc(Cl)cc1C(c1ccccc1Cl)=NC2,Cc1ncc2n1-c1ccc(Cl)cc1C(c1ccccc1Cl)=NC2,climazolam,1,False,23
1747,CC1CC2C3CCC4=CC(=O)C=CC4(C)[C@@]3(F)C(O)CC2(C)[C@@]1(O)C(=O)CCl,CC1CC2C3CCC4=CC(=O)C=CC4(C)[C@@]3(F)C(O)CC2(C)[C@@]1(O)C(=O)CCl,clobetasol,1,False,28
1748,CCC(=O)O[C@]1(C(=O)CCl)[C@@H](C)C[C@H]2[C@@H]3CCC4=CC(=O)C=C[C@]4(C)[C@@]3(F)[C@@H](O)C[C@@]21C,CCC(=O)O[C@]1(C(=O)CCl)[C@@H](C)C[C@H]2[C@@H]3CCC4=CC(=O)C=C[C@]4(C)[C@@]3(F)[C@@H](O)C[C@@]21C,clobetasol-propionate,1,False,32
1749,CCN(CC)CCNC(=O)COc1ccc(Cl)cc1,CCN(CC)CCNC(=O)COc1ccc(Cl)cc1,clofexamide,1,False,19
1750,CN(C)CCCC1c2ccccc2Nc2ccc(Cl)cc21,CN(C)CCCC1c2ccccc2Nc2ccc(Cl)cc21,clomacran,1,False,21
1751,CN1CCC(=C2c3ccccc3Oc3ccc(Cl)cc32)CC1,CN1CCC(=C2c3ccccc3Oc3ccc(Cl)cc32)CC1,clopipazan,1,False,22
1752,CN1CCN(C2=Nc3ccccc3Sc3ccc(Cl)cc32)CC1,CN1CCN(C2=Nc3ccccc3Sc3ccc(Cl)cc32)CC1,clothiapine(clotiapine),1,False,23
1753,COCCCC/C(=N\OCCN)c1ccc(Cl)cc1,COCCCC/C(=N\OCCN)c1ccc(Cl)cc1,clovoxamine,1,False,19
1754,O=C1CN2CCOC2(c2ccccc2Cl)c2cc(Cl)ccc2N1,O=C1CN2CCOC2(c2ccccc2Cl)c2cc(Cl)ccc2N1,cloxazolam,1,False,23
1755,OCCN1CCN(CCCN2c3ccccc3Sc3cc(Cl)cnc32)CC1,OCCN1CCN(CCCN2c3ccccc3Sc3cc(Cl)cnc32)CC1,cloxypendyl,1,False,27
1756,CC(=O)OCC(=O)C1(O)C(C)CC2C3CC(F)(F)C4=CC(=O)C=CC4(C)C3(F)C(O)CC21C,CC(=O)OCC(=O)C1(O)C(C)CC2C3CC(F)(F)C4=CC(=O)C=CC4(C)C3(F)C(O)CC21C,cormethasoneacetate(cormetasone-acetate),1,False,33
1757,C/C=C/C(=O)N(CCC)C(CC)C(=O)N(C)C,C/C=C/C(=O)N(CCC)C(CC)C(=O)N(C)C,cropropamide,1,False,17
1758,CC(CN(C)C)CN1c2ccccc2Sc2ccc(C#N)cc21,CC(CN(C)C)CN1c2ccccc2Sc2ccc(C#N)cc21,cyamemazine,1,False,23
1759,O=C1N=C(NC2CC2)OC1c1ccccc1,O=C1N=C(NC2CC2)OC1c1ccccc1,cyclazodone,1,False,16
1760,NC1CCCC1c1ccccc1,NC1CCCC1c1ccccc1,cypenamine,1,False,12
1761,ON1CC(=NCC2CC2)N=c2ccc(Cl)cc2=C1c1ccccc1,ON1CC(=NCC2CC2)N=c2ccc(Cl)cc2=C1c1ccccc1,cyprazepam,1,False,24
1762,CN1CCCc2cccc(OCC3CNCCO3)c21,CN1CCCc2cccc(OCC3CNCCO3)c21,dabelotine,1,False,19
1763,CNCCCC1(C)CN(c2ccccc2)c2ccccc21,CNCCCC1(C)CN(c2ccccc2)c2ccccc21,daledalin,1,False,21
1764,CN(C)CC1=Cc2ccccc2Sc2ccccc21,CN(C)CC1=Cc2ccccc2Sc2ccccc21,damotepine,1,False,19
1765,CN1CCC(=C2c3ccccc3C(O)c3ccccc32)CC1,CN1CCC(=C2c3ccccc3C(O)c3ccccc32)CC1,danitracen,1,False,22
1766,CN(C)[C@@H](CCOc1cccc2ccccc12)c1ccccc1,CN(C)[C@@H](CCOc1cccc2ccccc12)c1ccccc1,dapoxetine,1,False,23
1767,CCC(=O)O[C@](Cc1ccccc1)(c1ccccc1)[C@H](C)CN(C)C.[Cl-].[H+],CCC(=O)O[C@](Cc1ccccc1)(c1ccccc1)[C@H](C)CN(C)C.[Cl-].[H+],darvon(dextropropoxypheneandlevopropoxyphene),1,False,27
1768,CC1=Nc2ccccc2CC(c2ccccc2)N1C,CC1=Nc2ccccc2CC(c2ccccc2)N1C,dazepinil,1,False,19
1769,O=C(c1ccc(F)cc1)C1CCN(CCCn2c(=O)[nH]c3ccccc32)CC1,O=C(c1ccc(F)cc1)C1CCN(CCCn2c(=O)[nH]c3ccccc32)CC1,declenperone,1,False,28
1770,CC(=O)OCC(=O)[C@@]12N=C(C)O[C@@H]1C[C@H]1[C@@H]3CCC4=CC(=O)C=C[C@]4(C)[C@H]3[C@@H](O)C[C@@]12C,CC(=O)OCC(=O)[C@@]12N=C(C)O[C@@H]1C[C@H]1[C@@H]3CCC4=CC(=O)C=C[C@]4(C)[C@H]3[C@@H](O)C[C@@]12C,deflazacort,1,False,32
1771,CN1C[C@@H](CC#N)CC2c3cccc4[nH]cc(c34)C[C@H]21,CN1C[C@@H](CC#N)CC2c3cccc4[nH]cc(c34)C[C@H]21,delergotrile,1,False,20
1772,O=C1CN=C(c2ccccc2Cl)c2cc(Cl)ccc2N1,O=C1CN=C(c2ccccc2Cl)c2cc(Cl)ccc2N1,delorazepam,1,False,20
1773,CNCCON=c1c2ccccc2ccc2ccccc12,CNCCON=c1c2ccccc2ccc2ccccc12,demexiptiline,1,False,21
1774,OC(Cn1ccnc1)c1ccc(CCc2ccccc2)cc1,OC(Cn1ccnc1)c1ccc(CCc2ccccc2)cc1,denzimol,1,False,22
1775,CN(C)CCCN1c2ccccc2C=Cc2ccccc21,CN(C)CCCN1c2ccccc2C=Cc2ccccc21,depramine,1,False,21
1776,FC(F)OC(F)C(F)(F)F,FC(F)OC(F)C(F)(F)F,desflurane,1,False,10
1777,CN1CCC23c4c5ccc(O)c4OC2CCCC3C1C5,CN1CCC23c4c5ccc(O)c4OC2CCCC3C1C5,desomorphine,1,False,20
1778,CC(C)[C@@]1(O)CCN2C[C@@H]3c4ccccc4CCc4cccc(c43)[C@H]2C1,CC(C)[C@@]1(O)CCN2C[C@@H]3c4ccccc4CCc4cccc(c43)[C@H]2C1,dexclamol,1,False,26
1779,CC(CN1CCOCC1)C(C(=O)N1CCCC1)(c1ccccc1)c1ccccc1,CC(CN1CCOCC1)C(C(=O)N1CCCC1)(c1ccccc1)c1ccccc1,dextromoramide(levomoramideandracemoramide),1,False,29
1780,CN1CC[C@@]23CCCC[C@@H]2[C@@H]1Cc1ccc(O)cc13,CN1CC[C@@]23CCCC[C@@H]2[C@@H]1Cc1ccc(O)cc13,dextrorphan,1,False,19
1781,NC(=O)N1CC(Oc2cccc(C(F)(F)F)c2)C1,NC(=O)N1CC(Oc2cccc(C(F)(F)F)c2)C1,dezinamide,1,False,18
1782,CC12CCCCCC(Cc3ccc(O)cc31)C2N,CC12CCCCCC(Cc3ccc(O)cc31)C2N,dezocine,1,False,18
1783,C=CCN1CCC23c4c5ccc(OC(C)=O)c4OC2C(OC(C)=O)C=CC3C1C5,C=CCN1CCC23c4c5ccc(OC(C)=O)c4OC2C(OC(C)=O)C=CC3C1C5,diacetylnalorphine,1,False,29
1784,CN(C)CCN1C(=O)c2ccccc2N(C)c2ccccc21,CN(C)CCN1C(=O)c2ccccc2N(C)c2ccccc21,dibenzepin,1,False,22
1785,Cc1ccc2c(c1)C1CN(C)CCC1N2,Cc1ccc2c(c1)C1CN(C)CCC1N2,dicarbine,1,False,15
1786,CN1C(=O)CCS(=O)(=O)C1c1ccc(Cl)c(Cl)c1,CN1C(=O)CCS(=O)(=O)C1c1ccc(Cl)c(Cl)c1,dichlormezanone,1,False,18
1787,COc1ccc2c(c1)CN(C)CC2c1ccc(Cl)c(Cl)c1,COc1ccc2c(c1)CN(C)CC2c1ccc(Cl)c(Cl)c1,diclofensine,1,False,21
1788,CCN(CC)CCN1c2ccccc2Sc2ccccc21,CCN(CC)CCN1c2ccccc2Sc2ccccc21,diethazine,1,False,21
1789,Clc1ccc(C(OCCN2CCOCC2)c2ccccc2)cc1,Clc1ccc(C(OCCN2CCOCC2)c2ccccc2)cc1,difencloxazine,1,False,23
1790,CC(=O)OCC(=O)[C@@]1(OC(C)=O)[C@@H](C)C[C@H]2[C@@H]3C[C@H](F)C4=CC(=O)C=C[C@]4(C)[C@@]3(F)[C@@H](O)C[C@@]21C,CC(=O)OCC(=O)[C@@]1(OC(C)=O)[C@@H](C)C[C@H]2[C@@H]3C[C@H](F)C4=CC(=O)C=C[C@]4(C)[C@@]3(F)[C@@H](O)C[C@@]21C,diflorasone-diacetate,1,False,35
1791,CCCC(=O)O[C@]1(C(=O)COC(C)=O)CC[C@H]2[C@@H]3C[C@H](F)C4=CC(=O)C=C[C@]4(C)[C@@]3(F)[C@@H](O)C[C@@]21C,CCCC(=O)O[C@]1(C(=O)COC(C)=O)CC[C@H]2[C@@H]3C[C@H](F)C4=CC(=O)C=C[C@]4(C)[C@@]3(F)[C@@H](O)C[C@@]21C,difluprednate,1,False,36
1792,Cc1ccc2c(c1)[C@]13CCCC[C@@H]1[C@H](C2)N(C)CC3,Cc1ccc2c(c1)[C@]13CCCC[C@@H]1[C@H](C2)N(C)CC3,dimemorfan,1,False,19
1793,COc1ccc2c(c1)/C(=C/CCN(C)C)c1ccccc1O2,COc1ccc2c(c1)/C(=C/CCN(C)C)c1ccccc1O2,dimeprozan,1,False,22
1794,C[C@@H]1C[C@H]2[C@@H]3CCC4=CC(=O)C=C[C@]4(C)[C@@]3(F)[C@@H](O)C[C@]2(C)[C@@]1(C)C(=O)CO,C[C@@H]1C[C@H]2[C@@H]3CCC4=CC(=O)C=C[C@]4(C)[C@@]3(F)[C@@H](O)C[C@]2(C)[C@@]1(C)C(=O)CO,dimesone,1,False,28
1795,CN(C)CCCN1c2ccccc2C(C)(C)c2ccccc21,CN(C)CCCN1c2ccccc2C(C)(C)c2ccccc21,dimetacrine,1,False,22
1796,C=C(C)CNCC(=O)N(C)c1ccc(Cl)cc1C(=O)c1ccccc1,C=C(C)CNCC(=O)N(C)c1ccc(Cl)cc1C(=O)c1ccccc1,dinazafone,1,False,25
1797,NC(=O)CN1C(=O)C(c2ccccc2)c2ccccc21,NC(=O)CN1C(=O)C(c2ccccc2)c2ccccc21,doliracetam,1,False,20
1798,CN(C)CC/C=C1/c2ccccc2CSc2ccccc21.[Cl-].[H+],CN(C)CC/C=C1/c2ccccc2CSc2ccccc21.[Cl-].[H+],dosulepin,1,False,23
1799,O=C1C(O)N=C(c2ccccc2F)c2cc(Cl)ccc2N1CCO,O=C1C(O)N=C(c2ccccc2F)c2cc(Cl)ccc2N1CCO,doxefazepam,1,False,24
1800,O=C1NCNC1(c1ccccc1)c1ccccc1,O=C1NCNC1(c1ccccc1)c1ccccc1,doxenitoin,1,False,18
1801,CC(=O)[C@@]1(O)[C@@H](C)C[C@H]2[C@@H]3CCC4=CC(=O)C=C[C@]4(C)[C@@]3(F)[C@@H](O)C[C@@]21C,CC(=O)[C@@]1(O)[C@@H](C)C[C@H]2[C@@H]3CCC4=CC(=O)C=C[C@]4(C)[C@@]3(F)[C@@H](O)C[C@@]21C,doxibetasol,1,False,27
1802,CC1(C)O[C@@H]2C[C@H]3C4CCC5CC(=O)CCC5(C)[C@@]4(F)[C@@H](O)CC3(C)[C@]2(C(=O)CO)O1,CC1(C)O[C@@H]2C[C@H]3C4CCC5CC(=O)CCC5(C)[C@@]4(F)[C@@H](O)CC3(C)[C@]2(C(=O)CO)O1,drocinonide,1,False,31
1803,CN(C(=O)CN(CCO)CCO)c1ccc(Cl)cc1C(=O)c1ccccc1Cl,CN(C(=O)CN(CCO)CCO)c1ccc(Cl)cc1C(=O)c1ccccc1Cl,dulozafone,1,False,28
1804,Cn1cc(CCN2CCN(c3ccccc3Cl)CC2)cn1,Cn1cc(CCN2CCN(c3ccccc3Cl)CC2)cn1,enpiprazole,1,False,21
1805,C=C1c2ccccc2CN(CCCN(C)C)c2ccccc21,C=C1c2ccccc2CN(CCCN(C)C)c2ccccc21,enprazepine,1,False,22
1806,O=C(NCCCN1CCOCC1)c1ccc(Cl)cc1,O=C(NCCCN1CCOCC1)c1ccc(Cl)cc1,eprobemide,1,False,19
1807,CN1CCC2(C)CC(Cc3ccc(O)cc32)C1,CN1CCC2(C)CC(Cc3ccc(O)cc32)C1,eptazocine,1,False,17
1808,CCC1(c2ccccc2)C(=O)N(COC)C(=O)N(COC)C1=O,CCC1(c2ccccc2)C(=O)N(COC)C(=O)N(COC)C1=O,eterobarb,1,False,23
1809,CCN1C(=O)NC(c2ccccc2)C1=O,CCN1C(=O)NC(c2ccccc2)C1=O,ethotoin,1,False,15
1810,CCOC(=O)C1N=C(c2ccccc2F)c2cc(Cl)ccc2NC1=O,CCOC(=O)C1N=C(c2ccccc2F)c2cc(Cl)ccc2NC1=O,ethyl-chloride,1,False,25
1811,CCc1cc2c(s1)-n1c(C)nnc1CN=C2c1ccccc1Cl,CCc1cc2c(s1)-n1c(C)nnc1CN=C2c1ccccc1Cl,etizolam,1,False,23
1812,CNC1CCc2ncsc2C1,CNC1CCc2ncsc2C1,etrabamine,1,False,11
1813,CCC(N)Cc1c[nH]c2ccccc12,CCC(N)Cc1c[nH]c2ccccc12,etryptamine,1,False,14
1814,O=C(CCCl)NCCc1ccccc1,O=C(CCCl)NCCc1ccccc1,fenaclon,1,False,14
1815,O=C1C=CC=C/C1=C1/NN=CO1,O=C1C=CC=C/C1=C1/NN=CO1,fenadiazole,1,False,12
1816,CN(C)CCCn1cc(-c2ccccc2)c(-c2ccccc2)n1,CN(C)CCCn1cc(-c2ccccc2)c(-c2ccccc2)n1,fezolamine,1,False,23
1817,Fc1ccccc1C1=NCCN(CC(F)(F)F)c2ccc(Cl)cc21,Fc1ccccc1C1=NCCN(CC(F)(F)F)c2ccc(Cl)cc21,fletazepam,1,False,24
1818,COc1ccccc1N1CCN(CCCC(=O)c2ccc(F)cc2)CC1,COc1ccccc1N1CCN(CCCC(=O)c2ccc(F)cc2)CC1,fluanisone,1,False,26
1819,CN(C)C1CCc2[nH]c3c(F)cc(F)cc3c2C1,CN(C)C1CCc2[nH]c3c(F)cc(F)cc3c2C1,flucindol,1,False,18
1820,C#CC1(OCC(O)CN2CCN(c3ccc(F)cc3)CC2)CCCCC1,C#CC1(OCC(O)CN2CCN(c3ccc(F)cc3)CC2)CCCCC1,fluciprazine,1,False,26
1821,CN1C(=O)CN=C(c2ccccc2F)c2cc(Cl)ccc21,CN1C(=O)CN=C(c2ccccc2F)c2cc(Cl)ccc21,fludiazepam,1,False,21
1822,C[C@@H]1C[C@H]2[C@@H]3C[C@H](F)C4=CC(=O)C=C[C@]4(C)[C@@]3(F)[C@@H](O)C[C@]2(C)[C@@]1(O)C(=O)CO,C[C@@H]1C[C@H]2[C@@H]3C[C@H](F)C4=CC(=O)C=C[C@]4(C)[C@@]3(F)[C@@H](O)C[C@]2(C)[C@@]1(O)C(=O)CO,flumethasone(flumetasoneanddiflorasone),1,False,29
1823,C[C@@H]1C[C@H]2C3C[C@H](F)C4=CC(=O)C=CC4(C)[C@@]3(F)[C@@H](O)CC2(C)[C@@]1(O)C(=O)COC(=O)C(C)(C)C,C[C@@H]1C[C@H]2C3C[C@H](F)C4=CC(=O)C=CC4(C)[C@@]3(F)[C@@H](O)CC2(C)[C@@]1(O)C(=O)COC(=O)C(C)(C)C,flumethasone21pivalate(flumetasone-pivalate),1,False,35
1824,CC1(C)O[C@@H]2CC3[C@@H]4C[C@H](F)C5=CC(=O)C=CC5(C)[C@H]4[C@@H](O)C[C@]3(C)[C@]2(C(=O)CO)O1.CC1(C)O[C@@H]2CC3[C@@H]4C[C@H](F)C5=CC(=O)C=CC5(C)[C@H]4[C@@H](O)C[C@]3(C)[C@]2(C(=O)CO)O1.O,CC1(C)O[C@@H]2CC3[C@@H]4C[C@H](F)C5=CC(=O)C=CC5(C)[C@H]4[C@@H](O)C[C@]3(C)[C@]2(C(=O)CO)O1.CC1(C)O[C@@H]2CC3[C@@H]4C[C@H](F)C5=CC(=O)C=CC5(C)[C@H]4[C@@H](O)C[C@]3(C)[C@]2(C(=O)CO)O1.O,flunisolide,1,False,63
1825,CC(=O)OCC(=O)[C@@]12OC(C)(C)O[C@@H]1CC1C3C[C@H](F)C4=CC(=O)C=CC4(C)[C@H]3C(O)CC12C,CC(=O)OCC(=O)[C@@]12OC(C)(C)O[C@@H]1CC1C3C[C@H](F)C4=CC(=O)C=CC4(C)[C@H]3C(O)CC12C,flunisolide-acetate,1,False,34
1826,C[C@]12C=CC(=O)C=C1[C@@H](F)C[C@H]1[C@@H]3C[C@@H](O)[C@](O)(C(=O)CO)[C@@]3(C)C[C@H](O)[C@@]12F,C[C@]12C=CC(=O)C=C1[C@@H](F)C[C@H]1[C@@H]3C[C@@H](O)[C@](O)(C(=O)CO)[C@@]3(C)C[C@H](O)[C@@]12F,fluocinolone,1,False,29
1827,CC1(C)O[C@@H]2C[C@H]3[C@@H]4C[C@H](F)C5=CC(=O)C=C[C@]5(C)[C@@]4(F)[C@@H](O)C[C@]3(C)[C@]2(C(=O)CO)O1,CC1(C)O[C@@H]2C[C@H]3[C@@H]4C[C@H](F)C5=CC(=O)C=C[C@]5(C)[C@@]4(F)[C@@H](O)C[C@]3(C)[C@]2(C(=O)CO)O1,fluocinolone-acetonide,1,False,32
1828,CCCCOC(=O)C(=O)[C@H]1[C@H](C)C[C@H]2[C@@H]3C[C@H](F)C4=CC(=O)C=C[C@]4(C)[C@H]3[C@@H](O)C[C@@]21C,CCCCOC(=O)C(=O)[C@H]1[C@H](C)C[C@H]2[C@@H]3C[C@H](F)C4=CC(=O)C=C[C@]4(C)[C@H]3[C@@H](O)C[C@@]21C,fluocortin-butyl,1,False,32
1829,C[C@@H]1C[C@H]2[C@@H]3C[C@H](F)C4=CC(=O)C=C[C@]4(C)[C@H]3[C@@H](O)C[C@]2(C)[C@H]1C(=O)CO,C[C@@H]1C[C@H]2[C@@H]3C[C@H](F)C4=CC(=O)C=C[C@]4(C)[C@H]3[C@@H](O)C[C@]2(C)[C@H]1C(=O)CO,fluocortolone,1,False,27
1830,CC(=O)[C@@]1(O)CC[C@H]2[C@@H]3C[C@H](C)C4=CC(=O)C=C[C@]4(C)[C@@]3(F)[C@@H](O)C[C@@]21C,CC(=O)[C@@]1(O)CC[C@H]2[C@@H]3C[C@H](C)C4=CC(=O)C=C[C@]4(C)[C@@]3(F)[C@@H](O)C[C@@]21C,fluorometholone,1,False,27
1831,CN1CCN(C2=Nc3cc(F)ccc3Cc3ccccc32)CC1,CN1CCN(C2=Nc3cc(F)ccc3Cc3ccccc32)CC1,fluperlapine,1,False,23
1832,CC(=O)O[C@@H](C)C(=O)[C@@]1(O)CC[C@H]2[C@@H]3CCC4=CC(=O)C=C[C@]4(C)[C@@]3(F)[C@@H](O)C[C@@]21C,CC(=O)O[C@@H](C)C(=O)[C@@]1(O)CC[C@H]2[C@@H]3CCC4=CC(=O)C=C[C@]4(C)[C@@]3(F)[C@@H](O)C[C@@]21C,fluperolone(fluperolone-acetate),1,False,31
1833,C=C1C[C@H]2[C@@H]3CCC4=CC(=O)C=C[C@]4(C)[C@@]3(F)C(O)C[C@]2(C)[C@@]1(O)C(=O)CO,C=C1C[C@H]2[C@@H]3CCC4=CC(=O)C=C[C@]4(C)[C@@]3(F)C(O)C[C@]2(C)[C@@]1(O)C(=O)CO,fluprednidene,1,False,28
1834,C[C@]12C=CC(=O)C=C1[C@@H](F)C[C@@H]1[C@@H]2[C@@H](O)C[C@@]2(C)[C@H]1CC[C@]2(O)C(=O)CO,C[C@]12C=CC(=O)C=C1[C@@H](F)C[C@@H]1[C@@H]2[C@@H](O)C[C@@]2(C)[C@H]1CC[C@]2(O)C(=O)CO,fluprednisolone,1,False,27
1835,CCCCC(=O)O[C@]1(C(=O)CO)CCC2C3CC(F)C4=CC(=O)C=CC4(C)C3C(O)CC21C,CCCCC(=O)O[C@]1(C(=O)CO)CCC2C3CC(F)C4=CC(=O)C=CC4(C)C3C(O)CC21C,fluprednisolone-valerate,1,False,33
1836,CNCCSC1=Cc2cc(F)ccc2Oc2ccccc21,CNCCSC1=Cc2cc(F)ccc2Oc2ccccc21,fluradoline,1,False,21
1837,CC1(C)O[C@@H]2C[C@H]3[C@@H]4C[C@H](F)C5=CC(=O)CC[C@]5(C)[C@H]4[C@@H](O)C[C@]3(C)[C@]2(C(=O)CO)O1,CC1(C)O[C@@H]2C[C@H]3[C@@H]4C[C@H](F)C5=CC(=O)CC[C@]5(C)[C@H]4[C@@H](O)C[C@]3(C)[C@]2(C(=O)CO)O1,flurandrenolide(fludroxycortide),1,False,31
1838,O=C(CCCN1CCC2(CC1)C(=O)NCN2c1ccc(F)cc1)c1ccc(F)cc1,O=C(CCCN1CCC2(CC1)C(=O)NCN2c1ccc(F)cc1)c1ccc(F)cc1,fluspiperone,1,False,30
1839,O=C1CN=C(c2ccccc2F)c2cc(Cl)ccc2N1CC1CC1,O=C1CN=C(c2ccccc2F)c2cc(Cl)ccc2N1CC1CC1,flutoprazepam,1,False,24
1840,CC(Cc1ccccc1)N(C)Cc1ccco1,CC(Cc1ccccc1)N(C)Cc1ccco1,furfenorex,1,False,17
1841,COc1ccc2c3c1O[C@H]1C[C@@H](O)C=C[C@@]31CCN(C)C2,COc1ccc2c3c1O[C@H]1C[C@@H](O)C=C[C@@]31CCN(C)C2,galantamine,1,False,21
1842,CN(C)CCC(c1ccccc1)C1CCCCC1,CN(C)CCC(c1ccccc1)C1CCCCC1,gamfexine,1,False,18
1843,N=C(N)NCCCOc1ccccc1,N=C(N)NCCCOc1ccccc1,guanoxyfen,1,False,14
1844,O=C1CN=C(c2ccccc2)c2cc(Cl)ccc2N1CC(F)(F)F,O=C1CN=C(c2ccccc2)c2cc(Cl)ccc2N1CC(F)(F)F,halazepam,1,False,24
1845,C[C@@H]1CC2[C@@H]3C[C@H](F)C4=CC(=O)C(Cl)=C[C@]4(C)[C@@]3(F)[C@@H](O)C[C@]2(C)[C@@]1(O)C(=O)CO,C[C@@H]1CC2[C@@H]3C[C@H](F)C4=CC(=O)C(Cl)=C[C@]4(C)[C@@]3(F)[C@@H](O)C[C@]2(C)[C@@]1(O)C(=O)CO,halometasone,1,False,30
1846,CCC1(C2=CCCCCC2)C(=O)NC(=O)NC1=O,CCC1(C2=CCCCCC2)C(=O)NC(=O)NC1=O,heptabarb,1,False,18
1847,CN1CCC(OC2c3ccccc3CCc3ccccc32)CC1,CN1CCC(OC2c3ccccc3CCc3ccccc32)CC1,hepzidine,1,False,23
1848,CN1CCCN(C(c2ccccc2)c2ccc(Cl)cc2)CC1,CN1CCCN(C(c2ccccc2)c2ccc(Cl)cc2)CC1,homochlorcyclizine,1,False,22
1849,OCCN1CCCN(CCCN2c3ccccc3Sc3ccc(C(F)(F)F)cc32)CC1,OCCN1CCCN(CCCN2c3ccccc3Sc3ccc(C(F)(F)F)cc32)CC1,homofenazine(homophenazine),1,False,31
1850,CC(=O)OCC(=O)[C@@]1(O)CC[C@H]2[C@@H]3CCC4=CC(=O)CC[C@]4(C)[C@H]3[C@@H](O)C[C@@]21C,CC(=O)OCC(=O)[C@@]1(O)CC[C@H]2[C@@H]3CCC4=CC(=O)CC[C@]4(C)[C@H]3[C@@H](O)C[C@@]21C,hydrocortisone-acetate,1,False,29
1851,CCCC(=O)O[C@]1(C(=O)COC(=O)CC)CC[C@H]2[C@@H]3CCC4=CC(=O)CC[C@]4(C)[C@H]3[C@@H](O)C[C@@]21C,CCCC(=O)O[C@]1(C(=O)COC(=O)CC)CC[C@H]2[C@@H]3CCC4=CC(=O)CC[C@]4(C)[C@H]3[C@@H](O)C[C@@]21C,hydrocortisone-buteprate,1,False,35
1852,CCCC(=O)O[C@]1(C(=O)CO)CC[C@H]2[C@@H]3CCC4=CC(=O)CC[C@]4(C)[C@H]3[C@@H](O)C[C@@]21C,CCCC(=O)O[C@]1(C(=O)CO)CC[C@H]2[C@@H]3CCC4=CC(=O)CC[C@]4(C)[C@H]3[C@@H](O)C[C@@]21C,hydrocortisone-butyrate,1,False,31
1853,CN1CC[C@]23c4c5ccc(O)c4O[C@H]2C(=O)CC[C@H]3[C@H]1C5,CN1CC[C@]23c4c5ccc(O)c4O[C@H]2C(=O)CC[C@H]3[C@H]1C5,hydromorphone,1,False,21
1854,CCOC(=O)C1(c2cccc(O)c2)CCN(C)CC1,CCOC(=O)C1(c2cccc(O)c2)CCN(C)CC1,hydroxypethidine,1,False,19
1855,CCCC(=O)O[C@]1(C(=O)COC(C)=O)[C@H](C)C[C@H]2[C@@H]3CCC4=CC(=O)C=C[C@]4(C)[C@@]3(Cl)[C@@H](O)C[C@@]21C,CCCC(=O)O[C@]1(C(=O)COC(C)=O)[C@H](C)C[C@H]2[C@@H]3CCC4=CC(=O)C=C[C@]4(C)[C@@]3(Cl)[C@@H](O)C[C@@]21C,icometasone-enbutate,1,False,36
1856,CCC1(c2ccccc2)NCC(=O)NC1=O,CCC1(c2ccccc2)NCC(=O)NC1=O,iminophenimide,1,False,16
1857,c1ccc2c(CCC3CCNCC3)c[nH]c2c1,c1ccc2c(CCC3CCNCC3)c[nH]c2c1,indalpine,1,False,17
1858,CN(C)CC#CC=C1c2ccccc2C=Cc2ccccc21,CN(C)CC#CC=C1c2ccccc2C=Cc2ccccc21,intriptyline,1,False,22
1859,CN(C)CCCn1c2c(c3ccccc31)CCCCCC2,CN(C)CCCn1c2c(c3ccccc31)CCCCCC2,iprindole,1,False,21
1860,CC(C)NNC(=O)c1ccncc1,CC(C)NNC(=O)c1ccncc1,iproniazid,1,False,13
1861,CCC(=O)C(c1ccccc1)(c1ccccc1)C(C)CN(C)C,CCC(=O)C(c1ccccc1)(c1ccccc1)C(C)CN(C)C,isomethadone,1,False,23
1862,C=C1CC2C3C=CC4=CC(=O)CCC4(C)C3C(O)CC2(C)[C@@]1(O)C(=O)CO,C=C1CC2C3C=CC4=CC(=O)CCC4(C)C3C(O)CC2(C)[C@@]1(O)C(=O)CO,isoprednidene,1,False,27
1863,CCN(CC)C(C)CN1c2ccccc2Sc2ccccc21,CCN(CC)C(C)CN1c2ccccc2Sc2ccccc21,isothamine(profenamine),1,False,22
1864,CN(C)CCCN1c2ccccc2CC(=O)c2ccccc21,CN(C)CCCN1c2ccccc2CC(=O)c2ccccc21,ketipramine(ketimipramine),1,False,22
1865,O=C1CC[C@H]2[C@H]3Cc4cccc(O)c4[C@@]2(CCN3CC2CC2)C1,O=C1CC[C@H]2[C@H]3Cc4cccc(O)c4[C@@]2(CCN3CC2CC2)C1,ketorfanol,1,False,23
1866,N[C@@H](Cc1ccc(O)c(O)c1)C(=O)O,N[C@@H](Cc1ccc(O)c(O)c1)C(=O)O,levodopa,-1,True,14
1867,COc1ccc2c(c1)N(C[C@H](C)CN(C)C)c1ccccc1S2,COc1ccc2c(c1)N(C[C@H](C)CN(C)C)c1ccccc1S2,methotrimeprazine,1,False,23
1868,CNC[C@H](O)CC12CCC(c3ccccc31)c1ccccc12,CNC[C@H](O)CC12CCC(c3ccccc31)c1ccccc12,levoprotiline(oxaprotiline),1,False,22
1869,CCO[C@H]1CCN(C(=O)c2cc(-c3ccccc3)c(=O)n3c2-c2cc(Cl)ccc2CC3)C1,CCO[C@H]1CCN(C(=O)c2cc(-c3ccccc3)c(=O)n3c2-c2cc(Cl)ccc2CC3)C1,lirequinil,1,False,32
1870,c1ccc2cc(COC3CCNCC3)ccc2c1,c1ccc2cc(COC3CCNCC3)ccc2c1,litoxetine,1,False,18
1871,CN1C(CC(=O)c2ccccc2)CCCC1CC(O)c1ccccc1,CN1C(CC(=O)c2ccccc2)CCCC1CC(O)c1ccccc1,lobeline,1,False,25
1872,OC1CCN(c2ccc(-c3ccccc3Cl)nn2)CC1,OC1CCN(c2ccc(-c3ccccc3Cl)nn2)CC1,lodaxaprine,1,False,20
1873,Clc1ccc(N2CCN(C/C=C/c3ccccc3)CC2)nn1,Clc1ccc(N2CCN(C/C=C/c3ccccc3)CC2)nn1,lorcinadol,1,False,22
1874,Cl/C(=C\n1cncn1)c1ccc(Cl)cc1Cl,Cl/C(=C\n1cncn1)c1ccc(Cl)cc1Cl,loreclezole,1,False,16
1875,CN1C[C@@H]2Cc3ccc(Cl)cc3[C@@H](c3ccccc3)[C@@H]2C1,CN1C[C@@H]2Cc3ccc(Cl)cc3[C@@H](c3ccccc3)[C@@H]2C1,losindole,1,False,21
1876,CN1CCC2=C(CC1)c1ccccc1Oc1ccccc12,CN1CCC2=C(CC1)c1ccccc1Oc1ccccc12,maroxepin,1,False,21
1877,CC(C)Oc1ccccc1N1CCN(Cc2cccc(C(=O)N3CCCCC3)c2)CC1.O=C(O)CCC(=O)O,CC(C)Oc1ccccc1N1CCN(Cc2cccc(C(=O)N3CCCCC3)c2)CC1.O=C(O)CCC(=O)O,mazapertine,1,False,39
1878,CN(C)CC(Oc1ccccc1)Oc1ccccc1,CN(C)CC(Oc1ccccc1)Oc1ccccc1,medifoxamine,1,False,19
1879,COc1ccc(CCN2CCN(c3cccc(Cl)c3)CC2)cc1OC,COc1ccc(CCN2CCN(c3cccc(Cl)c3)CC2)cc1OC,mefeclorazine,1,False,25
1880,CN1C(=O)CN=C(C2=CCCCC2)c2cc([N+](=O)[O-])ccc21,CN1C(=O)CN=C(C2=CCCCC2)c2cc([N+](=O)[O-])ccc21,menitrazepam,1,False,22
1881,CCC1(c2ccccc2)NC(=O)N(C)C1=O,CCC1(c2ccccc2)NC(=O)N(C)C1=O,mephenytoin,1,False,16
1882,CCC1(c2ccccc2)C(=O)NC(=O)N(C)C1=O,CCC1(c2ccccc2)C(=O)NC(=O)N(C)C1=O,mephobarbital(methylphenobarbital),1,False,18
1883,Cc1cc(CCN2CCN(c3cccc(Cl)c3)CC2)n[nH]1,Cc1cc(CCN2CCN(c3cccc(Cl)c3)CC2)n[nH]1,mepiprazole,1,False,21
1884,C[C@H]1C[C@H]2[C@@H]3CCC4=CC(=O)C=C[C@]4(C)[C@H]3C(=O)C[C@]2(C)[C@@]1(O)C(=O)CO,C[C@H]1C[C@H]2[C@@H]3CCC4=CC(=O)C=C[C@]4(C)[C@H]3C(=O)C[C@]2(C)[C@@]1(O)C(=O)CO,meprednisone,1,False,27
1885,COCC1CN=C(c2ccccc2Cl)c2cc(Br)ccc2N1C,COCC1CN=C(c2ccccc2Cl)c2cc(Br)ccc2N1C,metaclazepam,1,False,23
1886,CC(C(=O)c1ccccc1)N(C)C,CC(C(=O)c1ccccc1)N(C)C,metamfepramone,1,False,13
1887,CNC1Cc2ccccc2N(C)c2ccccc21,CNC1Cc2ccccc2N(C)c2ccccc21,metapramine,1,False,18
1888,Cc1cc(C)cc(OCC2CNC(=O)O2)c1,Cc1cc(C)cc(OCC2CNC(=O)O2)c1,metaxalone,1,False,16
1889,CC1C2Cc3ccc(O)cc3C1(C)CCN2C,CC1C2Cc3ccc(O)cc3C1(C)CCN2C,metazocine,1,False,17
1890,CCC1(c2ccccc2)C(=O)NC(=O)N1C,CCC1(c2ccccc2)C(=O)NC(=O)N1C,metetoin,1,False,16
1891,CCC(=O)C(CC(C)N(C)C)(c1ccccc1)c1ccccc1,CCC(=O)C(CC(C)N(C)C)(c1ccccc1)c1ccccc1,methadone,1,False,23
1892,CC1(C)NC(=O)C(/C=C/c2ccccc2)O1,CC1(C)NC(=O)C(/C=C/c2ccccc2)O1,methastyridone,1,False,16
1893,CSc1ccc2c(c1)N(CC(C)CN(C)C)c1ccccc1S2,CSc1ccc2c(c1)N(CC(C)CN(C)C)c1ccccc1S2,methiomeprazine(levometiomeprazine),1,False,23
1894,CN1C(=O)CC(C)(c2ccccc2)C1=O,CN1C(=O)CC(C)(c2ccccc2)C1=O,methsuximide(mesuximide),1,False,15
1895,C[C@H]1C[C@@H]2[C@H]([C@@H](O)C[C@@]3(C)[C@H]2CC[C@]3(O)C(=O)CO)[C@@]2(C)C=CC(=O)C=C12,C[C@H]1C[C@@H]2[C@H]([C@@H](O)C[C@@]3(C)[C@H]2CC[C@]3(O)C(=O)CO)[C@@]2(C)C=CC(=O)C=C12,Methylprednisolone,-1,True,27
1896,CC(=O)OCC(=O)[C@@]1(O)CC[C@H]2[C@@H]3C[C@H](C)C4=CC(=O)C=C[C@]4(C)[C@H]3[C@@H](O)C[C@@]21C,CC(=O)OCC(=O)[C@@]1(O)CC[C@H]2[C@@H]3C[C@H](C)C4=CC(=O)C=C[C@]4(C)[C@H]3[C@@H](O)C[C@@]21C,methylprednisolone-aceponate,1,False,30
1897,C[C@H]1C[C@@H]2[C@H]([C@@H](O)C[C@@]3(C)[C@H]2CC[C@]3(O)C(=O)COC(=O)CCC(=O)O)[C@@]2(C)C=CC(=O)C=C12,C[C@H]1C[C@@H]2[C@H]([C@@H](O)C[C@@]3(C)[C@H]2CC[C@]3(O)C(=O)COC(=O)CCC(=O)O)[C@@]2(C)C=CC(=O)C=C12,methylprednisolone-acetate,1,False,34
1898,CSc1ccc2c(c1)C(N1CCN(C)CC1)Cc1ccccc1S2,CSc1ccc2c(c1)C(N1CCN(C)CC1)Cc1ccccc1S2,metitepine(methiothepin),1,False,24
1899,COC(=O)c1cncn1C(C)c1ccccc1,COC(=O)c1cncn1C(C)c1ccccc1,metomidate,1,False,17
1900,CNCCCN1Cc2ccccc2Cc2ccccc21,CNCCCN1Cc2ccccc2Cc2ccccc21,mezepine,1,False,20
1901,Cc1ncc2n1-c1ccc(Cl)cc1C(c1ccccc1F)=NC2,Cc1ncc2n1-c1ccc(Cl)cc1C(c1ccccc1F)=NC2,Midazolam,1,False,23
1902,O=C(c1ccc(F)cc1)C1CCN(CCCn2c(=O)[nH]c3cc(Cl)ccc32)CC1,O=C(c1ccc(F)cc1)C1CCN(CCCn2c(=O)[nH]c3cc(Cl)ccc32)CC1,milenperone,1,False,29
1903,COc1cc2[nH]c(C)c(CCN3CCN(c4ccccc4OC)CC3)c2cc1OC,COc1cc2[nH]c(C)c(CCN3CCN(c4ccccc4OC)CC3)c2cc1OC,milipertine,1,False,30
1904,CCN(CC)C(=O)[C@]1(c2ccccc2)C[C@@H]1CN.[Cl-].[H+],CCN(CC)C(=O)[C@]1(c2ccccc2)C[C@@H]1CN.[Cl-].[H+],milnacipran,1,False,20
1905,COc1ccc2c(C3CCN(CCCC(=O)c4ccc(F)cc4)CC3)c(C)[nH]c2c1,COc1ccc2c(C3CCN(CCCC(=O)c4ccc(F)cc4)CC3)c(C)[nH]c2c1,mindoperone,1,False,30
1906,O=C(c1ccco1)N(c1cnccn1)C1CCN(CCc2ccccc2)CC1,O=C(c1ccco1)N(c1cnccn1)C1CCN(CCc2ccccc2)CC1,mirfentanil,1,False,28
1907,Cc1nccnc1N1CCCCC1,Cc1nccnc1N1CCCCC1,modaline,1,False,13
1908,NC/C(=C/F)CCc1ccc(F)cc1,NC/C(=C/F)CCc1ccc(F)cc1,mofegiline,1,False,14
1909,CCc1c(C)[nH]c2c1C(=O)C(CN1CCOCC1)CC2,CCc1c(C)[nH]c2c1C(=O)C(CN1CCOCC1)CC2,molindone,1,False,20
1910,CN(C)CC[C@]1(c2ccccc2)CCc2ccccc2C1=O,CN(C)CC[C@]1(c2ccccc2)CCc2ccccc2C1=O,nafenodone(dexnafenodone),1,False,22
1911,c1ccc(C2CCN(CC3CCCc4c3ccc3c4OCO3)C2)cc1,c1ccc(C2CCN(CC3CCCc4c3ccc3c4OCO3)C2)cc1,napitane,1,False,25
1912,CC1CN(C)CC2Cc3c(ccc4ccccc34)OC12O,CC1CN(C)CC2Cc3c(ccc4ccccc34)OC12O,naranol,1,False,21
1913,C=CCC1(CC(C)(C)C)C(=O)NC(=O)NC1=O,C=CCC1(CC(C)(C)C)C(=O)NC(=O)NC1=O,nealbarbital,1,False,17
1914,NCC1CC(=O)N(Cc2ccccc2)C1,NCC1CC(=O)N(Cc2ccccc2)C1,nebracetam,1,False,15
1915,CN1CCOC(c2ccccc2)c2ccccc2C1,CN1CCOC(c2ccccc2)c2ccccc2C1,nefopam,1,False,19
1916,CNc1cc(OC)c(C(=O)N[C@@H]2CCN(Cc3ccccc3)[C@@H]2C)cc1Cl,CNc1cc(OC)c(C(=O)N[C@@H]2CCN(Cc3ccccc3)[C@@H]2C)cc1Cl,nemonapride,1,False,27
1917,COc1cc2c(cc1OC)C(c1ccc(N)cc1)=NN=C(C)C2,COc1cc2c(cc1OC)C(c1ccc(N)cc1)=NN=C(C)C2,nerisopam,1,False,23
1918,COc1ccc2c3c1OC1C(OC(=O)c4cccnc4)CCC4C(C2)N(C)CCC341,COc1ccc2c3c1OC1C(OC(=O)c4cccnc4)CCC4C(C2)N(C)CCC341,nicodicodine,1,False,30
1919,O=C(CCCN1CC2CCC(CC2)C1)c1ccc(F)cc1,O=C(CCCN1CC2CCC(CC2)C1)c1ccc(F)cc1,nonaperone,1,False,21
1920,COc1ccc2c3c1OC1C(O)C=CC4C(C2)NCCC341,COc1ccc2c3c1OC1C(O)C=CC4C(C2)NCCC341,norcodeine,1,False,21
1921,CCC(=O)C(CCN(C)C)(c1ccccc1)c1ccccc1,CCC(=O)C(CCN(C)C)(c1ccccc1)c1ccccc1,normethadone,1,False,22
1922,COCC(=O)N(c1ccccc1F)C1CCN(CCc2ccccc2)CC1,COCC(=O)N(c1ccccc1F)C1CCN(CCc2ccccc2)CC1,ocfentanil,1,False,27
1923,CC(=O)O.CN1CCc2cc(Cl)c(O)cc2[C@@H](c2cccc3c2OCC3)C1,CC(=O)O.CN1CCc2cc(Cl)c(O)cc2[C@@H](c2cccc3c2OCC3)C1,odapipam,1,False,27
1924,Cc1cc2c(s1)=Nc1ccccc1NC=2N1CCN(C)CC1,Cc1cc2c(s1)=Nc1ccccc1NC=2N1CCN(C)CC1,olanzapine,1,False,22
1925,OCCN1CCN(CCCN2c3ccccc3C=Cc3ccccc32)CC1,OCCN1CCN(CCCN2c3ccccc3C=Cc3ccccc32)CC1,opipramol,1,False,27
1926,NC(=O)C1CCCCO1,NC(=O)C1CCCCO1,oxanamide,1,False,9
1927,C[C@@H]1CN2CC(=O)Nc3ccc(Cl)cc3[C@]2(c2ccccc2)O1,C[C@@H]1CN2CC(=O)Nc3ccc(Cl)cc3[C@]2(c2ccccc2)O1,oxazolam,1,False,23
1928,Oc1ccc2c(c1)[C@@]13CCCC[C@@]1(O)[C@@H](C2)N(CC1CC1)CC3,Oc1ccc2c(c1)[C@@]13CCCC[C@@]1(O)[C@@H](C2)N(CC1CC1)CC3,oxilorphan,1,False,23
1929,CC(CN(C)C)CN1c2ccccc2S(=O)(=O)c2ccccc21,CC(CN(C)C)CN1c2ccccc2S(=O)(=O)c2ccccc21,oxomemazine,1,False,23
1930,COc1cc2[nH]c(C)c(CCN3CCN(c4ccccc4)CC3)c2cc1OC,COc1cc2[nH]c(C)c(CCN3CCN(c4ccccc4)CC3)c2cc1OC,oxypertine,1,False,28
1931,COc1ccc2c(c1)N(CCC1CCCCN1C)c1ccccc1S2,COc1ccc2c(c1)N(CCC1CCCCN1C)c1ccccc1S2,oxyridazine,1,False,25
1932,CC(=O)Nc1ccc(O)cc1,CC(=O)Nc1ccc(O)cc1,acetaminophen,1,False,11
1933,CCC1(C)OC(=O)N(C)C1=O,CCC1(C)OC(=O)N(C)C1=O,paramethadione,1,False,11
1934,C[C@@H]1C[C@H]2[C@@H]3C[C@H](F)C4=CC(=O)C=C[C@]4(C)[C@H]3[C@@H](O)C[C@]2(C)[C@@]1(O)C(=O)CO,C[C@@H]1C[C@H]2[C@@H]3C[C@H](F)C4=CC(=O)C=C[C@]4(C)[C@H]3[C@@H](O)C[C@]2(C)[C@@]1(O)C(=O)CO,paramethasone,1,False,28
1935,CCC(=O)Nc1ccc(O)cc1,CCC(=O)Nc1ccc(O)cc1,parapropamol,1,False,12
1936,NC(=O)CN1C(=O)COc2ccccc21,NC(=O)CN1C(=O)COc2ccccc21,paraxazone,1,False,15
1937,Nc1nc(=O)c2ncn(CCC(CO)CO)c2[nH]1,Nc1nc(=O)c2ncn(CCC(CO)CO)c2[nH]1,penciclovir,1,False,18
1938,CC(C)CCNCC1COc2ccccc2O1,CC(C)CCNCC1COc2ccccc2O1,pentamoxane,1,False,17
1939,C1CCc2nnnn2CC1,C1CCc2nnnn2CC1,pentylenetetrazole(pentetrazol),1,False,10
1940,N#Cc1ccc2c(c1)N(CCCN1CCC(O)CC1)c1ccccc1S2,N#Cc1ccc2c(c1)N(CCCN1CCC(O)CC1)c1ccccc1S2,periciazine,1,False,26
1941,COc1ccc2c(c1)N(CC(C)CN1CCC(O)CC1)c1ccccc1S2,COc1ccc2c(c1)N(CC(C)CN1CCC(O)CC1)c1ccccc1S2,perimetazine,1,False,27
1942,OC(CN1CCCCC1)c1cc(-c2ccccc2)on1,OC(CN1CCCCC1)c1cc(-c2ccccc2)on1,perisoxal,1,False,20
1943,CC(=O)OC(c1ccccc1)C1CCCCN1,CC(=O)OC(c1ccccc1)C1CCCCN1,phacetoperane,1,False,17
1944,CC(C)(O)C(C)(O)c1ccc(Cl)cc1,CC(C)(O)C(C)(O)c1ccc(Cl)cc1,phenaglycodol,1,False,14
1945,C[C@H]1[C@H](c2ccccc2)OCCN1C,C[C@H]1[C@H](c2ccccc2)OCCN1C,phendimetrazine,1,False,14
1946,NNCCc1ccccc1.[Cl],NNCCc1ccccc1.[Cl],phenelzine,1,False,11
1947,CC(Cc1ccccc1)NN,CC(Cc1ccccc1)NN,pheniprazine,1,False,11
1948,Oc1ccc2c(c1)C13CCCCC1C(C2)N(CCc1ccccc1)CC3,Oc1ccc2c(c1)C13CCCCC1C(C2)N(CCc1ccccc1)CC3,phenomorphan,1,False,26
1949,CN1CCC(=C2c3ccccc3Sc3ccccc32)CC1,CN1CCC(=C2c3ccccc3Sc3ccccc32)CC1,pimethixene,1,False,21
1950,CCOC(=O)C1(c2ccccc2)CCN(CCCNc2ccccc2)CC1,CCOC(=O)C1(c2ccccc2)CCN(CCCNc2ccccc2)CC1,piminodine,1,False,27
1951,C#CCN1C(=O)CN=C(c2ccccc2)c2cc(Cl)ccc21,C#CCN1C(=O)CN=C(c2ccccc2)c2cc(Cl)ccc21,pinazepam,1,False,22
1952,CN(C)S(=O)(=O)c1ccc2c(c1)N(CCCN1CCC(CCO)CC1)c1ccccc1S2,CN(C)S(=O)(=O)c1ccc2c(c1)N(CCCN1CCC(CCO)CC1)c1ccccc1S2,pipotiazine,1,False,32
1953,OC(c1ccccc1)(c1ccccc1)C1CCCCN1,OC(c1ccccc1)(c1ccccc1)C1CCCCN1,pipradrol,1,False,20
1954,c1cnc(N2CCN(Cc3ccc4c(c3)OCO4)CC2)nc1,c1cnc(N2CCN(Cc3ccc4c(c3)OCO4)CC2)nc1,piribedil,1,False,22
1955,CN1CCC(=C2c3ccccc3CCc3sccc32)CC1,CN1CCC(=C2c3ccccc3CCc3sccc32)CC1,pizotifen,1,False,21
1956,CN(C)CCCN1c2ccccc2CCc2ccccc21,CN(C)CCCN1c2ccccc2CCc2ccccc21,imipramine,1,False,21
1957,CC(=O)OCC(=O)[C@@]1(O)CC[C@H]2[C@@H]3CCC4=CC(=O)C=C[C@]4(C)[C@H]3[C@@H](O)C[C@@]21C,CC(=O)OCC(=O)[C@@]1(O)CC[C@H]2[C@@H]3CCC4=CC(=O)C=C[C@]4(C)[C@H]3[C@@H](O)C[C@@]21C,prednisolone-acetate,1,False,29
1958,C[C@]12C=CC(=O)C=C1CC[C@@H]1[C@@H]2[C@@H](O)C[C@@]2(C)[C@H]1CC[C@]2(O)C(=O)COC(=O)CCC(=O)[O-].[Na+],C[C@]12C=CC(=O)C=C1CC[C@@H]1[C@@H]2[C@@H](O)C[C@@]2(C)[C@H]1CC[C@]2(O)C(=O)COC(=O)CCC(=O)[O-].[Na+],prednisolone-hemisuccinate,1,False,34
1959,CCCCC(=O)OC1(C(=O)CO)CCC2C3CCC4=CC(=O)C=CC4(C)C3C(O)CC21C,CCCCC(=O)OC1(C(=O)CO)CCC2C3CCC4=CC(=O)C=CC4(C)C3C(O)CC21C,prednival,1,False,32
1960,Cc1c2c(cn1C)NC(=O)CN=C2c1ccccc1,Cc1c2c(cn1C)NC(=O)CN=C2c1ccccc1,premazepam,1,False,19
1961,COc1ccc(C#N)cc1C(=O)NCCN1CCC(C(=O)c2ccc(F)cc2)CC1,COc1ccc(C#N)cc1C(=O)NCCN1CCC(C(=O)c2ccc(F)cc2)CC1,prideperone,1,False,30
1962,CCC(=O)OCC(=O)[C@@]12OC(C)(C)O[C@@H]1CC1C3C[C@H](F)C4=CC(=O)C=CC4(C)[C@@]3(F)C(O)CC12C,CCC(=O)OCC(=O)[C@@]12OC(C)(C)O[C@@H]1CC1C3C[C@H](F)C4=CC(=O)C=CC4(C)[C@@]3(F)C(O)CC12C,procinonide,1,False,36
1963,CCCNC(=O)N1CC(c2ccccc2)OC1=O,CCCNC(=O)N1CC(c2ccccc2)OC1=O,profexalone,1,False,18
1964,CC(CN1c2ccccc2Sc2ccccc21)N(C)C,CC(CN1c2ccccc2Sc2ccccc21)N(C)C,promethazine-HCl,1,False,20
1965,CCCOC(=O)c1cncn1C(C)c1ccccc1,CCCOC(=O)c1cncn1C(C)c1ccccc1,propoxate,1,False,19
1966,CCCN1CCCC1CNC(=O)c1cc(S(N)(=O)=O)ccc1OC,CCCN1CCCC1CNC(=O)c1cc(S(N)(=O)=O)ccc1OC,prosulpride,1,False,24
1967,CN(C)CCCN1c2ccccc2Sc2cccnc21,CN(C)CCCN1c2ccccc2Sc2cccnc21,prothipendyl,1,False,20
1968,CCC1(CC)C(=O)C=CNC1=O,CCC1(CC)C(=O)C=CNC1=O,pyrithyldione,1,False,12
1969,CCCC(C(=O)c1ccc(C)cc1)N1CCCC1,CCCC(C(=O)c1ccc(C)cc1)N1CCCC1,pyrovalerone,1,False,18
1970,c1ccc2c(c1)CCc1ccccc1N2C1CN2CCC1CC2,c1ccc2c(c1)CCc1ccccc1N2C1CN2CCC1CC2,quinupramine,1,False,23
1971,Cc1cccc(Cl)c1NC(=O)/C=C1\SCC(=O)N1C,Cc1cccc(Cl)c1NC(=O)/C=C1\SCC(=O)N1C,ralitoline,1,False,19
1972,Cc1[nH]nc2c1N(c1ccccc1)C(=O)CC(=O)N2C,Cc1[nH]nc2c1N(c1ccccc1)C(=O)CC(=O)N2C,razobazam,1,False,20
1973,CCOc1ccccc1O[C@@H](c1ccccc1)[C@@H]1CNCCO1,CCOc1ccccc1O[C@@H](c1ccccc1)[C@@H]1CNCCO1,reboxetine,1,False,23
1974,CCN1CCC[C@H]1CNC(=O)c1c(OC)ccc(Br)c1OC,CCN1CCC[C@H]1CNC(=O)c1c(OC)ccc(Br)c1OC,remoxipride,1,False,22
1975,O=C1c2ccccc2S(=O)(=O)N1CCCN1CCN(c2ncccn2)CC1,O=C1c2ccccc2S(=O)(=O)N1CCCN1CCN(c2ncccn2)CC1,revospirone,1,False,27
1976,CN1CCN(C2=Cc3cc(Cl)ccc3/C(=C\C#N)c3ccccc32)CC1,CN1CCN(C2=Cc3cc(Cl)ccc3/C(=C\C#N)c3ccccc32)CC1,rilapine,1,False,26
1977,Nc1nc2ccc(OC(F)(F)F)cc2s1.[Cl-].[H+],Nc1nc2ccc(OC(F)(F)F)cc2s1.[Cl-].[H+],riluzole,1,False,17
1978,COC(F)(F)C(F)Br,COC(F)(F)C(F)Br,roflurane,1,False,8
1979,COc1cc(C(=O)/C=C/N2CC=CC2)cc(OC)c1OC,COc1cc(C(=O)/C=C/N2CC=CC2)cc(OC)c1OC,roletamide,1,False,21
1980,O=C1CCC2CCC(=O)N12,O=C1CCC2CCC(=O)N12,rolziracetam,1,False,10
1981,Cc1cccc(/C=N/N2CCN(C(c3ccccc3)c3ccccc3)CC2)n1,Cc1cccc(/C=N/N2CCN(C(c3ccccc3)c3ccccc3)CC2)n1,ropizine,1,False,28
1982,NC(=O)c1cn(Cc2c(F)cccc2F)nn1,NC(=O)c1cn(Cc2c(F)cccc2F)nn1,rufinamide,1,False,17
1983,CN(c1nc2ccccc2s1)C1CCN(CC(O)COc2ccc(F)cc2)CC1,CN(c1nc2ccccc2s1)C1CCN(CC(O)COc2ccc(F)cc2)CC1,sabeluzole,1,False,29
1984,NCCC(Oc1ccc(C(F)(F)F)cc1)c1ccccc1,NCCC(Oc1ccc(C(F)(F)F)cc1)c1ccccc1,seproxetine,1,False,21
1985,Cc1nc2n(c(=O)c1CCN1CCC(C(=O)c3ccc(F)cc3)CC1)CCS2,Cc1nc2n(c(=O)c1CCN1CCC(C(=O)c3ccc(F)cc3)CC1)CCS2,setoperone,1,False,28
1986,CN1CCN(c2ncc(-c3cc(Cl)cc(Cl)c3Cl)c(N)n2)CC1,CN1CCN(c2ncc(-c3cc(Cl)cc(Cl)c3Cl)c(N)n2)CC1,sipatrigine,1,False,23
1987,Clc1ccc([C@@H]2[C@H]3CC[C@@H](C3)C23CCC(N2CCOCC2)=N3)cc1,Clc1ccc([C@@H]2[C@H]3CC[C@@H](C3)C23CCC(N2CCOCC2)=N3)cc1,spiclamine,1,False,24
1988,O=C1NCN(c2ccccc2)C12CCN(CC1COc3ccccc3O1)CC2,O=C1NCN(c2ccccc2)C12CCN(CC1COc3ccccc3O1)CC2,spiroxatrine,1,False,28
1989,CN1C(=S)CN=C(c2ccccc2)c2cc(Cl)ccc21,CN1C(=S)CN=C(c2ccccc2)c2cc(Cl)ccc21,sulazepam,1,False,20
1990,CCC(C)(S(=O)(=O)CC)S(=O)(=O)CC,CCC(C)(S(=O)(=O)CC)S(=O)(=O)CC,sulfonethylmethane,1,False,14
1991,CCN1CCCC1CNC(=O)c1cc(S(N)(=O)=O)ccc1OC,CCN1CCCC1CNC(=O)c1cc(S(N)(=O)=O)ccc1OC,sulpiride,1,False,23
1992,O=C1NCCCC1N1C(=O)c2ccccc2S1(=O)=O,O=C1NCCCC1N1C(=O)c2ccccc2S1(=O)=O,supidimide,1,False,19
1993,c1ccc2c(c1)CCc1cccc3c1C2CN1CCCCC31,c1ccc2c(c1)CCc1cccc3c1C2CN1CCCCC31,taclamine,1,False,22
1994,C=CCC1(C(C)CC)C(=O)NC(=O)NC1=O,C=CCC1(C(C)CC)C(=O)NC(=O)NC1=O,talbutal,1,False,16
1995,CN1CCN(C2=Nc3cscc3/C(=C/C#N)c3cscc32)CC1,CN1CCN(C2=Nc3cscc3/C(=C/C#N)c3cscc32)CC1,tenilapine,1,False,23
1996,O=C(O)/C=C\C(=O)O.c1csc(Cc2ccccc2OCC2CNCCO2)c1,O=C(O)/C=C\C(=O)O.c1csc(Cc2ccccc2OCC2CNCCO2)c1,teniloxazine,1,False,28
1997,CN1C(=O)CN=C(C2=CCCCC2)c2cc(Cl)ccc21,CN1C(=O)CN=C(C2=CCCCC2)c2cc(Cl)ccc21,tetrazepam,1,False,20
1998,CCCC(CC)C1(CC)C(=O)NC(=S)NC1=O,CCCC(CC)C1(CC)C(=O)NC(=S)NC1=O,thiotetrabarbital,1,False,17
1999,CCN(CC)CCNC(=O)c1cc(S(C)(=O)=O)ccc1OC,CCN(CC)CCNC(=O)c1cc(S(C)(=O)=O)ccc1OC,tiapride,1,False,22
2000,CCC(=O)O[C@]1(C(=O)SC)[C@H](C)CC2C3C[C@H](F)C4=CC(=O)C=CC4(C)[C@@]3(F)[C@@H](O)C[C@@]21C,CCC(=O)O[C@]1(C(=O)SC)[C@H](C)CC2C3C[C@H](F)C4=CC(=O)C=CC4(C)[C@@]3(F)[C@@H](O)C[C@@]21C,ticabesone(ticabesone-propionate),1,False,33
2001,CN(C)CCCN1c2ccccc2C=Cc2sccc21,CN(C)CCCN1c2ccccc2C=Cc2sccc21,tienopramine,1,False,20
2002,CCN1CCc2[nH]c3cc(F)c4scc(C)c4c3c2C1,CCN1CCc2[nH]c3cc(F)c4scc(C)c4c3c2C1,tiflucarbine,1,False,20
2003,CCNC1(c2cccs2)CCCCC1=O,CCNC1(c2cccs2)CCCCC1=O,tiletamine,1,False,15
2004,CSC(=O)C1(O)C(C)CC2C3CCC4=CC(=O)C=CC4(C)C3(F)C(O)CC21C,CSC(=O)C1(O)C(C)CC2C3CCC4=CC(=O)C=CC4(C)C3(F)C(O)CC21C,timobesone,1,False,28
2005,CCCC1(C)COB(c2ccc(C)cc2)OC1,CCCC1(C)COB(c2ccc(C)cc2)OC1,tolboxane,1,False,17
2006,Cc1cccc(N2CC(CO)OC2=O)c1,Cc1cccc(N2CC(CO)OC2=O)c1,toloxatone,1,False,15
2007,CNCC[C@@H](Oc1ccccc1C)c1ccccc1,CNCC[C@@H](Oc1ccccc1C)c1ccccc1,tomoxetine,1,False,19
2008,Cc1ccccc1N1CCN(CCCOc2ccccn2)CC1,Cc1ccccc1N1CCN(CCCOc2ccccn2)CC1,toprilidine,1,False,23
2009,COc1cc2c(cc1OC)[C@@H](c1ccccc1)CN(C)CC2,COc1cc2c(cc1OC)[C@@H](c1ccccc1)CN(C)CC2,trepipam(trimopam),1,False,22
2010,CC1(C)O[C@@H]2C[C@H]3[C@@H]4CCC5=CC(=O)C=C[C@]5(C)[C@@]4(F)[C@@H](O)C[C@]3(C)[C@]2(C(=O)CO)O1,CC1(C)O[C@@H]2C[C@H]3[C@@H]4CCC5=CC(=O)C=C[C@]5(C)[C@@]4(F)[C@@H](O)C[C@]3(C)[C@]2(C(=O)CO)O1,triamcinolone-acetonide,1,False,31
2011,CC(=O)OCC(=O)[C@@]1(O)[C@H](OC(C)=O)C[C@H]2[C@@H]3CCC4=CC(=O)C=C[C@]4(C)[C@@]3(F)[C@@H](O)C[C@@]21C,CC(=O)OCC(=O)[C@@]1(O)[C@H](OC(C)=O)C[C@H]2[C@@H]3CCC4=CC(=O)C=C[C@]4(C)[C@@]3(F)[C@@H](O)C[C@@]21C,triamcinolone-diacetate,1,False,34
2012,CC(C)(C)CC(=O)OCC(=O)[C@@]12OC(C)(C)O[C@@H]1C[C@H]1[C@@H]3CCC4=CC(=O)C=C[C@]4(C)[C@@]3(F)[C@@H](O)C[C@@]12C,CC(C)(C)CC(=O)OCC(=O)[C@@]12OC(C)(C)O[C@@H]1C[C@H]1[C@@H]3CCC4=CC(=O)C=C[C@]4(C)[C@@]3(F)[C@@H](O)C[C@@]12C,triamcinolone-hexacetonide,1,False,38
2013,O=C(Nc1ccc(O)cc1)C(Cl)(Cl)Cl,O=C(Nc1ccc(O)cc1)C(Cl)(Cl)Cl,triclacetamol,1,False,14
2014,CN1C(=O)CC(=O)N(c2ccccc2)c2cc(C(F)(F)F)ccc21,CN1C(=O)CC(=O)N(c2ccccc2)c2cc(C(F)(F)F)ccc21,triflubazam,1,False,24
2015,CC(CN(C)C)CN1c2ccccc2Sc2ccc(C(F)(F)F)cc21,CC(CN(C)C)CN1c2ccccc2Sc2ccc(C(F)(F)F)cc21,trifluomeprazine,1,False,25
2016,CN1CCN(CCCN2c3ccccc3Sc3ccc(C(F)(F)F)cc32)CC1,CN1CCN(CCCN2c3ccccc3Sc3ccc(C(F)(F)F)cc32)CC1,trifluroperazine,1,False,28
2017,CN1C(=O)OC(C)(C)C1=O,CN1C(=O)OC(C)(C)C1=O,trimethadione,1,False,10
2018,COc1cccc(C(=O)NC2C[C@H]3CC[C@@H](C2)N3Cc2ccccc2)c1OC,COc1cccc(C(=O)NC2C[C@H]3CC[C@@H](C2)N3Cc2ccccc2)c1OC,tropapride,1,False,28
2019,CN1c2ccccc2C(c2ccccc2Cl)=NCC1(Cl)CO,CN1c2ccccc2C(c2ccccc2Cl)=NCC1(Cl)CO,tuclazepam,1,False,22
2020,CC1CC2C3CC(F)C4=CC(=O)C=CC4(C)C3(F)C(O)CC2(C)C1(O)C(=O)CCl,CC1CC2C3CC(F)C4=CC(=O)C=CC4(C)C3(F)C(O)CC2(C)C1(O)C(=O)CCl,ulobetasol,1,False,29
2021,C=CCC(CC)(CC)C(N)=O,C=CCC(CC)(CC)C(N)=O,valdetamide,1,False,11
2022,CCC(C)C(CC)C(N)=O,CCC(C)C(CC)C(N)=O,valnoctamide,1,False,10
2023,CO[C@@H]1O[C@H]2O[C@@]3(CN4CCCCC4)[C@@H]1[C@H](C[C@@H]3O)[C@H]2C,CO[C@@H]1O[C@H]2O[C@@]3(CN4CCCCC4)[C@@H]1[C@H](C[C@@H]3O)[C@H]2C,valperinol,1,False,21
2024,CCCC(CCC)C(N)=O,CCCC(CCC)C(N)=O,valpromide,1,False,10
2025,CC/C=C(\C)C1(CC)C(=O)NC(=O)NC1=O,CC/C=C(\C)C1(CC)C(=O)NC(=O)NC1=O,vinbarbital,1,False,16
2026,C=CC1(C(C)CCC)C(=O)NC(=O)NC1=O,C=CC1(C(C)CCC)C(=O)NC(=O)NC1=O,vinylbital,1,False,16
2027,C=CC1CNCCC1CCCc1ccnc2ccc(OC)cc12,C=CC1CNCCC1CCCc1ccnc2ccc(OC)cc12,viqualine,1,False,23
2028,CCCCCCOc1nsnc1C1=CCCN(C)C1,CCCCCCOc1nsnc1C1=CCCN(C)C1,xanomeline,1,False,19
2029,CCN(C(C)=O)c1cccc(-c2ccnc3c(C#N)cnn23)c1,CCN(C(C)=O)c1cccc(-c2ccnc3c(C#N)cnn23)c1,zaleplon,1,False,23
2030,CN(C)C/C=C(/c1ccc(Br)cc1)c1cccnc1,CN(C)C/C=C(/c1ccc(Br)cc1)c1cccnc1,zimelidine,1,False,19
2031,Cc1nn(C)c2c1N(c1ccccc1)C(=O)CC(=O)N2C,Cc1nn(C)c2c1N(c1ccccc1)C(=O)CC(=O)N2C,zomebazam,1,False,21
2032,CC1=C2C(c3cccc(Cl)c3)=NCCN=C2N(C)N1,CC1=C2C(c3cccc(Cl)c3)=NCCN=C2N(C)N1,zometapine,1,False,19
2033,[N-]=[N+]=O,[N-]=[N+]=O,nitrous-oxide,1,False,3
2034,O=c1[nH]c2cc(Cl)c(Cl)c([N+](=O)[O-])c2[nH]c1=O,O=c1[nH]c2cc(Cl)c(Cl)c([N+](=O)[O-])c2[nH]c1=O,licostinel,1,False,17
2035,C[S+](CC[C@H](N)C(=O)[O-])C[C@H]1O[C@@H](n2cnc3c(N)ncnc32)[C@H](O)[C@@H]1O,C[S+](CC[C@H](N)C(=O)[O-])C[C@H]1O[C@@H](n2cnc3c(N)ncnc32)[C@H](O)[C@@H]1O,ademetionine(adenosyl-methionine),1,False,27
2036,CC(Cc1ccccc1)n1cc([N-]C(=O)Nc2ccccc2)[o+]n1,CC(Cc1ccccc1)n1cc([N-]C(=O)Nc2ccccc2)[o+]n1,mesocarb,1,False,24
2037,CCc1c(C)[n+]([NH-])c(-c2ccc(OC)c(OC)c2)c2cc(OC)c(OC)cc12,CCc1c(C)[n+]([NH-])c(-c2ccc(OC)c(OC)c2)c2cc(OC)c(OC)cc12,tofisoline,1,False,28
2038,[N-]=[N+]=NCC(=O)N[C@H](CO)[C@H](O)c1ccc([N+](=O)[O-])cc1,[N-]=[N+]=NCC(=O)N[C@H](CO)[C@H](O)c1ccc([N+](=O)[O-])cc1,azidamfenicol,1,False,21
